site_id,pft,parameter,response_var,coefficient_of_variation,elasticity,partial_variance,sensitivity,variance_explained,lat,lon,pecan_pft
139b0e8868923eb8,temperate.deciduous,leafC,AbvGrndWood,0.001901482640767582,4.249641461113264,0.038863172797548695,0.8627692617044573,3.8863172797548695,33.54674,-114.71593,grass
139b0e8868923eb8,grass,fracLeafFall,AbvGrndWood,0.0028934835982409968,-3.4341593642289157,0.04850788319041915,-34.36158280418181,4.850788319041915,33.54674,-114.71593,grass
139b0e8868923eb8,temperate.deciduous,AmaxFrac,AbvGrndWood,0.04852317301715081,2.40872179772897,0.03888053560312244,26.729088375692527,3.8880535603122444,33.54674,-114.71593,grass
139b0e8868923eb8,temperate.deciduous,fracLeafFall,AbvGrndWood,0.0029051396029618685,-0.7406959567360297,0.03687907605926272,-7.758423735729821,3.6879076059262723,33.54674,-114.71593,grass
139b0e8868923eb8,temperate.deciduous,leafGrowth,AbvGrndWood,0.47439143012718543,-0.6817534099355197,0.04016934761508263,-0.05630532551316872,4.016934761508264,33.54674,-114.71593,grass
139b0e8868923eb8,temperate.deciduous,root_turnover_rate,AbvGrndWood,1.2324634310283136,-0.6649737697016742,0.04272405797301129,-4.166977401092473,4.272405797301129,33.54674,-114.71593,grass
139b0e8868923eb8,grass,root_turnover_rate,AbvGrndWood,3.6831164382354347,-0.6534034273687149,0.060668385921166905,-33.738598281337815,6.066838592116691,33.54674,-114.71593,grass
139b0e8868923eb8,temperate.deciduous,GDD,AbvGrndWood,0.044743576113003856,-0.646726272022161,0.03892446145350455,-0.012488258207718872,3.892446145350455,33.54674,-114.71593,grass
139b0e8868923eb8,temperate.deciduous,veg_respiration_Q10,AbvGrndWood,0.11222092787454017,-0.5620796418638938,0.03887409012102789,-2.954685899641092,3.887409012102789,33.54674,-114.71593,grass
139b0e8868923eb8,temperate.deciduous,wueConst,AbvGrndWood,0.21332873211542983,-0.5513335882892741,0.040552469282536995,-0.4106391076899145,4.055246928253699,33.54674,-114.71593,grass
139b0e8868923eb8,grass,psnTOpt,AbvGrndWood,0.007592215788019588,0.5128199388032533,2.0256798611197027e-5,0.044713248630647476,0.002025679861119703,33.54674,-114.71593,grass
139b0e8868923eb8,temperate.deciduous,wood_turnover_rate,AbvGrndWood,0.22606905087321985,-0.5063319339922066,0.04103023196033699,-938.0420111595895,4.103023196033699,33.54674,-114.71593,grass
139b0e8868923eb8,grass,veg_respiration_Q10,AbvGrndWood,0.17334308627468153,-0.44748791718992753,0.0478497324173428,-2.202164298536532,4.7849732417342805,33.54674,-114.71593,grass
139b0e8868923eb8,grass,leaf_turnover_rate,AbvGrndWood,0.8808446906983906,-0.4013923167567953,0.05140703621761937,-3.392975043459117,5.140703621761937,33.54674,-114.71593,grass
139b0e8868923eb8,temperate.deciduous,root_allocation_fraction,AbvGrndWood,0.23700134304228354,-0.358389605948157,0.03906014517411366,-52.549640045060244,3.906014517411366,33.54674,-114.71593,grass
139b0e8868923eb8,grass,stem_respiration_rate,AbvGrndWood,0.5838660458481962,-0.3379646077075704,0.05729904166885569,-0.06479748128772167,5.72990416688557,33.54674,-114.71593,grass
139b0e8868923eb8,temperate.deciduous,growth_resp_factor,AbvGrndWood,0.5240498102204209,-0.3079412080435416,0.03788648095073434,-8.802544131422508,3.788648095073434,33.54674,-114.71593,grass
139b0e8868923eb8,temperate.deciduous,Amax,AbvGrndWood,0.23889915367635475,0.28025569459483474,0.03911525931118608,0.41748631744371956,3.911525931118608,33.54674,-114.71593,grass
139b0e8868923eb8,temperate.deciduous,leaf_allocation_fraction,AbvGrndWood,0.11310585475501,-0.24721897040611582,0.039032632566703494,-13.216952262251823,3.9032632566703493,33.54674,-114.71593,grass
139b0e8868923eb8,grass,growth_resp_factor,AbvGrndWood,0.4121372404528765,-0.19455333243856146,0.04883161416506307,-4.940417296892825,4.883161416506308,33.54674,-114.71593,grass
139b0e8868923eb8,grass,leafGrowth,AbvGrndWood,0.5821266051341962,-0.1563202046451459,0.04970672171857905,-0.012063168461788717,4.970672171857906,33.54674,-114.71593,grass
139b0e8868923eb8,temperate.deciduous,wood_allocation_fraction,AbvGrndWood,0.22557627473097958,-0.14422695941157684,0.0387788115851947,-3.4852488258636356,3.8778811585194704,33.54674,-114.71593,grass
139b0e8868923eb8,grass,SLA,AbvGrndWood,0.5002905583119089,-0.11666361913826111,0.05278572761386313,-0.10543375153527612,5.278572761386314,33.54674,-114.71593,grass
139b0e8868923eb8,grass,leafC,AbvGrndWood,0.08247397100078632,0.08097072157164577,0.05176157860120064,0.015165411264236983,5.176157860120065,33.54674,-114.71593,grass
139b0e8868923eb8,grass,Amax,AbvGrndWood,0.0925322802259662,-0.07975310293133604,0.05128976593445727,-0.10375662215469994,5.128976593445728,33.54674,-114.71593,grass
139b0e8868923eb8,grass,leaf_respiration_rate_m2,AbvGrndWood,0.3840637491809258,-0.07552479091939077,0.04889122701299923,-3.2322485139176536,4.889122701299923,33.54674,-114.71593,grass
139b0e8868923eb8,grass,fine_root_respiration_Q10,AbvGrndWood,0.32777992094136,-0.05048082573805269,0.047043699695234704,-0.165663680118449,4.704369969523471,33.54674,-114.71593,grass
139b0e8868923eb8,temperate.deciduous,dVpdExp,AbvGrndWood,0.19225189014032568,0.04442701578490807,0.03694737199436932,0.30659824128337476,3.6947371994369322,33.54674,-114.71593,grass
139b0e8868923eb8,grass,half_saturation_PAR,AbvGrndWood,0.423676362529568,0.04383983864919002,0.04781220420346809,0.028118915030543756,4.781220420346809,33.54674,-114.71593,grass
139b0e8868923eb8,grass,Vm_low_temp,AbvGrndWood,0.0036882133453327802,-0.03767545661092758,6.158502571835634e-9,-0.0017038484987966433,6.158502571835636e-7,33.54674,-114.71593,grass
139b0e8868923eb8,temperate.deciduous,leafWHC,AbvGrndWood,0.29037619461217085,-0.037409411461258445,0.03691795725350749,-1.9563870635018077,3.6917957253507487,33.54674,-114.71593,grass
139b0e8868923eb8,temperate.deciduous,half_saturation_PAR,AbvGrndWood,0.4347845456434499,-0.03479128504090806,0.03689727085501865,-0.023622781945984883,3.6897270855018647,33.54674,-114.71593,grass
139b0e8868923eb8,grass,AmaxFrac,AbvGrndWood,0.11524047806471809,-0.0320618119438436,0.04793153499210282,-0.43249739617412786,4.793153499210283,33.54674,-114.71593,grass
139b0e8868923eb8,grass,dVpdExp,AbvGrndWood,0.29059941459660293,-0.03189641305485758,0.04783627200988151,-0.1599011763732232,4.7836272009881515,33.54674,-114.71593,grass
139b0e8868923eb8,temperate.deciduous,leaf_respiration_rate_m2,AbvGrndWood,0.21091401741282062,-0.031818910641483296,0.03851281507664487,-0.4602627696652988,3.851281507664487,33.54674,-114.71593,grass
139b0e8868923eb8,temperate.deciduous,leaf_turnover_rate,AbvGrndWood,0.19225231233445972,0.03179860203467046,0.03674487281275713,0.43842250652893,3.674487281275713,33.54674,-114.71593,grass
139b0e8868923eb8,grass,coarse_root_respiration_Q10,AbvGrndWood,0.3264722939727177,-0.030289463082096804,0.04745588054917667,-0.09892483370979566,4.7455880549176674,33.54674,-114.71593,grass
139b0e8868923eb8,temperate.deciduous,SLA,AbvGrndWood,0.064055337486117,0.026984307552126517,0.03893373428645905,0.0168063905845095,3.893373428645905,33.54674,-114.71593,grass
139b0e8868923eb8,temperate.deciduous,fine_root_respiration_Q10,AbvGrndWood,0.3237854117070182,0.025717735631561867,0.03693731539243093,0.0831146384372703,3.6937315392430934,33.54674,-114.71593,grass
139b0e8868923eb8,temperate.deciduous,extinction_coefficient,AbvGrndWood,0.13848825996617425,0.024490720842497635,0.03680616697762606,0.5132882784733539,3.6806166977626056,33.54674,-114.71593,grass
139b0e8868923eb8,temperate.deciduous,stem_respiration_rate,AbvGrndWood,0.5711292346636633,0.01771690950277461,0.0370954164984572,0.00368268376668468,3.7095416498457197,33.54674,-114.71593,grass
139b0e8868923eb8,grass,extinction_coefficient,AbvGrndWood,0.13867003326405747,0.017146828363695642,0.0482680078326645,0.3433524529061458,4.826800783266451,33.54674,-114.71593,grass
139b0e8868923eb8,temperate.deciduous,coarse_root_respiration_Q10,AbvGrndWood,0.3278886980598058,-0.016075576516851625,0.0372450901636216,-0.05267759175250486,3.72450901636216,33.54674,-114.71593,grass
139b0e8868923eb8,grass,GDD,AbvGrndWood,0.4655665225024222,-0.014228756483262568,0.046819492203159695,-3.0193927489543734e-4,4.68194922031597,33.54674,-114.71593,grass
139b0e8868923eb8,temperate.deciduous,root_respiration_rate,AbvGrndWood,0.10964326006402972,0.012028273900136926,0.03912884057155906,0.013163199277980375,3.9128840571559063,33.54674,-114.71593,grass
139b0e8868923eb8,grass,root_respiration_rate,AbvGrndWood,1.1917426938281932,0.01123600229659314,0.04951947245377532,0.004811842136819899,4.951947245377532,33.54674,-114.71593,grass
139b0e8868923eb8,temperate.deciduous,dVPDSlope,AbvGrndWood,0.5746719617679705,-0.0010727665152225352,0.03706237566418212,-0.22117789481998784,3.706237566418212,33.54674,-114.71593,grass
139b0e8868923eb8,grass,dVPDSlope,AbvGrndWood,0.5376789264257191,-9.599172779364839e-4,0.048294458641856566,-0.07413214794334522,4.829445864185657,33.54674,-114.71593,grass
139b0e8868923eb8,temperate.deciduous,Vm_low_temp,AbvGrndWood,0.014776850424612655,0,0,0,0,33.54674,-114.71593,grass
139b0e8868923eb8,temperate.deciduous,psnTOpt,AbvGrndWood,0.03377170479011718,0,0,0,0,33.54674,-114.71593,grass
139b0e8868923eb8,temperate.deciduous,leafC,NPP,0.001901482640767582,3.1955355637664766,0.038835563440239675,-2.7034007847121172e-9,3.8835563440239675,33.54674,-114.71593,grass
139b0e8868923eb8,grass,fracLeafFall,NPP,0.0028934835982409968,-2.7497824264070228,0.04709251608577017,1.0935330138097432e-7,4.709251608577017,33.54674,-114.71593,grass
139b0e8868923eb8,grass,psnTOpt,NPP,0.007592215788019588,2.197759013789724,1.1464405556309545e-4,3.414010498629609e-10,0.011464405556309544,33.54674,-114.71593,grass
139b0e8868923eb8,temperate.deciduous,AmaxFrac,NPP,0.04852317301715081,1.8153269236734857,0.03885291391084773,-8.375291250725994e-8,3.8852913910847735,33.54674,-114.71593,grass
139b0e8868923eb8,grass,veg_respiration_Q10,NPP,0.17334308627468153,0.6059334604078296,0.05262322139036948,-1.1936010932213477e-8,5.2623221390369475,33.54674,-114.71593,grass
139b0e8868923eb8,temperate.deciduous,fracLeafFall,NPP,0.0029051396029618685,-0.5699854984910205,0.036852876253254833,2.4310241157484718e-8,3.685287625325483,33.54674,-114.71593,grass
139b0e8868923eb8,grass,stem_respiration_rate,NPP,0.5838660458481962,0.5695703765827765,0.06456304448881628,-3.574439359350602e-10,6.456304448881628,33.54674,-114.71593,grass
139b0e8868923eb8,grass,root_turnover_rate,NPP,3.6831164382354347,-0.545857676198764,0.06704592935777308,1.1286844915201818e-7,6.704592935777308,33.54674,-114.71593,grass
139b0e8868923eb8,temperate.deciduous,leafGrowth,NPP,0.47439143012718543,-0.5122173085878303,0.040140810318939776,1.7642707955897614e-10,4.014081031893977,33.54674,-114.71593,grass
139b0e8868923eb8,temperate.deciduous,root_turnover_rate,NPP,1.2324634310283136,-0.5021268936169564,0.042693705747566056,1.3056804960501575e-8,4.269370574756605,33.54674,-114.71593,grass
139b0e8868923eb8,grass,coarse_root_respiration_Q10,NPP,0.3264722939727177,0.5010308318250077,0.05184308419530089,-5.975967058176022e-9,5.1843084195300895,33.54674,-114.71593,grass
139b0e8868923eb8,temperate.deciduous,GDD,NPP,0.044743576113003856,-0.48872570464723264,0.03889680855522141,3.91307021899901e-11,3.889680855522141,33.54674,-114.71593,grass
139b0e8868923eb8,temperate.deciduous,veg_respiration_Q10,NPP,0.11222092787454017,-0.42324812414888696,0.03884647300778277,9.258211359880067e-9,3.8846473007782767,33.54674,-114.71593,grass
139b0e8868923eb8,temperate.deciduous,wueConst,NPP,0.21332873211542983,-0.40986607616053905,0.04121990124054531,1.2919212057540278e-9,4.1219901240545305,33.54674,-114.71593,grass
139b0e8868923eb8,temperate.deciduous,wood_turnover_rate,NPP,0.22606905087321985,-0.36757538292531855,0.04100723510809328,2.8795534458637135e-6,4.100723510809328,33.54674,-114.71593,grass
139b0e8868923eb8,grass,leaf_turnover_rate,NPP,0.8808446906983906,-0.3491739104465437,0.051013463713551456,1.2493008043256948e-8,5.101346371355145,33.54674,-114.71593,grass
139b0e8868923eb8,temperate.deciduous,root_allocation_fraction,NPP,0.23700134304228354,-0.27035915360614904,0.03903239588276599,1.646590165411095e-7,3.903239588276599,33.54674,-114.71593,grass
139b0e8868923eb8,grass,leafC,NPP,0.08247397100078632,-0.22475433808904247,0.04993779260174935,1.775290299104601e-10,4.993779260174936,33.54674,-114.71593,grass
139b0e8868923eb8,temperate.deciduous,growth_resp_factor,NPP,0.5240498102204209,-0.2197232460550259,0.03786759667421023,2.7581887497172184e-8,3.7867596674210233,33.54674,-114.71593,grass
139b0e8868923eb8,grass,leaf_respiration_rate_m2,NPP,0.3840637491809258,0.21409357656675992,0.048255648190952745,-3.6833418861526055e-8,4.825564819095274,33.54674,-114.71593,grass
139b0e8868923eb8,temperate.deciduous,Amax,NPP,0.23889915367635475,0.2108558515928349,0.039087470865394915,-1.3081514238861913e-9,3.9087470865394915,33.54674,-114.71593,grass
139b0e8868923eb8,grass,SLA,NPP,0.5002905583119089,0.19973810771512043,0.0532575706203781,-7.489832145990006e-10,5.32575706203781,33.54674,-114.71593,grass
139b0e8868923eb8,temperate.deciduous,leaf_allocation_fraction,NPP,0.11310585475501,-0.18614451060643825,0.03900490282099128,4.1413991785805776e-8,3.9004902820991285,33.54674,-114.71593,grass
139b0e8868923eb8,grass,leafGrowth,NPP,0.5821266051341962,0.16418766395068798,0.04952931160890971,-5.2228525666176115e-11,4.95293116089097,33.54674,-114.71593,grass
139b0e8868923eb8,grass,growth_resp_factor,NPP,0.4121372404528765,-0.14750781647754585,0.046543184950462085,1.5480301153566647e-8,4.654318495046208,33.54674,-114.71593,grass
139b0e8868923eb8,temperate.deciduous,wood_allocation_fraction,NPP,0.22557627473097958,-0.10890794355379269,0.038751262160173425,1.0920676974679077e-8,3.8751262160173425,33.54674,-114.71593,grass
139b0e8868923eb8,grass,Vm_low_temp,NPP,0.0036882133453327802,0.08412526400335221,5.858386860263891e-8,-1.6866334081552825e-11,5.858386860263891e-6,33.54674,-114.71593,grass
139b0e8868923eb8,grass,root_respiration_rate,NPP,1.1917426938281932,0.07470385437219058,0.04990778174330791,-1.2593708728829096e-10,4.99077817433079,33.54674,-114.71593,grass
139b0e8868923eb8,grass,Amax,NPP,0.0925322802259662,-0.06186803820069377,0.04878936270843627,3.3767169866800994e-10,4.878936270843627,33.54674,-114.71593,grass
139b0e8868923eb8,grass,half_saturation_PAR,NPP,0.423676362529568,0.03494758972728416,0.04557327086943351,-9.20471001152484e-11,4.557327086943351,33.54674,-114.71593,grass
139b0e8868923eb8,temperate.deciduous,dVpdExp,NPP,0.19225189014032568,0.0341521301600881,0.036921123669243223,-9.606947800149589e-10,3.6921123669243223,33.54674,-114.71593,grass
139b0e8868923eb8,temperate.deciduous,leafWHC,NPP,0.29037619461217085,-0.028761618428061696,0.03689172982533941,6.1301422725965916e-9,3.6891729825339414,33.54674,-114.71593,grass
139b0e8868923eb8,temperate.deciduous,half_saturation_PAR,NPP,0.4347845456434499,-0.026756246877700847,0.03687105812297871,7.401961345226335e-11,3.687105812297871,33.54674,-114.71593,grass
139b0e8868923eb8,grass,AmaxFrac,NPP,0.11524047806471809,-0.026699491605783263,0.045604849866453204,1.473876612116516e-9,4.560484986645321,33.54674,-114.71593,grass
139b0e8868923eb8,temperate.deciduous,leaf_turnover_rate,NPP,0.19225231233445972,0.024435661205491673,0.03671876834804843,-1.3737528685760755e-9,3.6718768348048427,33.54674,-114.71593,grass
139b0e8868923eb8,temperate.deciduous,leaf_respiration_rate_m2,NPP,0.21091401741282062,-0.023980229386540812,0.038485454622109505,1.442187138457816e-9,3.8485454622109505,33.54674,-114.71593,grass
139b0e8868923eb8,grass,dVpdExp,NPP,0.29059941459660293,-0.02211351747783249,0.045640787569242586,4.540829571900535e-10,4.564078756924259,33.54674,-114.71593,grass
139b0e8868923eb8,temperate.deciduous,SLA,NPP,0.064055337486117,0.020287349604341632,0.038906074800526456,-5.2661136077776935e-11,3.890607480052646,33.54674,-114.71593,grass
139b0e8868923eb8,temperate.deciduous,fine_root_respiration_Q10,NPP,0.3237854117070182,0.01976470838596511,0.0369110742117631,-2.604313676271739e-10,3.6911074211763104,33.54674,-114.71593,grass
139b0e8868923eb8,temperate.deciduous,extinction_coefficient,NPP,0.13848825996617425,0.018871339547467794,0.03678001896802956,-1.6083372419493251e-9,3.6780018968029555,33.54674,-114.71593,grass
139b0e8868923eb8,temperate.deciduous,stem_respiration_rate,NPP,0.5711292346636633,0.013653666806727256,0.037069062998860855,-1.1539319522155559e-11,3.7069062998860853,33.54674,-114.71593,grass
139b0e8868923eb8,grass,extinction_coefficient,NPP,0.13867003326405747,0.013075400466954787,0.046006010530091124,-1.0759121330275311e-9,4.600601053009113,33.54674,-114.71593,grass
139b0e8868923eb8,temperate.deciduous,coarse_root_respiration_Q10,NPP,0.3278886980598058,-0.012378925145894224,0.037218630332158754,1.6505994035893888e-10,3.7218630332158753,33.54674,-114.71593,grass
139b0e8868923eb8,grass,GDD,NPP,0.4655665225024222,-0.010971484736196637,0.04462535843137154,9.460963770025333e-13,4.462535843137154,33.54674,-114.71593,grass
139b0e8868923eb8,grass,fine_root_respiration_Q10,NPP,0.32777992094136,-0.010931093851117582,0.046054610803313994,1.4034360281312242e-10,4.605461080331399,33.54674,-114.71593,grass
139b0e8868923eb8,temperate.deciduous,root_respiration_rate,NPP,0.10964326006402972,0.009054424301657494,0.03910104247730527,-4.124556221105017e-11,3.910104247730527,33.54674,-114.71593,grass
139b0e8868923eb8,grass,dVPDSlope,NPP,0.5376789264257191,8.79525597374912e-4,0.04597849763488486,-2.7948494302897207e-10,4.597849763488486,33.54674,-114.71593,grass
139b0e8868923eb8,temperate.deciduous,dVPDSlope,NPP,0.5746719617679705,-8.240499215723234e-4,0.03703604563761007,6.930387079810512e-10,3.703604563761007,33.54674,-114.71593,grass
139b0e8868923eb8,temperate.deciduous,Vm_low_temp,NPP,0.014776850424612655,-0,0,0,0,33.54674,-114.71593,grass
139b0e8868923eb8,temperate.deciduous,psnTOpt,NPP,0.03377170479011718,-0,0,0,0,33.54674,-114.71593,grass
139b0e8868923eb8,temperate.deciduous,leafC,TotSoilCarb,0.001901482640767582,3.0169296580826144,0.0388123252556623,0.6699383882133532,3.88123252556623,33.54674,-114.71593,grass
139b0e8868923eb8,grass,fracLeafFall,TotSoilCarb,0.0028934835982409968,-2.5503164488463708,0.04888461541992876,-27.50293911851577,4.888461541992876,33.54674,-114.71593,grass
139b0e8868923eb8,temperate.deciduous,AmaxFrac,TotSoilCarb,0.04852317301715081,1.7145182418780234,0.03882966534420293,20.75507691297169,3.882966534420293,33.54674,-114.71593,grass
139b0e8868923eb8,temperate.deciduous,fracLeafFall,TotSoilCarb,0.0029051396029618685,-0.5402669733918425,0.03683082445679003,-6.024398553933906,3.683082445679003,33.54674,-114.71593,grass
139b0e8868923eb8,temperate.deciduous,leafGrowth,TotSoilCarb,0.47439143012718543,-0.4835195742250967,0.040116791108797185,-0.04372095842589488,4.011679110879719,33.54674,-114.71593,grass
139b0e8868923eb8,temperate.deciduous,root_turnover_rate,TotSoilCarb,1.2324634310283136,-0.47439897098769634,0.04266815895162526,-3.235648565288876,4.266815895162527,33.54674,-114.71593,grass
139b0e8868923eb8,temperate.deciduous,GDD,TotSoilCarb,0.044743576113003856,-0.46179861320527665,0.038873533723170414,-0.009697104366865245,3.8873533723170413,33.54674,-114.71593,grass
139b0e8868923eb8,temperate.deciduous,veg_respiration_Q10,TotSoilCarb,0.11222092787454017,-0.3996863386516163,0.03882322829520576,-2.2943069452564124,3.8823228295205756,33.54674,-114.71593,grass
139b0e8868923eb8,temperate.deciduous,wueConst,TotSoilCarb,0.21332873211542983,-0.387119033804448,0.04120061386373429,-0.32087123987682853,4.120061386373429,33.54674,-114.71593,grass
139b0e8868923eb8,grass,root_turnover_rate,TotSoilCarb,3.6831164382354347,-0.370227293644668,0.062288351126425216,-18.892446872859615,6.228835112642521,33.54674,-114.71593,grass
139b0e8868923eb8,temperate.deciduous,wood_turnover_rate,TotSoilCarb,0.22606905087321985,-0.3093110382572686,0.04053684209645588,-639.5732533606324,4.0536842096455885,33.54674,-114.71593,grass
139b0e8868923eb8,grass,leaf_turnover_rate,TotSoilCarb,0.8808446906983906,-0.28467451210095435,0.05072168751835012,-2.766758188109427,5.0721687518350125,33.54674,-114.71593,grass
139b0e8868923eb8,temperate.deciduous,root_allocation_fraction,TotSoilCarb,0.23700134304228354,-0.2553873022641094,0.039009039918807414,-40.80467712007942,3.9009039918807416,33.54674,-114.71593,grass
139b0e8868923eb8,temperate.deciduous,growth_resp_factor,TotSoilCarb,0.5240498102204209,-0.20804607052968202,0.03888378934143846,-6.835155689172211,3.888378934143846,33.54674,-114.71593,grass
139b0e8868923eb8,temperate.deciduous,Amax,TotSoilCarb,0.23889915367635475,0.19908926325782242,0.03906408194600842,0.3241771850527324,3.906408194600842,33.54674,-114.71593,grass
139b0e8868923eb8,temperate.deciduous,leaf_allocation_fraction,TotSoilCarb,0.11310585475501,-0.17578006357993287,0.03898156330816121,-10.262933658731782,3.898156330816121,33.54674,-114.71593,grass
139b0e8868923eb8,grass,growth_resp_factor,TotSoilCarb,0.4121372404528765,-0.139459126831145,0.04920101265715548,-3.836222902103728,4.920101265715548,33.54674,-114.71593,grass
139b0e8868923eb8,temperate.deciduous,wood_allocation_fraction,TotSoilCarb,0.22557627473097958,-0.10289411084986781,0.038728074419275324,-2.7062878623061124,3.8728074419275322,33.54674,-114.71593,grass
139b0e8868923eb8,grass,Vm_low_temp,TotSoilCarb,0.0036882133453327802,-0.08851006485826646,5.295607137975383e-8,-0.0038650490651246793,5.295607137975383e-6,33.54674,-114.71593,grass
139b0e8868923eb8,grass,coarse_root_respiration_Q10,TotSoilCarb,0.3264722939727177,-0.08091174914658493,0.04875427474054659,-0.27102970347373745,4.875427474054659,33.54674,-114.71593,grass
139b0e8868923eb8,grass,veg_respiration_Q10,TotSoilCarb,0.17334308627468153,-0.05944616270858272,0.04794826575382374,-0.32141584349844976,4.794826575382374,33.54674,-114.71593,grass
139b0e8868923eb8,grass,Amax,TotSoilCarb,0.0925322802259662,-0.054704962636509875,0.05167773050471517,-0.07867628443973373,5.167773050471517,33.54674,-114.71593,grass
139b0e8868923eb8,grass,psnTOpt,TotSoilCarb,0.007592215788019588,0.04943821012610295,9.230944467128395e-8,0.0023349501236078,9.230944467128395e-6,33.54674,-114.71593,grass
139b0e8868923eb8,grass,fine_root_respiration_Q10,TotSoilCarb,0.32777992094136,-0.044723934404639794,0.04846076298869722,-0.151550165535832,4.846076298869722,33.54674,-114.71593,grass
139b0e8868923eb8,grass,leafGrowth,TotSoilCarb,0.5821266051341962,0.03569994792361089,0.04856109730302574,0.0030476796918011972,4.856109730302574,33.54674,-114.71593,grass
139b0e8868923eb8,temperate.deciduous,dVpdExp,TotSoilCarb,0.19225189014032568,0.0323655928183255,0.036899031035311176,0.238072843704062,3.6899031035311176,33.54674,-114.71593,grass
139b0e8868923eb8,grass,half_saturation_PAR,TotSoilCarb,0.423676362529568,0.030984033632521606,0.0481906972281078,0.02138386255804392,4.81906972281078,33.54674,-114.71593,grass
139b0e8868923eb8,grass,stem_respiration_rate,TotSoilCarb,0.5838660458481962,-0.027967323263380164,0.04848313233425728,-0.00613160124858475,4.848313233425728,33.54674,-114.71593,grass
139b0e8868923eb8,temperate.deciduous,leafWHC,TotSoilCarb,0.29037619461217085,-0.027257739329694143,0.03686965477991413,-1.5191301477924384,3.686965477991413,33.54674,-114.71593,grass
139b0e8868923eb8,temperate.deciduous,half_saturation_PAR,TotSoilCarb,0.4347845456434499,-0.025358465892139682,0.036848995446959,-0.018343036967663595,3.6848995446959,33.54674,-114.71593,grass
139b0e8868923eb8,grass,dVpdExp,TotSoilCarb,0.29059941459660293,-0.02503427082590359,0.04821968479350631,-0.1352519613919556,4.821968479350631,33.54674,-114.71593,grass
139b0e8868923eb8,temperate.deciduous,leaf_turnover_rate,TotSoilCarb,0.19225231233445972,0.023155970687476542,0.03669679679824359,0.34043408871590586,3.6696796798243594,33.54674,-114.71593,grass
139b0e8868923eb8,temperate.deciduous,leaf_respiration_rate_m2,TotSoilCarb,0.21091401741282062,-0.022648558393309842,0.03846242593348422,-0.35739300384324935,3.846242593348422,33.54674,-114.71593,grass
139b0e8868923eb8,grass,leafC,TotSoilCarb,0.08247397100078632,-0.022324786354266435,0.05217718373796661,-0.004651646663694997,5.217718373796662,33.54674,-114.71593,grass
139b0e8868923eb8,grass,AmaxFrac,TotSoilCarb,0.11524047806471809,-0.021985100607830373,0.04829456389357297,-0.3183114845715238,4.829456389357297,33.54674,-114.71593,grass
139b0e8868923eb8,temperate.deciduous,SLA,TotSoilCarb,0.064055337486117,0.01915286472201929,0.03888279442379685,0.013050124430287191,3.888279442379685,33.54674,-114.71593,grass
139b0e8868923eb8,temperate.deciduous,fine_root_respiration_Q10,TotSoilCarb,0.3237854117070182,0.018729946649604565,0.03688898759116336,0.06453832951999017,3.688898759116336,33.54674,-114.71593,grass
139b0e8868923eb8,grass,leaf_respiration_rate_m2,TotSoilCarb,0.3840637491809258,0.01790810963049323,0.04861968668315705,0.8327438697084872,4.861968668315705,33.54674,-114.71593,grass
139b0e8868923eb8,temperate.deciduous,extinction_coefficient,TotSoilCarb,0.13848825996617425,0.01789154834039343,0.03675801076745707,0.39856719198584045,3.675801076745707,33.54674,-114.71593,grass
139b0e8868923eb8,temperate.deciduous,stem_respiration_rate,TotSoilCarb,0.5711292346636633,0.01294508750039878,0.03704688184190652,0.002859595649105734,3.704688184190652,33.54674,-114.71593,grass
139b0e8868923eb8,grass,extinction_coefficient,TotSoilCarb,0.13867003326405747,0.01237081235058779,0.04863314683275915,0.2665555854113677,4.863314683275915,33.54674,-114.71593,grass
139b0e8868923eb8,temperate.deciduous,coarse_root_respiration_Q10,TotSoilCarb,0.3278886980598058,-0.011734875842938794,0.03719635967802736,-0.040904031332682056,3.719635967802736,33.54674,-114.71593,grass
139b0e8868923eb8,grass,GDD,TotSoilCarb,0.4655665225024222,-0.010403092442340467,0.04717366951464314,-2.344551667987603e-4,4.717366951464315,33.54674,-114.71593,grass
139b0e8868923eb8,temperate.deciduous,root_respiration_rate,TotSoilCarb,0.10964326006402972,0.008549907333590937,0.03907764543702147,0.010221194587530569,3.9077645437021467,33.54674,-114.71593,grass
139b0e8868923eb8,grass,root_respiration_rate,TotSoilCarb,1.1917426938281932,-0.006952381653205972,0.05280903751815364,-0.0031173956245982293,5.280903751815364,33.54674,-114.71593,grass
139b0e8868923eb8,grass,SLA,TotSoilCarb,0.5002905583119089,-0.0029458093160595698,0.052206647063934006,-0.0029740182970741103,5.220664706393401,33.54674,-114.71593,grass
139b0e8868923eb8,grass,dVPDSlope,TotSoilCarb,0.5376789264257191,-0.002074079450453375,0.048694607121757945,-0.17270787804532262,4.869460712175795,33.54674,-114.71593,grass
139b0e8868923eb8,temperate.deciduous,dVPDSlope,TotSoilCarb,0.5746719617679705,-7.80842186749394e-4,0.03701388423738043,-0.17174413709568626,3.701388423738043,33.54674,-114.71593,grass
139b0e8868923eb8,temperate.deciduous,Vm_low_temp,TotSoilCarb,0.014776850424612655,0,0,0,0,33.54674,-114.71593,grass
139b0e8868923eb8,temperate.deciduous,psnTOpt,TotSoilCarb,0.03377170479011718,0,0,0,0,33.54674,-114.71593,grass
3f80ff62fe2838ad,temperate.deciduous,leafC,AbvGrndWood,0.001901482640767582,4.082171627981507,0.03864434814177514,0.9475429605970476,3.864434814177514,38.86665,-121.40978,grass
3f80ff62fe2838ad,grass,fracLeafFall,AbvGrndWood,0.0028934835982409968,-3.3825859940870466,0.048262655744097493,-38.60813523972479,4.826265574409749,38.86665,-121.40978,grass
3f80ff62fe2838ad,temperate.deciduous,AmaxFrac,AbvGrndWood,0.04852317301715081,2.314625108874279,0.038661613183587476,29.355426366870034,3.8661613183587478,38.86665,-121.40978,grass
3f80ff62fe2838ad,temperate.deciduous,fracLeafFall,AbvGrndWood,0.0029051396029618685,-0.7140973739457099,0.036671423144099186,-8.520748388273205,3.6671423144099187,38.86665,-121.40978,grass
3f80ff62fe2838ad,temperate.deciduous,leafGrowth,AbvGrndWood,0.47439143012718543,-0.6547995448174799,0.03994316835508477,-0.06183775570391668,3.994316835508477,38.86665,-121.40978,grass
3f80ff62fe2838ad,grass,root_turnover_rate,AbvGrndWood,3.6831164382354347,-0.6458836517545543,0.06897955413809846,-37.05430701499118,6.8979554138098464,38.86665,-121.40978,grass
3f80ff62fe2838ad,temperate.deciduous,root_turnover_rate,AbvGrndWood,1.2324634310283136,-0.6391926108398526,0.04248349405076294,-4.576414898662337,4.2483494050762936,38.86665,-121.40978,grass
3f80ff62fe2838ad,temperate.deciduous,GDD,AbvGrndWood,0.044743576113003856,-0.6217286285010452,0.0387052917031832,-0.013715325383133359,3.8705291703183202,38.86665,-121.40978,grass
3f80ff62fe2838ad,temperate.deciduous,veg_respiration_Q10,AbvGrndWood,0.11222092787454017,-0.5400488155213209,0.03865520399370221,-3.245006456824065,3.865520399370221,38.86665,-121.40978,grass
3f80ff62fe2838ad,temperate.deciduous,wueConst,AbvGrndWood,0.21332873211542983,-0.521256166115617,0.04030817139884589,-0.4443568928709283,4.030817139884589,38.86665,-121.40978,grass
3f80ff62fe2838ad,temperate.deciduous,wood_turnover_rate,AbvGrndWood,0.22606905087321985,-0.48642800618269455,0.040798577014988964,-1032.6225093161875,4.079857701498897,38.86665,-121.40978,grass
3f80ff62fe2838ad,grass,leaf_turnover_rate,AbvGrndWood,0.8808446906983906,-0.3931384186907866,0.05096773254357761,-3.8094587421575596,5.09677325435776,38.86665,-121.40978,grass
3f80ff62fe2838ad,grass,psnTOpt,AbvGrndWood,0.007592215788019588,0.3715793949631134,7.010256844653487e-6,0.028964295797374275,7.010256844653487e-4,38.86665,-121.40978,grass
3f80ff62fe2838ad,temperate.deciduous,root_allocation_fraction,AbvGrndWood,0.23700134304228354,-0.36038280656032945,0.040929526219919,-57.713045573828595,4.0929526219919,38.86665,-121.40978,grass
3f80ff62fe2838ad,temperate.deciduous,growth_resp_factor,AbvGrndWood,0.5240498102204209,-0.29464229264984887,0.03783533077581614,-9.667461623049178,3.7835330775816143,38.86665,-121.40978,grass
3f80ff62fe2838ad,temperate.deciduous,Amax,AbvGrndWood,0.23889915367635475,0.2692349970952648,0.0388950152462238,0.4585075509735681,3.8895015246223803,38.86665,-121.40978,grass
3f80ff62fe2838ad,grass,Vm_low_temp,AbvGrndWood,0.0036882133453327802,-0.2635739119033579,2.1403770747274023e-7,-0.011060728888132464,2.1403770747274023e-5,38.86665,-121.40978,grass
3f80ff62fe2838ad,temperate.deciduous,leaf_allocation_fraction,AbvGrndWood,0.11310585475501,-0.24976567446706696,0.04064906057552232,-14.519209405392417,4.064906057552232,38.86665,-121.40978,grass
3f80ff62fe2838ad,grass,stem_respiration_rate,AbvGrndWood,0.5838660458481962,-0.22115097085396038,0.05208431937540087,-0.049933202388508346,5.2084319375400865,38.86665,-121.40978,grass
3f80ff62fe2838ad,grass,growth_resp_factor,AbvGrndWood,0.4121372404528765,-0.18713078172894498,0.048575713952263885,-5.425851197844715,4.857571395226389,38.86665,-121.40978,grass
3f80ff62fe2838ad,temperate.deciduous,wood_allocation_fraction,AbvGrndWood,0.22557627473097958,-0.14557721352910005,0.04011999810045496,-3.8215565103489837,4.011999810045496,38.86665,-121.40978,grass
3f80ff62fe2838ad,grass,veg_respiration_Q10,AbvGrndWood,0.17334308627468153,-0.13306657500164207,0.04767893262839068,-0.7245915959486879,4.767893262839068,38.86665,-121.40978,grass
3f80ff62fe2838ad,grass,leafGrowth,AbvGrndWood,0.5821266051341962,-0.09645493207445945,0.048076207456804354,-0.008599434942959186,4.807620745680436,38.86665,-121.40978,grass
3f80ff62fe2838ad,grass,Amax,AbvGrndWood,0.0925322802259662,-0.06809364824713711,0.05101608332487137,-0.10141467658347558,5.101608332487137,38.86665,-121.40978,grass
3f80ff62fe2838ad,grass,SLA,AbvGrndWood,0.5002905583119089,-0.05744510360806916,0.05161643614759217,-0.05986417650158393,5.161643614759217,38.86665,-121.40978,grass
3f80ff62fe2838ad,grass,fine_root_respiration_Q10,AbvGrndWood,0.32777992094136,-0.05063224613112338,0.0478518243810828,-0.1819458333104107,4.78518243810828,38.86665,-121.40978,grass
3f80ff62fe2838ad,temperate.deciduous,dVpdExp,AbvGrndWood,0.19225189014032568,0.042824663876184985,0.03673933452917,0.33672387062743425,3.673933452917,38.86665,-121.40978,grass
3f80ff62fe2838ad,grass,half_saturation_PAR,AbvGrndWood,0.423676362529568,0.03903882639588946,0.0475905151969175,0.028561127926940877,4.7590515196917504,38.86665,-121.40978,grass
3f80ff62fe2838ad,temperate.deciduous,leafWHC,AbvGrndWood,0.29037619461217085,-0.03606096397300479,0.03671008541221585,-2.14861710135807,3.671008541221585,38.86665,-121.40978,grass
3f80ff62fe2838ad,grass,dVpdExp,AbvGrndWood,0.29059941459660293,-0.03477321809615339,0.047543723381861254,-0.19891394511863503,4.754372338186125,38.86665,-121.40978,grass
3f80ff62fe2838ad,temperate.deciduous,half_saturation_PAR,AbvGrndWood,0.4347845456434499,-0.03353868194653523,0.036689515491453925,-0.025943901499709154,3.6689515491453926,38.86665,-121.40978,grass
3f80ff62fe2838ad,grass,leaf_respiration_rate_m2,AbvGrndWood,0.3840637491809258,-0.03156413008824306,0.048295871171245446,-1.5481974990990324,4.829587117124545,38.86665,-121.40978,grass
3f80ff62fe2838ad,temperate.deciduous,leaf_turnover_rate,AbvGrndWood,0.19225231233445972,0.030650018219946937,0.036537975548177594,0.48150088125312607,3.6537975548177593,38.86665,-121.40978,grass
3f80ff62fe2838ad,temperate.deciduous,leaf_respiration_rate_m2,AbvGrndWood,0.21091401741282062,-0.030575903260625124,0.038295963160155204,-0.5054871177951696,3.8295963160155204,38.86665,-121.40978,grass
3f80ff62fe2838ad,grass,coarse_root_respiration_Q10,AbvGrndWood,0.3264722939727177,-0.0302556291921931,0.048214013751619426,-0.10767788947499035,4.821401375161942,38.86665,-121.40978,grass
3f80ff62fe2838ad,temperate.deciduous,SLA,AbvGrndWood,0.064055337486117,0.025920176884828665,0.0387145123241248,0.01845774739347572,3.8714512324124803,38.86665,-121.40978,grass
3f80ff62fe2838ad,temperate.deciduous,fine_root_respiration_Q10,AbvGrndWood,0.3237854117070182,0.024789166744796278,0.036729334552367925,0.09128128929653734,3.6729334552367923,38.86665,-121.40978,grass
3f80ff62fe2838ad,grass,leafC,AbvGrndWood,0.08247397100078632,0.024069544025008945,0.051513401970941924,0.005172274513594699,5.151340197094193,38.86665,-121.40978,grass
3f80ff62fe2838ad,temperate.deciduous,extinction_coefficient,AbvGrndWood,0.13848825996617425,0.023616141034558828,0.03659892458748001,0.5637227896408348,3.6598924587480006,38.86665,-121.40978,grass
3f80ff62fe2838ad,grass,AmaxFrac,AbvGrndWood,0.11524047806471809,-0.023237397725884762,0.04767657032707353,-0.35732405918969334,4.767657032707353,38.86665,-121.40978,grass
3f80ff62fe2838ad,temperate.deciduous,stem_respiration_rate,AbvGrndWood,0.5711292346636633,0.017084595353965018,0.036886545447492376,0.00404453569930549,3.688654544749238,38.86665,-121.40978,grass
3f80ff62fe2838ad,grass,extinction_coefficient,AbvGrndWood,0.13867003326405747,0.016488288217610697,0.04801508327557574,0.37665173527653906,4.801508327557574,38.86665,-121.40978,grass
3f80ff62fe2838ad,temperate.deciduous,coarse_root_respiration_Q10,AbvGrndWood,0.3278886980598058,-0.015499924692188914,0.03703537635366669,-0.057853569270283955,3.703537635366669,38.86665,-121.40978,grass
3f80ff62fe2838ad,grass,GDD,AbvGrndWood,0.4655665225024222,-0.013722099657391238,0.046574136438809186,-3.316071250495656e-4,4.657413643880918,38.86665,-121.40978,grass
3f80ff62fe2838ad,temperate.deciduous,root_respiration_rate,AbvGrndWood,0.10964326006402972,0.011556233461731283,0.03890852003536677,0.014456584591512112,3.8908520035366765,38.86665,-121.40978,grass
3f80ff62fe2838ad,grass,root_respiration_rate,AbvGrndWood,1.1917426938281932,0.01129341322279726,0.051464056228178054,0.005293152721108474,5.146405622817805,38.86665,-121.40978,grass
3f80ff62fe2838ad,grass,dVPDSlope,AbvGrndWood,0.5376789264257191,-0.004421964157738743,0.04799594427104608,-0.38965948728355215,4.799594427104608,38.86665,-121.40978,grass
3f80ff62fe2838ad,temperate.deciduous,dVPDSlope,AbvGrndWood,0.5746719617679705,-0.0010339552568390344,0.03685369065436284,-0.24291031980246203,3.6853690654362845,38.86665,-121.40978,grass
3f80ff62fe2838ad,temperate.deciduous,Vm_low_temp,AbvGrndWood,0.014776850424612655,0,0,0,0,38.86665,-121.40978,grass
3f80ff62fe2838ad,temperate.deciduous,psnTOpt,AbvGrndWood,0.03377170479011718,0,0,0,0,38.86665,-121.40978,grass
3f80ff62fe2838ad,temperate.deciduous,leafC,NPP,0.001901482640767582,3.256697205231051,0.03861574077018315,-1.7130358627051526e-9,3.861574077018315,38.86665,-121.40978,grass
3f80ff62fe2838ad,grass,fracLeafFall,NPP,0.0028934835982409968,-2.545260005363218,0.04613052858862233,6.288542594237945e-8,4.613052858862233,38.86665,-121.40978,grass
3f80ff62fe2838ad,grass,psnTOpt,NPP,0.007592215788019588,2.0329467443228606,1.2633072537114598e-4,2.291579631239561e-10,0.012633072537114598,38.86665,-121.40978,grass
3f80ff62fe2838ad,temperate.deciduous,AmaxFrac,NPP,0.04852317301715081,1.8498300765587077,0.03863299303114938,-5.307083712569869e-8,3.863299303114938,38.86665,-121.40978,grass
3f80ff62fe2838ad,grass,stem_respiration_rate,NPP,0.5838660458481962,0.7965205003324268,0.07880717577505124,-2.8846177172418616e-10,7.8807175775051235,38.86665,-121.40978,grass
3f80ff62fe2838ad,temperate.deciduous,fracLeafFall,NPP,0.0029051396029618685,-0.5801082599284496,0.03664427627582128,1.5404417713157405e-8,3.664427627582128,38.86665,-121.40978,grass
3f80ff62fe2838ad,grass,root_turnover_rate,NPP,3.6831164382354347,-0.5470489929049909,0.06564909518421788,7.050907129944121e-8,6.564909518421788,38.86665,-121.40978,grass
3f80ff62fe2838ad,temperate.deciduous,leafGrowth,NPP,0.47439143012718543,-0.5220464092899934,0.039913599501820565,1.1179471284685757e-10,3.9913599501820567,38.86665,-121.40978,grass
3f80ff62fe2838ad,grass,coarse_root_respiration_Q10,NPP,0.3264722939727177,0.5139121775959233,0.056771665432127146,-3.866566500597309e-9,5.6771665432127145,38.86665,-121.40978,grass
3f80ff62fe2838ad,temperate.deciduous,root_turnover_rate,NPP,1.2324634310283136,-0.5116129620830545,0.04245204466270812,8.273569822192494e-9,4.2452044662708115,38.86665,-121.40978,grass
3f80ff62fe2838ad,temperate.deciduous,GDD,NPP,0.044743576113003856,-0.49793617092143905,0.03867663921671177,2.479554513831583e-11,3.867663921671177,38.86665,-121.40978,grass
3f80ff62fe2838ad,temperate.deciduous,wueConst,NPP,0.21332873211542983,-0.4445263690234919,0.04112352277346096,8.703364063220597e-10,4.112352277346096,38.86665,-121.40978,grass
3f80ff62fe2838ad,temperate.deciduous,veg_respiration_Q10,NPP,0.11222092787454017,-0.43131403853829375,0.038626588585815004,5.866554516690964e-9,3.8626588585815003,38.86665,-121.40978,grass
3f80ff62fe2838ad,grass,Vm_low_temp,NPP,0.0036882133453327802,0.4108327440924781,3.2575478478737397e-6,-8.042081189493475e-11,3.2575478478737396e-4,38.86665,-121.40978,grass
3f80ff62fe2838ad,temperate.deciduous,wood_turnover_rate,NPP,0.22606905087321985,-0.3771371588501143,0.04077341313406428,1.8350855884991686e-6,4.0773413134064285,38.86665,-121.40978,grass
3f80ff62fe2838ad,grass,leaf_turnover_rate,NPP,0.8808446906983906,-0.3553761127403955,0.04997378659792638,7.902808092472898e-9,4.997378659792638,38.86665,-121.40978,grass
3f80ff62fe2838ad,temperate.deciduous,root_allocation_fraction,NPP,0.23700134304228354,-0.2856011249465375,0.04089915403468998,1.0434325369940081e-7,4.089915403468998,38.86665,-121.40978,grass
3f80ff62fe2838ad,grass,leaf_respiration_rate_m2,NPP,0.3840637491809258,0.2281876103646115,0.0475832924626043,-2.4377254842979738e-8,4.7583292462604305,38.86665,-121.40978,grass
3f80ff62fe2838ad,temperate.deciduous,growth_resp_factor,NPP,0.5240498102204209,-0.2253583357160933,0.03788587120174,1.747752782752342e-8,3.7885871201740002,38.86665,-121.40978,grass
3f80ff62fe2838ad,grass,leafC,NPP,0.08247397100078632,-0.2151099526574877,0.04903209101291217,1.055780151604928e-10,4.903209101291218,38.86665,-121.40978,grass
3f80ff62fe2838ad,temperate.deciduous,Amax,NPP,0.23889915367635475,0.21488468495347302,0.03886622231251606,-8.289227093660409e-10,3.886622231251606,38.86665,-121.40978,grass
3f80ff62fe2838ad,temperate.deciduous,leaf_allocation_fraction,NPP,0.11310585475501,-0.19774245520684827,0.040430980162185104,2.621088687794198e-8,4.043098016218511,38.86665,-121.40978,grass
3f80ff62fe2838ad,grass,SLA,NPP,0.5002905583119089,0.184815683039725,0.05269709312719252,-4.323810670012115e-10,5.269709312719252,38.86665,-121.40978,grass
3f80ff62fe2838ad,grass,veg_respiration_Q10,NPP,0.17334308627468153,0.15942931194506452,0.04681981967882159,-2.1011379690374892e-9,4.681981967882159,38.86665,-121.40978,grass
3f80ff62fe2838ad,grass,growth_resp_factor,NPP,0.4121372404528765,-0.15025880830703847,0.04570728074335018,9.809241453023958e-9,4.570728074335018,38.86665,-121.40978,grass
3f80ff62fe2838ad,grass,leafGrowth,NPP,0.5821266051341962,0.14502702340958845,0.0488601783749798,-2.89050772978635e-11,4.88601783749798,38.86665,-121.40978,grass
3f80ff62fe2838ad,temperate.deciduous,wood_allocation_fraction,NPP,0.22557627473097958,-0.11548152405847763,0.040089856072861904,6.918000197757586e-9,4.00898560728619,38.86665,-121.40978,grass
3f80ff62fe2838ad,grass,Amax,NPP,0.0925322802259662,-0.08761752358612727,0.0479725851532813,2.97131108869917e-10,4.797258515328131,38.86665,-121.40978,grass
3f80ff62fe2838ad,grass,root_respiration_rate,NPP,1.1917426938281932,0.060345462586078265,0.04931701351044151,-6.372853203796361e-11,4.9317013510441505,38.86665,-121.40978,grass
3f80ff62fe2838ad,grass,fine_root_respiration_Q10,NPP,0.32777992094136,-0.05609104562517024,0.04553713192445779,4.5083047469294593e-10,4.5537131924457785,38.86665,-121.40978,grass
3f80ff62fe2838ad,grass,AmaxFrac,NPP,0.11524047806471809,-0.049811332835649924,0.044853123437302654,1.7102951648623551e-9,4.485312343730265,38.86665,-121.40978,grass
3f80ff62fe2838ad,grass,half_saturation_PAR,NPP,0.423676362529568,0.045409952783226216,0.04472204948908386,-7.433884807546113e-11,4.472204948908385,38.86665,-121.40978,grass
3f80ff62fe2838ad,temperate.deciduous,dVpdExp,NPP,0.19225189014032568,0.0347608108883672,0.03671213738792019,-6.087534710301976e-10,3.671213738792019,38.86665,-121.40978,grass
3f80ff62fe2838ad,temperate.deciduous,leafWHC,NPP,0.29037619461217085,-0.029273979318306605,0.03668290992330067,3.884423506802003e-9,3.6682909923300673,38.86665,-121.40978,grass
3f80ff62fe2838ad,temperate.deciduous,half_saturation_PAR,NPP,0.4347845456434499,-0.027232429631714097,0.036662355229897865,4.6903238729659103e-11,3.6662355229897865,38.86665,-121.40978,grass
3f80ff62fe2838ad,temperate.deciduous,leaf_turnover_rate,NPP,0.19225231233445972,0.024871693277559503,0.03651092746756588,-8.704916946362103e-10,3.651092746756588,38.86665,-121.40978,grass
3f80ff62fe2838ad,temperate.deciduous,leaf_respiration_rate_m2,NPP,0.21091401741282062,-0.024436012077027988,0.03826761368859532,9.13855726787284e-10,3.8267613688595317,38.86665,-121.40978,grass
3f80ff62fe2838ad,temperate.deciduous,SLA,NPP,0.064055337486117,0.020675857293280666,0.03868585301187568,-3.336923447761545e-11,3.868585301187568,38.86665,-121.40978,grass
3f80ff62fe2838ad,temperate.deciduous,fine_root_respiration_Q10,NPP,0.3237854117070182,0.02011727740372395,0.036702144813832,-1.6502483651021347e-10,3.6702144813832,38.86665,-121.40978,grass
3f80ff62fe2838ad,temperate.deciduous,extinction_coefficient,NPP,0.13848825996617425,0.019204973659271433,0.03657183138793371,-1.0191383350792608e-9,3.6571831387933713,38.86665,-121.40978,grass
3f80ff62fe2838ad,temperate.deciduous,stem_respiration_rate,NPP,0.5711292346636633,0.013894941243069513,0.036859239329958965,-7.312000604738682e-12,3.6859239329958964,38.86665,-121.40978,grass
3f80ff62fe2838ad,grass,extinction_coefficient,NPP,0.13867003326405747,0.013415945161077324,0.045138900844669504,-6.844074659490676e-10,4.513890084466951,38.86665,-121.40978,grass
3f80ff62fe2838ad,temperate.deciduous,coarse_root_respiration_Q10,NPP,0.3278886980598058,-0.012598267531515753,0.03700796006061624,1.04591815956341e-10,3.700796006061624,38.86665,-121.40978,grass
3f80ff62fe2838ad,grass,dVPDSlope,NPP,0.5376789264257191,0.012387791226756184,0.04543209616110916,-2.4471034886607966e-9,4.543209616110916,38.86665,-121.40978,grass
3f80ff62fe2838ad,grass,GDD,NPP,0.4655665225024222,-0.011165000156525714,0.04382389791902451,5.995030528014529e-13,4.382389791902451,38.86665,-121.40978,grass
3f80ff62fe2838ad,temperate.deciduous,root_respiration_rate,NPP,0.10964326006402972,0.009227148424771982,0.03887971710442684,-2.613564649552767e-11,3.8879717104426845,38.86665,-121.40978,grass
3f80ff62fe2838ad,grass,dVpdExp,NPP,0.29059941459660293,-0.008265107281387359,0.04504160630960511,1.0551197233860158e-10,4.504160630960511,38.86665,-121.40978,grass
3f80ff62fe2838ad,temperate.deciduous,dVPDSlope,NPP,0.5746719617679705,-8.387735233763281e-4,0.036826408858349154,4.391506312079031e-10,3.6826408858349153,38.86665,-121.40978,grass
3f80ff62fe2838ad,temperate.deciduous,Vm_low_temp,NPP,0.014776850424612655,-0,0,0,0,38.86665,-121.40978,grass
3f80ff62fe2838ad,temperate.deciduous,psnTOpt,NPP,0.03377170479011718,-0,0,0,0,38.86665,-121.40978,grass
3f80ff62fe2838ad,temperate.deciduous,leafC,TotSoilCarb,0.001901482640767582,3.0875100580909844,0.03871080495134727,0.4962292399241619,3.8710804951347275,38.86665,-121.40978,grass
3f80ff62fe2838ad,grass,Vm_low_temp,TotSoilCarb,0.0036882133453327802,-2.9926133511999047,4.271651198980595e-6,-0.025719211600449227,4.271651198980595e-4,38.86665,-121.40978,grass
3f80ff62fe2838ad,grass,fracLeafFall,TotSoilCarb,0.0028934835982409968,-2.5795132634978954,0.048857936652887436,-20.150957055527897,4.885793665288744,38.86665,-121.40978,grass
3f80ff62fe2838ad,temperate.deciduous,AmaxFrac,TotSoilCarb,0.04852317301715081,1.75436440126708,0.038728099683907447,15.373467504315315,3.8728099683907447,38.86665,-121.40978,grass
3f80ff62fe2838ad,temperate.deciduous,fracLeafFall,TotSoilCarb,0.0029051396029618685,-0.5520391535944905,0.036734487108218486,-4.462324846604815,3.6734487108218485,38.86665,-121.40978,grass
3f80ff62fe2838ad,temperate.deciduous,leafGrowth,TotSoilCarb,0.47439143012718543,-0.4948591963221691,0.04001185874994777,-0.03238449736594014,4.001185874994777,38.86665,-121.40978,grass
3f80ff62fe2838ad,temperate.deciduous,root_turnover_rate,TotSoilCarb,1.2324634310283136,-0.4853610349968572,0.042556553051880844,-2.3966732709510774,4.2556553051880845,38.86665,-121.40978,grass
3f80ff62fe2838ad,temperate.deciduous,GDD,TotSoilCarb,0.044743576113003856,-0.47244492112431324,0.03877185331759355,-0.00718273025414734,3.877185331759355,38.86665,-121.40978,grass
3f80ff62fe2838ad,temperate.deciduous,wueConst,TotSoilCarb,0.21332873211542983,-0.4159696129533067,0.04111368155484746,-0.2493004503773768,4.111368155484746,38.86665,-121.40978,grass
3f80ff62fe2838ad,temperate.deciduous,veg_respiration_Q10,TotSoilCarb,0.11222092787454017,-0.40899867451620064,0.038721679472117757,-1.6994132768440942,3.872167947211776,38.86665,-121.40978,grass
3f80ff62fe2838ad,grass,root_turnover_rate,TotSoilCarb,3.6831164382354347,-0.3785708706602652,0.059751847828167226,-13.896833621029113,5.975184782816722,38.86665,-121.40978,grass
3f80ff62fe2838ad,temperate.deciduous,wood_turnover_rate,TotSoilCarb,0.22606905087321985,-0.3131655327936173,0.04044976571171375,-468.16439081028966,4.044976571171375,38.86665,-121.40978,grass
3f80ff62fe2838ad,grass,leaf_turnover_rate,TotSoilCarb,0.8808446906983906,-0.31298940682640686,0.054660652467199346,-2.049379389125819,5.466065246719935,38.86665,-121.40978,grass
3f80ff62fe2838ad,temperate.deciduous,root_allocation_fraction,TotSoilCarb,0.23700134304228354,-0.27159061939840096,0.04027858656930825,-30.223782888411364,4.0278586569308255,38.86665,-121.40978,grass
3f80ff62fe2838ad,temperate.deciduous,growth_resp_factor,TotSoilCarb,0.5240498102204209,-0.2115671032977977,0.03652599721432884,-5.062859767517949,3.6525997214328836,38.86665,-121.40978,grass
3f80ff62fe2838ad,temperate.deciduous,Amax,TotSoilCarb,0.23889915367635475,0.20373937562142166,0.03896190312882025,0.2401208842032201,3.896190312882025,38.86665,-121.40978,grass
3f80ff62fe2838ad,temperate.deciduous,leaf_allocation_fraction,TotSoilCarb,0.11310585475501,-0.18722908911180808,0.04053085099754851,-7.598546144970356,4.053085099754851,38.86665,-121.40978,grass
3f80ff62fe2838ad,grass,growth_resp_factor,TotSoilCarb,0.4121372404528765,-0.14264246335479594,0.0491749310785952,-2.8415239496386775,4.91749310785952,38.86665,-121.40978,grass
3f80ff62fe2838ad,temperate.deciduous,wood_allocation_fraction,TotSoilCarb,0.22557627473097958,-0.10938167116029517,0.040435909349806176,-2.0048044763757673,4.043590934980617,38.86665,-121.40978,grass
3f80ff62fe2838ad,grass,psnTOpt,TotSoilCarb,0.007592215788019588,0.06821302744525734,1.7661690133233053e-7,0.002392948198981349,1.766169013323305e-5,38.86665,-121.40978,grass
3f80ff62fe2838ad,grass,leafGrowth,TotSoilCarb,0.5821266051341962,0.062134363371715025,0.04807533144046498,0.003819013097955175,4.807533144046499,38.86665,-121.40978,grass
3f80ff62fe2838ad,grass,veg_respiration_Q10,TotSoilCarb,0.17334308627468153,-0.05915907771618551,0.04889905497504891,-0.22355091124180682,4.88990549750489,38.86665,-121.40978,grass
3f80ff62fe2838ad,grass,coarse_root_respiration_Q10,TotSoilCarb,0.3264722939727177,-0.053950573022911716,0.04870205835483715,-0.1310473687816338,4.870205835483715,38.86665,-121.40978,grass
3f80ff62fe2838ad,grass,dVpdExp,TotSoilCarb,0.29059941459660293,-0.045412316258203043,0.04808322117791578,-0.1774672938045807,4.808322117791578,38.86665,-121.40978,grass
3f80ff62fe2838ad,grass,leafC,TotSoilCarb,0.08247397100078632,-0.0436938801130451,0.05217446945132743,-0.006584647634915952,5.2174469451327425,38.86665,-121.40978,grass
3f80ff62fe2838ad,grass,fine_root_respiration_Q10,TotSoilCarb,0.32777992094136,-0.03642706316667594,0.04835989481249637,-0.08886375425441839,4.835989481249637,38.86665,-121.40978,grass
3f80ff62fe2838ad,grass,Amax,TotSoilCarb,0.0925322802259662,-0.03629716845793088,0.05163347542138828,-0.0377476067266862,5.163347542138828,38.86665,-121.40978,grass
3f80ff62fe2838ad,temperate.deciduous,dVpdExp,TotSoilCarb,0.19225189014032568,0.03307320309835694,0.036802515280716236,0.17634264337786476,3.6802515280716235,38.86665,-121.40978,grass
3f80ff62fe2838ad,grass,stem_respiration_rate,TotSoilCarb,0.5838660458481962,-0.027986661089225394,0.04844838083555112,-0.004446227556752752,4.844838083555112,38.86665,-121.40978,grass
3f80ff62fe2838ad,temperate.deciduous,leafWHC,TotSoilCarb,0.29037619461217085,-0.027853403458759713,0.036773215863961754,-1.1252330241819877,3.6773215863961752,38.86665,-121.40978,grass
3f80ff62fe2838ad,temperate.deciduous,half_saturation_PAR,TotSoilCarb,0.4347845456434499,-0.025912122511790123,0.03675261056904106,-0.013586848361741621,3.675261056904106,38.86665,-121.40978,grass
3f80ff62fe2838ad,grass,half_saturation_PAR,TotSoilCarb,0.423676362529568,0.025783594807252928,0.04819867709851014,0.012893154329179868,4.819867709851014,38.86665,-121.40978,grass
3f80ff62fe2838ad,temperate.deciduous,leaf_turnover_rate,TotSoilCarb,0.19225231233445972,0.023662810542563157,0.03660081002203773,0.25216251532964407,3.660081002203773,38.86665,-121.40978,grass
3f80ff62fe2838ad,temperate.deciduous,leaf_respiration_rate_m2,TotSoilCarb,0.21091401741282062,-0.023174921514486288,0.03836182085095591,-0.26472413250466076,3.836182085095591,38.86665,-121.40978,grass
3f80ff62fe2838ad,grass,SLA,TotSoilCarb,0.5002905583119089,0.019749629273691338,0.051409550640274755,0.014385646137038854,5.140955064027476,38.86665,-121.40978,grass
3f80ff62fe2838ad,temperate.deciduous,SLA,TotSoilCarb,0.064055337486117,0.019601175406530592,0.038781089795266586,0.009666341623186803,3.8781089795266586,38.86665,-121.40978,grass
3f80ff62fe2838ad,grass,leaf_respiration_rate_m2,TotSoilCarb,0.3840637491809258,0.019389010006964816,0.04858799830721072,0.6532411504600972,4.858799830721072,38.86665,-121.40978,grass
3f80ff62fe2838ad,temperate.deciduous,fine_root_respiration_Q10,TotSoilCarb,0.3237854117070182,0.01913978305653731,0.03679249810692195,0.04780410671657176,3.679249810692195,38.86665,-121.40978,grass
3f80ff62fe2838ad,temperate.deciduous,extinction_coefficient,TotSoilCarb,0.13848825996617425,0.01827972008964974,0.036661863875598714,0.29522221478499944,3.6661863875598715,38.86665,-121.40978,grass
3f80ff62fe2838ad,grass,dVPDSlope,TotSoilCarb,0.5376789264257191,-0.016441806820740614,0.04858515106719085,-0.9908076659453755,4.858515106719085,38.86665,-121.40978,grass
3f80ff62fe2838ad,temperate.deciduous,stem_respiration_rate,TotSoilCarb,0.5711292346636633,0.013225815148670272,0.036949979358127494,0.0021181275777172742,3.6949979358127494,38.86665,-121.40978,grass
3f80ff62fe2838ad,grass,extinction_coefficient,TotSoilCarb,0.13867003326405747,0.012610155226565799,0.04860742317451037,0.1968444316966398,4.860742317451037,38.86665,-121.40978,grass
3f80ff62fe2838ad,temperate.deciduous,coarse_root_respiration_Q10,TotSoilCarb,0.3278886980598058,-0.011990016418054465,0.037099066209289,-0.03029797476180196,3.7099066209289004,38.86665,-121.40978,grass
3f80ff62fe2838ad,grass,GDD,TotSoilCarb,0.4655665225024222,-0.010628293216937493,0.0471486626356995,-1.7366299836484023e-4,4.7148662635699505,38.86665,-121.40978,grass
3f80ff62fe2838ad,temperate.deciduous,root_respiration_rate,TotSoilCarb,0.10964326006402972,0.008749301238725152,0.03897543114219247,0.0075709284771900975,3.897543114219247,38.86665,-121.40978,grass
3f80ff62fe2838ad,grass,AmaxFrac,TotSoilCarb,0.11524047806471809,-0.00408531872667333,0.0482554506920235,-0.04282411723050927,4.82554506920235,38.86665,-121.40978,grass
3f80ff62fe2838ad,temperate.deciduous,dVPDSlope,TotSoilCarb,0.5746719617679705,-7.979545385647998e-4,0.03691706806450473,-0.12721238864922668,3.6917068064504734,38.86665,-121.40978,grass
3f80ff62fe2838ad,grass,root_respiration_rate,TotSoilCarb,1.1917426938281932,5.470945817725464e-4,0.05238138362060071,1.7763145094984445e-4,5.238138362060071,38.86665,-121.40978,grass
3f80ff62fe2838ad,temperate.deciduous,Vm_low_temp,TotSoilCarb,0.014776850424612655,0,0,0,0,38.86665,-121.40978,grass
3f80ff62fe2838ad,temperate.deciduous,psnTOpt,TotSoilCarb,0.03377170479011718,0,0,0,0,38.86665,-121.40978,grass
5b18c5e0bebe449b,temperate.deciduous,leafC,AbvGrndWood,0.001901482640767582,3.4148472756097825,0.03874236357732115,0.8358550164680025,3.8742363577321153,34.47244,-119.22015,temperate.deciduous
5b18c5e0bebe449b,grass,fracLeafFall,AbvGrndWood,0.0028934835982409968,-2.846217485248948,0.04823889087178385,-33.991915108623516,4.823889087178386,34.47244,-119.22015,temperate.deciduous
5b18c5e0bebe449b,temperate.deciduous,AmaxFrac,AbvGrndWood,0.04852317301715081,1.9390055907081067,0.03875967240925221,25.895269565239204,3.8759672409252213,34.47244,-119.22015,temperate.deciduous
5b18c5e0bebe449b,temperate.deciduous,fracLeafFall,AbvGrndWood,0.0029051396029618685,-0.6061567634199665,0.03676443455933576,-7.516398285426476,3.6764434559335757,34.47244,-119.22015,temperate.deciduous
5b18c5e0bebe449b,temperate.deciduous,leafGrowth,AbvGrndWood,0.47439143012718543,-0.5474666605264552,0.0400444780480067,-0.05454887056484835,4.0044478048006695,34.47244,-119.22015,temperate.deciduous
5b18c5e0bebe449b,grass,root_turnover_rate,AbvGrndWood,3.6831164382354347,-0.5417654502304424,0.06894562087891874,-32.68729146476946,6.894562087891874,34.47244,-119.22015,temperate.deciduous
5b18c5e0bebe449b,temperate.deciduous,root_turnover_rate,AbvGrndWood,1.2324634310283136,-0.5361203894225083,0.042591246888451534,-4.0369877773938025,4.259124688845153,34.47244,-119.22015,temperate.deciduous
5b18c5e0bebe449b,temperate.deciduous,GDD,AbvGrndWood,0.044743576113003856,-0.5217277345815738,0.03880346171268381,-0.012098684704237028,3.880346171268381,34.47244,-119.22015,temperate.deciduous
5b18c5e0bebe449b,temperate.deciduous,veg_respiration_Q10,AbvGrndWood,0.11222092787454017,-0.45216459987265734,0.03875324696344419,-2.8625139315038446,3.875324696344419,34.47244,-119.22015,temperate.deciduous
5b18c5e0bebe449b,temperate.deciduous,wueConst,AbvGrndWood,0.21332873211542983,-0.429048646772373,0.04042894273272986,-0.38873424806201085,4.042894273272986,34.47244,-119.22015,temperate.deciduous
5b18c5e0bebe449b,temperate.deciduous,wood_turnover_rate,AbvGrndWood,0.22606905087321985,-0.40648750463100763,0.0408999786041845,-918.2292432836412,4.08999786041845,34.47244,-119.22015,temperate.deciduous
5b18c5e0bebe449b,grass,psnTOpt,AbvGrndWood,0.007592215788019588,0.3366492724027929,6.8236651715981115e-6,0.02521407517475583,6.823665171598112e-4,34.47244,-119.22015,temperate.deciduous
5b18c5e0bebe449b,grass,leaf_turnover_rate,AbvGrndWood,0.8808446906983906,-0.3273026231866686,0.050953144466673754,-3.3553643998294547,5.095314446667375,34.47244,-119.22015,temperate.deciduous
5b18c5e0bebe449b,temperate.deciduous,root_allocation_fraction,AbvGrndWood,0.23700134304228354,-0.2998384318165741,0.0410333375836824,-50.91034734487698,4.103333758368239,34.47244,-119.22015,temperate.deciduous
5b18c5e0bebe449b,temperate.deciduous,growth_resp_factor,AbvGrndWood,0.5240498102204209,-0.23439036350781609,0.035377444662871974,-8.5279471540224,3.5377444662871973,34.47244,-119.22015,temperate.deciduous
5b18c5e0bebe449b,temperate.deciduous,Amax,AbvGrndWood,0.23889915367635475,0.22530113293313955,0.038993666460262685,0.40446275525938313,3.8993666460262686,34.47244,-119.22015,temperate.deciduous
5b18c5e0bebe449b,temperate.deciduous,leaf_allocation_fraction,AbvGrndWood,0.11310585475501,-0.2074650230020494,0.04075218067072858,-12.812976484787612,4.075218067072858,34.47244,-119.22015,temperate.deciduous
5b18c5e0bebe449b,grass,stem_respiration_rate,AbvGrndWood,0.5838660458481962,-0.19907676926842338,0.052521139527911063,-0.04701348444686443,5.252113952791106,34.47244,-119.22015,temperate.deciduous
5b18c5e0bebe449b,grass,growth_resp_factor,AbvGrndWood,0.4121372404528765,-0.1573600000647943,0.04855197710173834,-4.7863000738982535,4.855197710173834,34.47244,-119.22015,temperate.deciduous
5b18c5e0bebe449b,temperate.deciduous,wood_allocation_fraction,AbvGrndWood,0.22557627473097958,-0.12065816780021138,0.04022278186206019,-3.358962480977368,4.0222781862060195,34.47244,-119.22015,temperate.deciduous
5b18c5e0bebe449b,grass,leafGrowth,AbvGrndWood,0.5821266051341962,-0.08950339127615385,0.04815825050978327,-0.008369189746857686,4.815825050978327,34.47244,-119.22015,temperate.deciduous
5b18c5e0bebe449b,grass,veg_respiration_Q10,AbvGrndWood,0.17334308627468153,-0.0750430415336053,0.04764250278873754,-0.4310869395024248,4.764250278873754,34.47244,-119.22015,temperate.deciduous
5b18c5e0bebe449b,grass,Vm_low_temp,AbvGrndWood,0.0036882133453327802,-0.07022639695660804,2.797021858858797e-8,-0.0035279686101776686,2.797021858858797e-6,34.47244,-119.22015,temperate.deciduous
5b18c5e0bebe449b,grass,Amax,AbvGrndWood,0.0925322802259662,-0.060766793985724064,0.05098975716296711,-0.09599958350014326,5.098975716296711,34.47244,-119.22015,temperate.deciduous
5b18c5e0bebe449b,grass,SLA,AbvGrndWood,0.5002905583119089,-0.05200723588573207,0.05155627502948955,-0.05752963746291173,5.1556275029489544,34.47244,-119.22015,temperate.deciduous
5b18c5e0bebe449b,grass,fine_root_respiration_Q10,AbvGrndWood,0.32777992094136,-0.04274375761273699,0.04782868638256695,-0.1605524954862183,4.782868638256695,34.47244,-119.22015,temperate.deciduous
5b18c5e0bebe449b,temperate.deciduous,dVpdExp,AbvGrndWood,0.19225189014032568,0.036327451246557174,0.03683251819117242,0.29703385295704265,3.683251819117242,34.47244,-119.22015,temperate.deciduous
5b18c5e0bebe449b,grass,half_saturation_PAR,AbvGrndWood,0.423676362529568,0.03436276251169256,0.04753593152639085,0.026282369523812132,4.753593152639085,34.47244,-119.22015,temperate.deciduous
5b18c5e0bebe449b,temperate.deciduous,leafWHC,AbvGrndWood,0.29037619461217085,-0.030592669120943338,0.03680319488833922,-1.89535721051368,3.6803194888339217,34.47244,-119.22015,temperate.deciduous
5b18c5e0bebe449b,temperate.deciduous,half_saturation_PAR,AbvGrndWood,0.4347845456434499,-0.02845793281793681,0.03678257279514227,-0.02288586493389133,3.678257279514227,34.47244,-119.22015,temperate.deciduous
5b18c5e0bebe449b,grass,leaf_respiration_rate_m2,AbvGrndWood,0.3840637491809258,-0.02731595971491892,0.0482779053533331,-1.4015725831188206,4.82779053533331,34.47244,-119.22015,temperate.deciduous
5b18c5e0bebe449b,grass,dVpdExp,AbvGrndWood,0.29059941459660293,-0.02696118381296186,0.0475239674774957,-0.16126944894266515,4.75239674774957,34.47244,-119.22015,temperate.deciduous
5b18c5e0bebe449b,temperate.deciduous,leaf_turnover_rate,AbvGrndWood,0.19225231233445972,0.025994050011948103,0.03663064849414593,0.4247458360891585,3.6630648494145928,34.47244,-119.22015,temperate.deciduous
5b18c5e0bebe449b,temperate.deciduous,leaf_respiration_rate_m2,AbvGrndWood,0.21091401741282062,-0.025614010488059096,0.038393094970867236,-0.44590478821437074,3.839309497086724,34.47244,-119.22015,temperate.deciduous
5b18c5e0bebe449b,grass,coarse_root_respiration_Q10,AbvGrndWood,0.3264722939727177,-0.025329709871588293,0.048187320235820896,-0.09434937196572513,4.81873202358209,34.47244,-119.22015,temperate.deciduous
5b18c5e0bebe449b,grass,leafC,AbvGrndWood,0.08247397100078632,0.024934735012142988,0.05148609968733043,0.005688040773027092,5.148609968733043,34.47244,-119.22015,temperate.deciduous
5b18c5e0bebe449b,grass,AmaxFrac,AbvGrndWood,0.11524047806471809,-0.02340012592336423,0.04765030439438738,-0.37570428918366616,4.765030439438738,34.47244,-119.22015,temperate.deciduous
5b18c5e0bebe449b,temperate.deciduous,SLA,AbvGrndWood,0.064055337486117,0.021680486877173492,0.03881270572030991,0.01628211215016062,3.8812705720309912,34.47244,-119.22015,temperate.deciduous
5b18c5e0bebe449b,temperate.deciduous,fine_root_respiration_Q10,AbvGrndWood,0.3237854117070182,0.021024779881244255,0.03682249285096978,0.08052186205900647,3.6822492850969777,34.47244,-119.22015,temperate.deciduous
5b18c5e0bebe449b,temperate.deciduous,extinction_coefficient,AbvGrndWood,0.13848825996617425,0.020063259269699978,0.03669175212129677,0.49727615655730517,3.6691752121296775,34.47244,-119.22015,temperate.deciduous
5b18c5e0bebe449b,temperate.deciduous,stem_respiration_rate,AbvGrndWood,0.5711292346636633,0.014515610064116167,0.036980102487309936,0.0035678017716666566,3.6980102487309936,34.47244,-119.22015,temperate.deciduous
5b18c5e0bebe449b,grass,extinction_coefficient,AbvGrndWood,0.13867003326405747,0.013923741220314902,0.04799160889274376,0.33245898948631236,4.799160889274376,34.47244,-119.22015,temperate.deciduous
5b18c5e0bebe449b,temperate.deciduous,coarse_root_respiration_Q10,AbvGrndWood,0.3278886980598058,-0.013162612081263073,0.037129310880149,-0.05103430462369385,3.7129310880149,34.47244,-119.22015,temperate.deciduous
5b18c5e0bebe449b,grass,GDD,AbvGrndWood,0.4655665225024222,-0.011662753155285175,0.04655137767264692,-2.92520223879416e-4,4.6551377672646925,34.47244,-119.22015,temperate.deciduous
5b18c5e0bebe449b,temperate.deciduous,root_respiration_rate,AbvGrndWood,0.10964326006402972,0.009673673881868967,0.03900720550222278,0.01275257086411763,3.900720550222278,34.47244,-119.22015,temperate.deciduous
5b18c5e0bebe449b,grass,root_respiration_rate,AbvGrndWood,1.1917426938281932,0.009417797783808092,0.051437111260057844,0.004683465090962624,5.143711126005784,34.47244,-119.22015,temperate.deciduous
5b18c5e0bebe449b,grass,dVPDSlope,AbvGrndWood,0.5376789264257191,-0.0016780222426738256,0.047965277143832794,-0.15470452294576376,4.796527714383279,34.47244,-119.22015,temperate.deciduous
5b18c5e0bebe449b,temperate.deciduous,dVPDSlope,AbvGrndWood,0.5746719617679705,-8.766755162794273e-4,0.03694716436305921,-0.21427820985636004,3.6947164363059213,34.47244,-119.22015,temperate.deciduous
5b18c5e0bebe449b,temperate.deciduous,Vm_low_temp,AbvGrndWood,0.014776850424612655,0,0,0,0,34.47244,-119.22015,temperate.deciduous
5b18c5e0bebe449b,temperate.deciduous,psnTOpt,AbvGrndWood,0.03377170479011718,0,0,0,0,34.47244,-119.22015,temperate.deciduous
5b18c5e0bebe449b,temperate.deciduous,leafC,NPP,0.001901482640767582,2.8131051674924628,0.03871625600084173,-1.3805723150001712e-9,3.871625600084173,34.47244,-119.22015,temperate.deciduous
5b18c5e0bebe449b,grass,fracLeafFall,NPP,0.0028934835982409968,-2.190404649029438,0.04523097693346959,5.046824254993908e-8,4.523097693346959,34.47244,-119.22015,temperate.deciduous
5b18c5e0bebe449b,grass,psnTOpt,NPP,0.007592215788019588,2.1347011417770116,1.429290438737006e-4,1.9836166307527603e-10,0.01429290438737006,34.47244,-119.22015,temperate.deciduous
5b18c5e0bebe449b,temperate.deciduous,AmaxFrac,NPP,0.04852317301715081,1.599381634308053,0.038733553168754084,-4.277092503709827e-8,3.8733553168754082,34.47244,-119.22015,temperate.deciduous
5b18c5e0bebe449b,grass,stem_respiration_rate,NPP,0.5838660458481962,0.8320870848362965,0.09142060643070694,-2.756056245267036e-10,9.142060643070694,34.47244,-119.22015,temperate.deciduous
5b18c5e0bebe449b,temperate.deciduous,fracLeafFall,NPP,0.0029051396029618685,-0.5060622837682821,0.03673965986315428,1.2414750377671678e-8,3.673965986315428,34.47244,-119.22015,temperate.deciduous
5b18c5e0bebe449b,grass,coarse_root_respiration_Q10,NPP,0.3264722939727177,0.48975305705334493,0.05790378897563939,-3.4350950260023948e-9,5.790378897563939,34.47244,-119.22015,temperate.deciduous
5b18c5e0bebe449b,grass,root_turnover_rate,NPP,3.6831164382354347,-0.4752178447218497,0.06441894817791716,5.7061188489668454e-8,6.441894817791716,34.47244,-119.22015,temperate.deciduous
5b18c5e0bebe449b,temperate.deciduous,leafGrowth,NPP,0.47439143012718543,-0.45077977433173055,0.0400174930069126,9.009775503242401e-11,4.00174930069126,34.47244,-119.22015,temperate.deciduous
5b18c5e0bebe449b,temperate.deciduous,root_turnover_rate,NPP,1.2324634310283136,-0.44270773356714216,0.04256254563915179,6.667847236252447e-9,4.256254563915179,34.47244,-119.22015,temperate.deciduous
5b18c5e0bebe449b,temperate.deciduous,GDD,NPP,0.044743576113003856,-0.4310139883010059,0.03877731296359399,1.9983261237297342e-11,3.877731296359399,34.47244,-119.22015,temperate.deciduous
5b18c5e0bebe449b,temperate.deciduous,wueConst,NPP,0.21332873211542983,-0.40314498669148435,0.04125291290103923,7.398047562599368e-10,4.125291290103923,34.47244,-119.22015,temperate.deciduous
5b18c5e0bebe449b,temperate.deciduous,veg_respiration_Q10,NPP,0.11222092787454017,-0.3727840796127377,0.038727132052904345,4.727982015153415e-9,3.8727132052904345,34.47244,-119.22015,temperate.deciduous
5b18c5e0bebe449b,temperate.deciduous,wood_turnover_rate,NPP,0.22606905087321985,-0.3256634272755127,0.04087806884817056,1.4870493791300771e-6,4.087806884817056,34.47244,-119.22015,temperate.deciduous
5b18c5e0bebe449b,grass,leaf_turnover_rate,NPP,0.8808446906983906,-0.3087781597962864,0.04907281814978581,6.4085359095855995e-9,4.907281814978582,34.47244,-119.22015,temperate.deciduous
5b18c5e0bebe449b,grass,Vm_low_temp,NPP,0.0036882133453327802,0.2852174881346929,1.3155654751028336e-6,-4.159070895198884e-11,1.3155654751028335e-4,34.47244,-119.22015,temperate.deciduous
5b18c5e0bebe449b,temperate.deciduous,root_allocation_fraction,NPP,0.23700134304228354,-0.24583411312663286,0.041005666555765374,8.409835560553563e-8,4.100566655576538,34.47244,-119.22015,temperate.deciduous
5b18c5e0bebe449b,grass,leaf_respiration_rate_m2,NPP,0.3840637491809258,0.2149477075116057,0.04706581613120046,-2.1327926462153352e-8,4.706581613120045,34.47244,-119.22015,temperate.deciduous
5b18c5e0bebe449b,grass,leafC,NPP,0.08247397100078632,-0.20395250612653928,0.04815756591286492,9.38375829154925e-11,4.815756591286492,34.47244,-119.22015,temperate.deciduous
5b18c5e0bebe449b,temperate.deciduous,growth_resp_factor,NPP,0.5240498102204209,-0.18796533737375823,0.035357697120445356,1.4085514249083215e-8,3.5357697120445355,34.47244,-119.22015,temperate.deciduous
5b18c5e0bebe449b,temperate.deciduous,Amax,NPP,0.23889915367635475,0.18565857837214908,0.03896738953662346,-6.680465766890161e-10,3.896738953662346,34.47244,-119.22015,temperate.deciduous
5b18c5e0bebe449b,grass,SLA,NPP,0.5002905583119089,0.1752902255599552,0.05270850186958704,-3.84252663473696e-10,5.270850186958704,34.47244,-119.22015,temperate.deciduous
5b18c5e0bebe449b,temperate.deciduous,leaf_allocation_fraction,NPP,0.11310585475501,-0.16929659203511868,0.04053883014181479,2.1049360770052265e-8,4.053883014181479,34.47244,-119.22015,temperate.deciduous
5b18c5e0bebe449b,grass,leafGrowth,NPP,0.5821266051341962,0.13549544409453756,0.04888476772955232,-2.5102696106874877e-11,4.888476772955232,34.47244,-119.22015,temperate.deciduous
5b18c5e0bebe449b,grass,growth_resp_factor,NPP,0.4121372404528765,-0.1302462827348504,0.04482669482625782,7.905477915571148e-9,4.482669482625782,34.47244,-119.22015,temperate.deciduous
5b18c5e0bebe449b,temperate.deciduous,wood_allocation_fraction,NPP,0.22557627473097958,-0.09930603880756807,0.04019450300468625,5.571201983260626e-9,4.019450300468625,34.47244,-119.22015,temperate.deciduous
5b18c5e0bebe449b,grass,Amax,NPP,0.0925322802259662,-0.07414071128459149,0.04705148527602834,2.3555905559419153e-10,4.705148527602835,34.47244,-119.22015,temperate.deciduous
5b18c5e0bebe449b,grass,root_respiration_rate,NPP,1.1917426938281932,0.05705221435687642,0.04869819410466643,-5.646658523435014e-11,4.869819410466643,34.47244,-119.22015,temperate.deciduous
5b18c5e0bebe449b,grass,fine_root_respiration_Q10,NPP,0.32777992094136,-0.056997823387785605,0.044873963438395635,4.245930455150985e-10,4.487396343839563,34.47244,-119.22015,temperate.deciduous
5b18c5e0bebe449b,grass,AmaxFrac,NPP,0.11524047806471809,-0.04229785821688675,0.04399302056395188,1.3462701903409336e-9,4.399302056395188,34.47244,-119.22015,temperate.deciduous
5b18c5e0bebe449b,grass,half_saturation_PAR,NPP,0.423676362529568,0.04110936368596562,0.04383788581384329,-6.242064164308183e-11,4.383788581384329,34.47244,-119.22015,temperate.deciduous
5b18c5e0bebe449b,temperate.deciduous,dVpdExp,NPP,0.19225189014032568,0.03031017116463507,0.03680769761501716,-4.906074689162564e-10,3.680769761501716,34.47244,-119.22015,temperate.deciduous
5b18c5e0bebe449b,temperate.deciduous,leafWHC,NPP,0.29037619461217085,-0.025527425578708577,0.03677839407247478,3.130540153875237e-9,3.677839407247478,34.47244,-119.22015,temperate.deciduous
5b18c5e0bebe449b,temperate.deciduous,half_saturation_PAR,NPP,0.4347845456434499,-0.023750055744107587,0.036757785876026135,3.780032530770014e-11,3.6757785876026134,34.47244,-119.22015,temperate.deciduous
5b18c5e0bebe449b,temperate.deciduous,leaf_turnover_rate,NPP,0.19225231233445972,0.021683875162050677,0.036605963953277816,-7.015479128116662e-10,3.6605963953277816,34.47244,-119.22015,temperate.deciduous
5b18c5e0bebe449b,temperate.deciduous,leaf_respiration_rate_m2,NPP,0.21091401741282062,-0.021127617391883725,0.03836722275836701,7.364959156865125e-10,3.8367222758367006,34.47244,-119.22015,temperate.deciduous
5b18c5e0bebe449b,temperate.deciduous,SLA,NPP,0.064055337486117,0.017858277810592123,0.03878655074189864,-2.689298122445244e-11,3.878655074189864,34.47244,-119.22015,temperate.deciduous
5b18c5e0bebe449b,temperate.deciduous,fine_root_respiration_Q10,NPP,0.3237854117070182,0.017539562992453284,0.03679767903065778,-1.3299705250399994e-10,3.679767903065778,34.47244,-119.22015,temperate.deciduous
5b18c5e0bebe449b,temperate.deciduous,extinction_coefficient,NPP,0.13848825996617425,0.016763290604058657,0.03666702640411747,-8.213454260927892e-10,3.6667026404117466,34.47244,-119.22015,temperate.deciduous
5b18c5e0bebe449b,temperate.deciduous,stem_respiration_rate,NPP,0.5711292346636633,0.012129095647553477,0.03695518245753484,-5.8928979958572445e-12,3.695518245753484,34.47244,-119.22015,temperate.deciduous
5b18c5e0bebe449b,grass,extinction_coefficient,NPP,0.13867003326405747,0.011665528871016186,0.04426983528922442,-5.522315676089886e-10,4.426983528922443,34.47244,-119.22015,temperate.deciduous
5b18c5e0bebe449b,grass,dVpdExp,NPP,0.29059941459660293,-0.011103545305522773,0.04416324993707655,1.3170259981319808e-10,4.416324993707655,34.47244,-119.22015,temperate.deciduous
5b18c5e0bebe449b,temperate.deciduous,coarse_root_respiration_Q10,NPP,0.3278886980598058,-0.010993416891443189,0.037104290302313145,8.429278605813546e-11,3.7104290302313143,34.47244,-119.22015,temperate.deciduous
5b18c5e0bebe449b,grass,GDD,NPP,0.4655665225024222,-0.009748404197040416,0.042979596820556715,4.831523586136516e-13,4.297959682055671,34.47244,-119.22015,temperate.deciduous
5b18c5e0bebe449b,temperate.deciduous,root_respiration_rate,NPP,0.10964326006402972,0.0079739297548569385,0.03898091945493851,-2.1063277641706067e-11,3.898091945493851,34.47244,-119.22015,temperate.deciduous
5b18c5e0bebe449b,grass,dVPDSlope,NPP,0.5376789264257191,0.007596754009475177,0.04456925520793204,-1.3938077545179512e-9,4.456925520793204,34.47244,-119.22015,temperate.deciduous
5b18c5e0bebe449b,grass,veg_respiration_Q10,NPP,0.17334308627468153,0.00657449157340215,0.045728783801994397,-8.020902266005222e-11,4.572878380199439,34.47244,-119.22015,temperate.deciduous
5b18c5e0bebe449b,temperate.deciduous,dVPDSlope,NPP,0.5746719617679705,-7.311452225094875e-4,0.036922266529518896,3.5392090542872746e-10,3.6922266529518897,34.47244,-119.22015,temperate.deciduous
5b18c5e0bebe449b,temperate.deciduous,Vm_low_temp,NPP,0.014776850424612655,-0,0,0,0,34.47244,-119.22015,temperate.deciduous
5b18c5e0bebe449b,temperate.deciduous,psnTOpt,NPP,0.03377170479011718,-0,0,0,0,34.47244,-119.22015,temperate.deciduous
5b18c5e0bebe449b,temperate.deciduous,leafC,TotSoilCarb,0.001901482640767582,1.0090172564484834,0.03780299034556451,0.23216695460873638,3.7802990345564518,34.47244,-119.22015,temperate.deciduous
5b18c5e0bebe449b,grass,fracLeafFall,TotSoilCarb,0.0028934835982409968,-0.9111462568300629,0.0476757583000678,-9.941666356097244,4.7675758300067805,34.47244,-119.22015,temperate.deciduous
5b18c5e0bebe449b,temperate.deciduous,AmaxFrac,TotSoilCarb,0.04852317301715081,0.5758946837381964,0.03781987949599222,7.192665899330606,3.781987949599223,34.47244,-119.22015,temperate.deciduous
5b18c5e0bebe449b,grass,Vm_low_temp,TotSoilCarb,0.0036882133453327802,-0.4049216962914297,4.3882264723044415e-6,-0.012346939688031775,4.3882264723044416e-4,34.47244,-119.22015,temperate.deciduous
5b18c5e0bebe449b,temperate.deciduous,fracLeafFall,TotSoilCarb,0.0029051396029618685,-0.18914661030927693,0.035873019516038676,-2.087753575886552,3.5873019516038682,34.47244,-119.22015,temperate.deciduous
5b18c5e0bebe449b,temperate.deciduous,leafGrowth,TotSoilCarb,0.47439143012718543,-0.16145601222733605,0.03907353287882802,-0.015151485493144334,3.9073532878828026,34.47244,-119.22015,temperate.deciduous
5b18c5e0bebe449b,temperate.deciduous,root_turnover_rate,TotSoilCarb,1.2324634310283136,-0.1599422061997699,0.04155855106042594,-1.1213130741628803,4.155855106042595,34.47244,-119.22015,temperate.deciduous
5b18c5e0bebe449b,temperate.deciduous,GDD,TotSoilCarb,0.044743576113003856,-0.15592689962859693,0.03786260705471642,-0.003360528712770497,3.7862607054716424,34.47244,-119.22015,temperate.deciduous
5b18c5e0bebe449b,temperate.deciduous,veg_respiration_Q10,TotSoilCarb,0.11222092787454017,-0.13403225649094327,0.03781360984583622,-0.7950914080896272,3.7813609845836225,34.47244,-119.22015,temperate.deciduous
5b18c5e0bebe449b,temperate.deciduous,wueConst,TotSoilCarb,0.21332873211542983,-0.13288963247759267,0.040070326978334216,-0.11652028836761297,4.007032697833422,34.47244,-119.22015,temperate.deciduous
5b18c5e0bebe449b,grass,leaf_turnover_rate,TotSoilCarb,0.8808446906983906,-0.09811125751822271,0.05015997373397895,-0.9573334260277926,5.015997373397895,34.47244,-119.22015,temperate.deciduous
5b18c5e0bebe449b,temperate.deciduous,root_allocation_fraction,TotSoilCarb,0.23700134304228354,-0.08701582248198018,0.03933412991434475,-14.139213103108474,3.9334129914344755,34.47244,-119.22015,temperate.deciduous
5b18c5e0bebe449b,temperate.deciduous,wood_turnover_rate,TotSoilCarb,0.22606905087321985,-0.08584731461756075,0.03975164019658749,-188.3145319543139,3.975164019658749,34.47244,-119.22015,temperate.deciduous
5b18c5e0bebe449b,temperate.deciduous,Amax,TotSoilCarb,0.23889915367635475,0.06665588993259995,0.03804819997090632,0.11234350968906748,3.8048199970906325,34.47244,-119.22015,temperate.deciduous
5b18c5e0bebe449b,temperate.deciduous,growth_resp_factor,TotSoilCarb,0.5240498102204209,-0.06291484214114136,0.0589486162225193,-2.368721226535097,5.8948616222519306,34.47244,-119.22015,temperate.deciduous
5b18c5e0bebe449b,temperate.deciduous,leaf_allocation_fraction,TotSoilCarb,0.11310585475501,-0.05954999755467206,0.03958090652847374,-3.5467310055460217,3.958090652847375,34.47244,-119.22015,temperate.deciduous
5b18c5e0bebe449b,grass,growth_resp_factor,TotSoilCarb,0.4121372404528765,-0.047391668425591636,0.04798105206535782,-1.329441936827875,4.798105206535782,34.47244,-119.22015,temperate.deciduous
5b18c5e0bebe449b,grass,root_turnover_rate,TotSoilCarb,3.6831164382354347,-0.04636057367308838,0.08620021656086009,-2.3847501061985668,8.62002165608601,34.47244,-119.22015,temperate.deciduous
5b18c5e0bebe449b,grass,leafGrowth,TotSoilCarb,0.5821266051341962,0.045866166926884985,0.047917620917998185,0.003936114872707626,4.791762091799819,34.47244,-119.22015,temperate.deciduous
5b18c5e0bebe449b,temperate.deciduous,wood_allocation_fraction,TotSoilCarb,0.22557627473097958,-0.035149026266821155,0.03948767910959024,-0.9385115419768368,3.9487679109590244,34.47244,-119.22015,temperate.deciduous
5b18c5e0bebe449b,grass,coarse_root_respiration_Q10,TotSoilCarb,0.3264722939727177,-0.029635629229271595,0.04747228149581005,-0.1007599999753237,4.747228149581005,34.47244,-119.22015,temperate.deciduous
5b18c5e0bebe449b,grass,veg_respiration_Q10,TotSoilCarb,0.17334308627468153,-0.019158320090809384,0.04769560173668765,-0.10316275697476751,4.769560173668765,34.47244,-119.22015,temperate.deciduous
5b18c5e0bebe449b,grass,dVpdExp,TotSoilCarb,0.29059941459660293,-0.01904153643958706,0.046824503928206945,-0.10390918706490337,4.682450392820694,34.47244,-119.22015,temperate.deciduous
5b18c5e0bebe449b,grass,leafC,TotSoilCarb,0.08247397100078632,-0.014342229045244617,0.050890327050183745,-0.0031556948779195015,5.089032705018375,34.47244,-119.22015,temperate.deciduous
5b18c5e0bebe449b,grass,psnTOpt,TotSoilCarb,0.007592215788019588,0.012256414752311394,3.474489508087938e-8,5.027102258094902e-4,3.4744895080879377e-6,34.47244,-119.22015,temperate.deciduous
5b18c5e0bebe449b,temperate.deciduous,dVpdExp,TotSoilCarb,0.19225189014032568,0.011306892351607692,0.03593945234664994,0.08250407510639768,3.5939452346649947,34.47244,-119.22015,temperate.deciduous
5b18c5e0bebe449b,grass,Amax,TotSoilCarb,0.0925322802259662,-0.01085112224377959,0.05036126905096149,-0.016447929498508262,5.0361269050961495,34.47244,-119.22015,temperate.deciduous
5b18c5e0bebe449b,grass,stem_respiration_rate,TotSoilCarb,0.5838660458481962,-0.010829154618464717,0.0473456180090092,-0.002390630659401885,4.73456180090092,34.47244,-119.22015,temperate.deciduous
5b18c5e0bebe449b,grass,fine_root_respiration_Q10,TotSoilCarb,0.32777992094136,-0.010449168479579999,0.047080236036058445,-0.03563234041671337,4.708023603605844,34.47244,-119.22015,temperate.deciduous
5b18c5e0bebe449b,temperate.deciduous,leafWHC,TotSoilCarb,0.29037619461217085,-0.009525245897071336,0.03591084003620865,-0.5264541132026714,3.5910840036208653,34.47244,-119.22015,temperate.deciduous
5b18c5e0bebe449b,temperate.deciduous,half_saturation_PAR,TotSoilCarb,0.4347845456434499,-0.008866662875817959,0.035890717960061345,-0.006356774154135575,3.5890717960061354,34.47244,-119.22015,temperate.deciduous
5b18c5e0bebe449b,grass,half_saturation_PAR,TotSoilCarb,0.423676362529568,0.00853453279864664,0.04697713850456795,0.005940270321792507,4.697713850456795,34.47244,-119.22015,temperate.deciduous
5b18c5e0bebe449b,temperate.deciduous,leaf_turnover_rate,TotSoilCarb,0.19225231233445972,0.00808362284607105,0.035742477317170285,0.11797733495009233,3.5742477317170294,34.47244,-119.22015,temperate.deciduous
5b18c5e0bebe449b,grass,SLA,TotSoilCarb,0.5002905583119089,0.008063150407542175,0.048859583911788976,0.008574670582128241,4.885958391178898,34.47244,-119.22015,temperate.deciduous
5b18c5e0bebe449b,temperate.deciduous,leaf_respiration_rate_m2,TotSoilCarb,0.21091401741282062,-0.007607486281065757,0.037462190339095224,-0.12385444208092089,3.746219033909523,34.47244,-119.22015,temperate.deciduous
5b18c5e0bebe449b,grass,dVPDSlope,TotSoilCarb,0.5376789264257191,-0.007446408617060922,0.04725057787511994,-0.6271667331780115,4.725057787511994,34.47244,-119.22015,temperate.deciduous
5b18c5e0bebe449b,temperate.deciduous,fine_root_respiration_Q10,TotSoilCarb,0.3237854117070182,0.006539804946691498,0.03592967008754396,0.022365739422920194,3.592967008754397,34.47244,-119.22015,temperate.deciduous
5b18c5e0bebe449b,temperate.deciduous,SLA,TotSoilCarb,0.064055337486117,0.006403536539916505,0.037871626925957524,0.004522516845653524,3.787162692595753,34.47244,-119.22015,temperate.deciduous
5b18c5e0bebe449b,temperate.deciduous,extinction_coefficient,TotSoilCarb,0.13848825996617425,0.006280991741454581,0.03580209938495281,0.13812334506921786,3.5802099384952815,34.47244,-119.22015,temperate.deciduous
5b18c5e0bebe449b,grass,leaf_respiration_rate_m2,TotSoilCarb,0.3840637491809258,0.006102009092130831,0.047417943319074625,0.2862422027856315,4.741794331907463,34.47244,-119.22015,temperate.deciduous
5b18c5e0bebe449b,temperate.deciduous,stem_respiration_rate,TotSoilCarb,0.5711292346636633,0.004545792866435461,0.03608345821533961,9.909920448592513e-4,3.608345821533962,34.47244,-119.22015,temperate.deciduous
5b18c5e0bebe449b,grass,extinction_coefficient,TotSoilCarb,0.13867003326405747,0.004237956288773709,0.04742732916262181,0.09208074190275894,4.742732916262181,34.47244,-119.22015,temperate.deciduous
5b18c5e0bebe449b,temperate.deciduous,coarse_root_respiration_Q10,TotSoilCarb,0.3278886980598058,-0.004114064056306194,0.03622904880179713,-0.014175280223984954,3.6229048801797137,34.47244,-119.22015,temperate.deciduous
5b18c5e0bebe449b,grass,GDD,TotSoilCarb,0.4655665225024222,-0.003657275982838689,0.04600397778127632,-8.125037022153111e-5,4.600397778127633,34.47244,-119.22015,temperate.deciduous
5b18c5e0bebe449b,grass,root_respiration_rate,TotSoilCarb,1.1917426938281932,-0.002925328681671334,0.051391990406663125,-0.001393443357495916,5.139199040666313,34.47244,-119.22015,temperate.deciduous
5b18c5e0bebe449b,temperate.deciduous,root_respiration_rate,TotSoilCarb,0.10964326006402972,0.0028653939942533298,0.038061410736209375,0.0035421520271121665,3.806141073620938,34.47244,-119.22015,temperate.deciduous
5b18c5e0bebe449b,grass,AmaxFrac,TotSoilCarb,0.11524047806471809,-5.834567415456531e-4,0.04706257718233951,-0.008480820203999428,4.706257718233951,34.47244,-119.22015,temperate.deciduous
5b18c5e0bebe449b,temperate.deciduous,dVPDSlope,TotSoilCarb,0.5746719617679705,-2.7237242835021516e-4,0.03605131873085603,-0.05951788102149891,3.6051318730856035,34.47244,-119.22015,temperate.deciduous
5b18c5e0bebe449b,temperate.deciduous,Vm_low_temp,TotSoilCarb,0.014776850424612655,0,0,0,0,34.47244,-119.22015,temperate.deciduous
5b18c5e0bebe449b,temperate.deciduous,psnTOpt,TotSoilCarb,0.03377170479011718,0,0,0,0,34.47244,-119.22015,temperate.deciduous
629195fe5cadee05,temperate.deciduous,leafC,AbvGrndWood,0.001901482640767582,4.257010050799967,0.038649826195818054,1.0143653087196043,3.8649826195818053,37.89266,-121.30972,grass
629195fe5cadee05,grass,fracLeafFall,AbvGrndWood,0.0028934835982409968,-3.530868217913023,0.04831481449896472,-41.45441844396282,4.831481449896472,37.89266,-121.30972,grass
629195fe5cadee05,temperate.deciduous,AmaxFrac,AbvGrndWood,0.04852317301715081,2.4128604625849905,0.03866709368504733,31.425621177601272,3.866709368504733,37.89266,-121.30972,grass
629195fe5cadee05,temperate.deciduous,fracLeafFall,AbvGrndWood,0.0029051396029618685,-0.7418618491320866,0.03667662152490967,-9.121646119292109,3.667662152490967,37.89266,-121.30972,grass
629195fe5cadee05,temperate.deciduous,leafGrowth,AbvGrndWood,0.47439143012718543,-0.6829395317822482,0.03994883052420952,-0.06619865986404122,3.994883052420952,37.89266,-121.30972,grass
629195fe5cadee05,grass,root_turnover_rate,AbvGrndWood,3.6831164382354347,-0.6730918321784565,0.0690530806101335,-39.66816219566674,6.905308061013351,37.89266,-121.30972,grass
629195fe5cadee05,temperate.deciduous,root_turnover_rate,AbvGrndWood,1.2324634310283136,-0.6661073421467726,0.04248951632536537,-4.899151494498536,4.248951632536537,37.89266,-121.30972,grass
629195fe5cadee05,temperate.deciduous,GDD,AbvGrndWood,0.044743576113003856,-0.6478252536934962,0.03871077839631925,-0.014682553556923383,3.871077839631925,37.89266,-121.30972,grass
629195fe5cadee05,temperate.deciduous,veg_respiration_Q10,AbvGrndWood,0.11222092787454017,-0.563048763186046,0.038660683586623286,-3.473849855102479,3.8660683586623286,37.89266,-121.30972,grass
629195fe5cadee05,temperate.deciduous,wueConst,AbvGrndWood,0.21332873211542983,-0.5365269044807045,0.0403344237934576,-0.4685290793276824,4.03344237934576,37.89266,-121.30972,grass
629195fe5cadee05,temperate.deciduous,wood_turnover_rate,AbvGrndWood,0.22606905087321985,-0.5076922718775828,0.04080477994510344,-1103.778679965908,4.0804779945103435,37.89266,-121.30972,grass
629195fe5cadee05,grass,leaf_turnover_rate,AbvGrndWood,0.8808446906983906,-0.4137003943189925,0.05096930810713015,-4.107699415059505,5.096930810713015,37.89266,-121.30972,grass
629195fe5cadee05,temperate.deciduous,root_allocation_fraction,AbvGrndWood,0.23700134304228354,-0.3763545020269511,0.04093532819190916,-61.78307274139655,4.093532819190917,37.89266,-121.30972,grass
629195fe5cadee05,temperate.deciduous,growth_resp_factor,AbvGrndWood,0.5240498102204209,-0.30856782157555473,0.037676524901682135,-10.34922753013771,3.7676524901682136,37.89266,-121.30972,grass
629195fe5cadee05,grass,psnTOpt,AbvGrndWood,0.007592215788019588,0.303616925964796,3.620056184782032e-6,0.022269761317318493,3.6200561847820315e-4,37.89266,-121.30972,grass
629195fe5cadee05,temperate.deciduous,Amax,AbvGrndWood,0.23889915367635475,0.2807405554190737,0.03890052883374084,0.49084228666583574,3.8900528833740835,37.89266,-121.30972,grass
629195fe5cadee05,temperate.deciduous,leaf_allocation_fraction,AbvGrndWood,0.11310585475501,-0.26111728094689896,0.04065485271520989,-15.551515963543466,4.065485271520989,37.89266,-121.30972,grass
629195fe5cadee05,grass,stem_respiration_rate,AbvGrndWood,0.5838660458481962,-0.19586320017814668,0.05091953181798821,-0.04573812837175645,5.091953181798821,37.89266,-121.30972,grass
629195fe5cadee05,grass,growth_resp_factor,AbvGrndWood,0.4121372404528765,-0.19487947570366335,0.04862799389268052,-5.80849149246005,4.862799389268052,37.89266,-121.30972,grass
629195fe5cadee05,temperate.deciduous,wood_allocation_fraction,AbvGrndWood,0.22557627473097958,-0.15128250015118408,0.040127111074647615,-4.0705360306998415,4.012711107464762,37.89266,-121.30972,grass
629195fe5cadee05,grass,Vm_low_temp,AbvGrndWood,0.0036882133453327802,-0.12415227415112327,5.653049313049586e-8,-0.006081936575867599,5.653049313049586e-6,37.89266,-121.30972,grass
629195fe5cadee05,grass,leafGrowth,AbvGrndWood,0.5821266051341962,-0.0823110626098668,0.04767759223199992,-0.007589862172704354,4.767759223199992,37.89266,-121.30972,grass
629195fe5cadee05,grass,Amax,AbvGrndWood,0.0925322802259662,-0.0731229900389474,0.05106756193440385,-0.11163163847372104,5.106756193440385,37.89266,-121.30972,grass
629195fe5cadee05,grass,fine_root_respiration_Q10,AbvGrndWood,0.32777992094136,-0.052702185888278734,0.04790364957427943,-0.1948590496920044,4.7903649574279425,37.89266,-121.30972,grass
629195fe5cadee05,grass,veg_respiration_Q10,AbvGrndWood,0.17334308627468153,-0.05086136438593677,0.04782125907961804,-0.2849268824536715,4.782125907961804,37.89266,-121.30972,grass
629195fe5cadee05,temperate.deciduous,dVpdExp,AbvGrndWood,0.19225189014032568,0.044497263404501275,0.03674454253680188,0.3604702131574484,3.674454253680188,37.89266,-121.30972,grass
629195fe5cadee05,grass,SLA,AbvGrndWood,0.5002905583119089,-0.04417361981430811,0.051350498748286455,-0.04734218355861408,5.1350498748286455,37.89266,-121.30972,grass
629195fe5cadee05,grass,half_saturation_PAR,AbvGrndWood,0.423676362529568,0.04123374344735576,0.04762841183166572,0.031039458439964585,4.762841183166572,37.89266,-121.30972,grass
629195fe5cadee05,temperate.deciduous,leafWHC,AbvGrndWood,0.29037619461217085,-0.03746852646087884,0.03671528927362063,-2.3001412494965052,3.671528927362063,37.89266,-121.30972,grass
629195fe5cadee05,temperate.deciduous,half_saturation_PAR,AbvGrndWood,0.4347845456434499,-0.03484619577277136,0.03669471643695657,-0.027773509749427272,3.669471643695657,37.89266,-121.30972,grass
629195fe5cadee05,grass,dVpdExp,AbvGrndWood,0.29059941459660293,-0.03364746491063392,0.0485854410020084,-0.18811695147318552,4.85854410020084,37.89266,-121.30972,grass
629195fe5cadee05,temperate.deciduous,leaf_respiration_rate_m2,AbvGrndWood,0.21091401741282062,-0.031873581973475694,0.03830139182866443,-0.5411349327876351,3.8301391828664433,37.89266,-121.30972,grass
629195fe5cadee05,temperate.deciduous,leaf_turnover_rate,AbvGrndWood,0.19225231233445972,0.031848959234280334,0.036543155012039606,0.5154571458726664,3.6543155012039605,37.89266,-121.30972,grass
629195fe5cadee05,grass,coarse_root_respiration_Q10,AbvGrndWood,0.3264722939727177,-0.03105529536224743,0.04826512171208264,-0.11367639597291568,4.826512171208264,37.89266,-121.30972,grass
629195fe5cadee05,temperate.deciduous,SLA,AbvGrndWood,0.064055337486117,0.02703113015719138,0.03872000032433581,0.019759419268182477,3.872000032433581,37.89266,-121.30972,grass
629195fe5cadee05,grass,AmaxFrac,AbvGrndWood,0.11524047806471809,-0.025979391660403483,0.04772330892154498,-0.4112078435436217,4.772330892154498,37.89266,-121.30972,grass
629195fe5cadee05,temperate.deciduous,fine_root_respiration_Q10,AbvGrndWood,0.3237854117070182,0.02575844611224211,0.036734541142446765,0.09771860173945246,3.6734541142446764,37.89266,-121.30972,grass
629195fe5cadee05,temperate.deciduous,extinction_coefficient,AbvGrndWood,0.13848825996617425,0.024529047908506546,0.036604112691211686,0.6034774836868593,3.6604112691211688,37.89266,-121.30972,grass
629195fe5cadee05,temperate.deciduous,stem_respiration_rate,AbvGrndWood,0.5711292346636633,0.017744619038761074,0.0368917743231012,0.004329763265475989,3.68917743231012,37.89266,-121.30972,grass
629195fe5cadee05,grass,leaf_respiration_rate_m2,AbvGrndWood,0.3840637491809258,-0.01723856725200213,0.04824981583862264,-0.8703837243796784,4.824981583862264,37.89266,-121.30972,grass
629195fe5cadee05,grass,extinction_coefficient,AbvGrndWood,0.13867003326405747,0.0171577821452952,0.04806675663653178,0.4032800016903195,4.806675663653178,37.89266,-121.30972,grass
629195fe5cadee05,temperate.deciduous,coarse_root_respiration_Q10,AbvGrndWood,0.3278886980598058,-0.01610080622876541,0.03704062632689488,-0.061933501797539314,3.704062632689488,37.89266,-121.30972,grass
629195fe5cadee05,grass,GDD,AbvGrndWood,0.4655665225024222,-0.014250957442671552,0.04662426216790027,-3.5499262594128334e-4,4.662426216790027,37.89266,-121.30972,grass
629195fe5cadee05,temperate.deciduous,root_respiration_rate,AbvGrndWood,0.10964326006402972,0.012049039749815612,0.03891403553726375,0.015476087630855062,3.8914035537263745,37.89266,-121.30972,grass
629195fe5cadee05,grass,root_respiration_rate,AbvGrndWood,1.1917426938281932,0.011850204771524988,0.0515180076150864,0.005692357168070761,5.151800761508641,37.89266,-121.30972,grass
629195fe5cadee05,grass,leafC,AbvGrndWood,0.08247397100078632,0.009924848389201553,0.05157702615542163,0.0021865275096584202,5.1577026155421635,37.89266,-121.30972,grass
629195fe5cadee05,grass,dVPDSlope,AbvGrndWood,0.5376789264257191,-0.0017737264923158506,0.04805288103697285,-0.16076704362716043,4.8052881036972845,37.89266,-121.30972,grass
629195fe5cadee05,temperate.deciduous,dVPDSlope,AbvGrndWood,0.5746719617679705,-0.0010744682188457096,0.036858914872619664,-0.26004077048111185,3.6858914872619666,37.89266,-121.30972,grass
629195fe5cadee05,temperate.deciduous,Vm_low_temp,AbvGrndWood,0.014776850424612655,0,0,0,0,37.89266,-121.30972,grass
629195fe5cadee05,temperate.deciduous,psnTOpt,AbvGrndWood,0.03377170479011718,0,0,0,0,37.89266,-121.30972,grass
629195fe5cadee05,temperate.deciduous,leafC,NPP,0.001901482640767582,3.740291129729024,0.03862283842213777,-1.5117776972524609e-9,3.862283842213777,37.89266,-121.30972,grass
629195fe5cadee05,grass,fracLeafFall,NPP,0.0028934835982409968,-2.7214397786684943,0.04627296552357446,5.1655103456429366e-8,4.627296552357446,37.89266,-121.30972,grass
629195fe5cadee05,temperate.deciduous,AmaxFrac,NPP,0.04852317301715081,2.122323099009821,0.03864009385410477,-4.683574330688626e-8,3.864009385410477,37.89266,-121.30972,grass
629195fe5cadee05,grass,psnTOpt,NPP,0.007592215788019588,2.102717631953368,9.569671841304474e-5,1.7562913429163118e-10,0.009569671841304474,37.89266,-121.30972,grass
629195fe5cadee05,grass,stem_respiration_rate,NPP,0.5838660458481962,0.9804234224682538,0.08113118149175655,-2.5842586167336205e-10,8.113118149175655,37.89266,-121.30972,grass
629195fe5cadee05,temperate.deciduous,fracLeafFall,NPP,0.0029051396029618685,-0.6591919741324302,0.036651011568578785,1.3594610390197478e-8,3.6651011568578786,37.89266,-121.30972,grass
629195fe5cadee05,grass,root_turnover_rate,NPP,3.6831164382354347,-0.6215222279985113,0.06575614064793729,6.171801413612186e-8,6.575614064793729,37.89266,-121.30972,grass
629195fe5cadee05,temperate.deciduous,leafGrowth,NPP,0.47439143012718543,-0.5997970160791762,0.039920935702858526,9.866037088431451e-11,3.9920935702858524,37.89266,-121.30972,grass
629195fe5cadee05,temperate.deciduous,root_turnover_rate,NPP,1.2324634310283136,-0.586455358041513,0.04245984743514673,7.301539101522259e-9,4.245984743514673,37.89266,-121.30972,grass
629195fe5cadee05,temperate.deciduous,GDD,NPP,0.044743576113003856,-0.5705750557266571,0.03868374806192514,2.1882409438952046e-11,3.8683748061925143,37.89266,-121.30972,grass
629195fe5cadee05,temperate.deciduous,wueConst,NPP,0.21332873211542983,-0.5625724957413483,0.04118947766596225,8.411000178848396e-10,4.118947766596225,37.89266,-121.30972,grass
629195fe5cadee05,temperate.deciduous,veg_respiration_Q10,NPP,0.11222092787454017,-0.4950437748095817,0.03863368823162028,5.177315006145659e-9,3.863368823162028,37.89266,-121.30972,grass
629195fe5cadee05,grass,coarse_root_respiration_Q10,NPP,0.3264722939727177,0.47902445115234743,0.05414669940617125,-2.789933246669759e-9,5.414669940617125,37.89266,-121.30972,grass
629195fe5cadee05,temperate.deciduous,wood_turnover_rate,NPP,0.22606905087321985,-0.43548303116753734,0.0407804654667605,1.617731419984251e-6,4.07804654667605,37.89266,-121.30972,grass
629195fe5cadee05,grass,leaf_turnover_rate,NPP,0.8808446906983906,-0.4027125424101167,0.05011790626728082,6.872505863603194e-9,5.011790626728082,37.89266,-121.30972,grass
629195fe5cadee05,temperate.deciduous,root_allocation_fraction,NPP,0.23700134304228354,-0.32934472363857115,0.04090662228970864,9.209607315695127e-8,4.0906622289708645,37.89266,-121.30972,grass
629195fe5cadee05,grass,Vm_low_temp,NPP,0.0036882133453327802,0.31917498675806866,1.1839204383700956e-6,-4.2692529771388356e-11,1.1839204383700956e-4,37.89266,-121.30972,grass
629195fe5cadee05,temperate.deciduous,growth_resp_factor,NPP,0.5240498102204209,-0.26420487383682334,0.03764914862019947,1.54241585643364e-8,3.764914862019947,37.89266,-121.30972,grass
629195fe5cadee05,temperate.deciduous,Amax,NPP,0.23889915367635475,0.2467308425523617,0.03887336600348931,-7.315356858826917e-10,3.8873366003489314,37.89266,-121.30972,grass
629195fe5cadee05,grass,leaf_respiration_rate_m2,NPP,0.3840637491809258,0.2347759782325395,0.04732517369873272,-1.9361203813350344e-8,4.732517369873272,37.89266,-121.30972,grass
629195fe5cadee05,temperate.deciduous,leaf_allocation_fraction,NPP,0.11310585475501,-0.22713186022681356,0.04044046835882382,2.299815114096142e-8,4.044046835882382,37.89266,-121.30972,grass
629195fe5cadee05,grass,leafC,NPP,0.08247397100078632,-0.21850095596149016,0.04916896351254173,8.203051310764143e-11,4.916896351254173,37.89266,-121.30972,grass
629195fe5cadee05,grass,SLA,NPP,0.5002905583119089,0.1780541495572118,0.053012408216002775,-3.188141864778454e-10,5.3012408216002775,37.89266,-121.30972,grass
629195fe5cadee05,grass,growth_resp_factor,NPP,0.4121372404528765,-0.17191761900026944,0.04590850852638297,8.656790425991413e-9,4.590850852638297,37.89266,-121.30972,grass
629195fe5cadee05,grass,veg_respiration_Q10,NPP,0.17334308627468153,-0.16522037692115124,0.04666272107477032,1.69392705193271e-9,4.666272107477032,37.89266,-121.30972,grass
629195fe5cadee05,temperate.deciduous,wood_allocation_fraction,NPP,0.22557627473097958,-0.13298617380936145,0.040097146503269156,6.09659341987865e-9,4.009714650326916,37.89266,-121.30972,grass
629195fe5cadee05,grass,leafGrowth,NPP,0.5821266051341962,0.12374371371570811,0.04777149926699346,-1.9939685278820202e-11,4.777149926699345,37.89266,-121.30972,grass
629195fe5cadee05,grass,Amax,NPP,0.0925322802259662,-0.10266858988352712,0.048191203134749026,2.662929273289254e-10,4.819120313474903,37.89266,-121.30972,grass
629195fe5cadee05,grass,fine_root_respiration_Q10,NPP,0.32777992094136,-0.07888848132679847,0.04600919167497531,4.894905134207402e-10,4.600919167497531,37.89266,-121.30972,grass
629195fe5cadee05,grass,root_respiration_rate,NPP,1.1917426938281932,0.06183582061477754,0.04944986545724103,-4.996562337251551e-11,4.944986545724103,37.89266,-121.30972,grass
629195fe5cadee05,grass,AmaxFrac,NPP,0.11524047806471809,-0.05886149277201423,0.04505943106132776,1.563753278776467e-9,4.505943106132776,37.89266,-121.30972,grass
629195fe5cadee05,grass,half_saturation_PAR,NPP,0.423676362529568,0.053692664087539005,0.04492733045751359,-6.794691011726055e-11,4.4927330457513595,37.89266,-121.30972,grass
629195fe5cadee05,temperate.deciduous,dVpdExp,NPP,0.19225189014032568,0.03951870049441577,0.036718885153688575,-5.372333064733203e-10,3.6718885153688574,37.89266,-121.30972,grass
629195fe5cadee05,temperate.deciduous,leafWHC,NPP,0.29037619461217085,-0.0332786656669678,0.036689652317001414,3.4280571423607126e-9,3.6689652317001413,37.89266,-121.30972,grass
629195fe5cadee05,temperate.deciduous,half_saturation_PAR,NPP,0.4347845456434499,-0.03095379509513663,0.03666909384560402,4.139275293888612e-11,3.6669093845604017,37.89266,-121.30972,grass
629195fe5cadee05,temperate.deciduous,leaf_turnover_rate,NPP,0.19225231233445972,0.028280669549167813,0.0365176382505403,-7.682208868157303e-10,3.6517638250540303,37.89266,-121.30972,grass
629195fe5cadee05,temperate.deciduous,leaf_respiration_rate_m2,NPP,0.21091401741282062,-0.028035614407467175,0.03827464735408194,8.064902412969803e-10,3.827464735408194,37.89266,-121.30972,grass
629195fe5cadee05,temperate.deciduous,SLA,NPP,0.064055337486117,0.023747999278072602,0.0386929635506034,-2.944880813994254e-11,3.86929635506034,37.89266,-121.30972,grass
629195fe5cadee05,grass,dVpdExp,NPP,0.29059941459660293,-0.023577204426966727,0.04410006340840508,2.4249420041628873e-10,4.410006340840508,37.89266,-121.30972,grass
629195fe5cadee05,temperate.deciduous,fine_root_respiration_Q10,NPP,0.3237854117070182,0.02287358674292653,0.03670889074294488,-1.4563668675033025e-10,3.670889074294488,37.89266,-121.30972,grass
629195fe5cadee05,temperate.deciduous,extinction_coefficient,NPP,0.13848825996617425,0.021809667717996698,0.03657855336517299,-8.99403590392307e-10,3.657855336517299,37.89266,-121.30972,grass
629195fe5cadee05,temperate.deciduous,stem_respiration_rate,NPP,0.5711292346636633,0.015778443375984486,0.036866014133364475,-6.4529410488139175e-12,3.6866014133364473,37.89266,-121.30972,grass
629195fe5cadee05,grass,extinction_coefficient,NPP,0.13867003326405747,0.015321555814463986,0.045337809552551504,-6.041620870966677e-10,4.533780955255151,37.89266,-121.30972,grass
629195fe5cadee05,temperate.deciduous,coarse_root_respiration_Q10,NPP,0.3278886980598058,-0.01431126894181564,0.03701476219919554,9.230371536310736e-11,3.701476219919554,37.89266,-121.30972,grass
629195fe5cadee05,grass,GDD,NPP,0.4655665225024222,-0.012675241552941684,0.044016834048207464,5.290696852246734e-13,4.401683404820746,37.89266,-121.30972,grass
629195fe5cadee05,temperate.deciduous,root_respiration_rate,NPP,0.10964326006402972,0.010592088938492646,0.03888686327577038,-2.3065067308525683e-11,3.888686327577038,37.89266,-121.30972,grass
629195fe5cadee05,grass,dVPDSlope,NPP,0.5376789264257191,0.005162511040224227,0.04553722293403343,-7.884008331471278e-10,4.553722293403343,37.89266,-121.30972,grass
629195fe5cadee05,temperate.deciduous,dVPDSlope,NPP,0.5746719617679705,-9.539084801623084e-4,0.03683317762744699,3.8755646886809395e-10,3.683317762744699,37.89266,-121.30972,grass
629195fe5cadee05,temperate.deciduous,Vm_low_temp,NPP,0.014776850424612655,-0,0,0,0,37.89266,-121.30972,grass
629195fe5cadee05,temperate.deciduous,psnTOpt,NPP,0.03377170479011718,-0,0,0,0,37.89266,-121.30972,grass
629195fe5cadee05,temperate.deciduous,leafC,TotSoilCarb,0.001901482640767582,1.6344124131027178,0.03863783166665259,0.3110352947149053,3.863783166665259,37.89266,-121.30972,grass
629195fe5cadee05,grass,fracLeafFall,TotSoilCarb,0.0028934835982409968,-1.415007604217921,0.04859090362994602,-12.865066257753028,4.859090362994602,37.89266,-121.30972,grass
629195fe5cadee05,grass,Vm_low_temp,TotSoilCarb,0.0036882133453327802,-1.3412502795855994,7.322084949632899e-6,-0.021164151097495087,7.322084949632899e-4,37.89266,-121.30972,grass
629195fe5cadee05,temperate.deciduous,AmaxFrac,TotSoilCarb,0.04852317301715081,0.9315873638283857,0.03865509379711512,9.636052475919236,3.865509379711512,37.89266,-121.30972,grass
629195fe5cadee05,temperate.deciduous,fracLeafFall,TotSoilCarb,0.0029051396029618685,-0.3019805916816027,0.036665239357125984,-2.7969744870122213,3.6665239357125983,37.89266,-121.30972,grass
629195fe5cadee05,temperate.deciduous,leafGrowth,TotSoilCarb,0.47439143012718543,-0.261657437625792,0.03993643286398665,-0.020298525100916426,3.993643286398665,37.89266,-121.30972,grass
629195fe5cadee05,temperate.deciduous,root_turnover_rate,TotSoilCarb,1.2324634310283136,-0.25842670450213867,0.042476330192516835,-1.5022290449461055,4.247633019251683,37.89266,-121.30972,grass
629195fe5cadee05,temperate.deciduous,GDD,TotSoilCarb,0.044743576113003856,-0.25182101090720616,0.03869876495133919,-0.004502118056964613,3.8698764951339193,37.89266,-121.30972,grass
629195fe5cadee05,temperate.deciduous,wueConst,TotSoilCarb,0.21332873211542983,-0.2199336933518766,0.04098472218713581,-0.15846329975799356,4.098472218713581,37.89266,-121.30972,grass
629195fe5cadee05,temperate.deciduous,veg_respiration_Q10,TotSoilCarb,0.11222092787454017,-0.21692610151763908,0.03864868568799142,-1.065188156760792,3.8648685687991424,37.89266,-121.30972,grass
629195fe5cadee05,grass,leaf_turnover_rate,TotSoilCarb,0.8808446906983906,-0.16195114354274412,0.0543581460214156,-1.2831371946479424,5.43581460214156,37.89266,-121.30972,grass
629195fe5cadee05,temperate.deciduous,wood_turnover_rate,TotSoilCarb,0.22606905087321985,-0.1519202586031803,0.04048941850915244,-273.7130206240911,4.048941850915244,37.89266,-121.30972,grass
629195fe5cadee05,grass,root_turnover_rate,TotSoilCarb,3.6831164382354347,-0.1463445263167278,0.06639752028986413,-6.274696603804126,6.639752028986414,37.89266,-121.30972,grass
629195fe5cadee05,temperate.deciduous,root_allocation_fraction,TotSoilCarb,0.23700134304228354,-0.14177890146315492,0.04020281261616219,-18.94197449527468,4.020281261616219,37.89266,-121.30972,grass
629195fe5cadee05,temperate.deciduous,Amax,TotSoilCarb,0.23889915367635475,0.10793420827407092,0.038888456501894264,0.15050719299968374,3.8888456501894266,37.89266,-121.30972,grass
629195fe5cadee05,temperate.deciduous,growth_resp_factor,TotSoilCarb,0.5240498102204209,-0.10099805268806435,0.03827708201765562,-3.1733883318339906,3.827708201765562,37.89266,-121.30972,grass
629195fe5cadee05,temperate.deciduous,leaf_allocation_fraction,TotSoilCarb,0.11310585475501,-0.09719952091460766,0.04045494023778825,-4.752760538941899,4.045494023778825,37.89266,-121.30972,grass
629195fe5cadee05,grass,growth_resp_factor,TotSoilCarb,0.4121372404528765,-0.0763831124329884,0.048904742947645026,-1.7810603809852115,4.890474294764503,37.89266,-121.30972,grass
629195fe5cadee05,grass,leafGrowth,TotSoilCarb,0.5821266051341962,0.05746741590716106,0.047742999831149095,0.004102263747965424,4.7742999831149096,37.89266,-121.30972,grass
629195fe5cadee05,temperate.deciduous,wood_allocation_fraction,TotSoilCarb,0.22557627473097958,-0.057242103094473654,0.040359736898839586,-1.257544573034469,4.035973689883958,37.89266,-121.30972,grass
629195fe5cadee05,grass,psnTOpt,TotSoilCarb,0.007592215788019588,0.03406998908334529,1.196470958811229e-7,0.0012379182331524704,1.196470958811229e-5,37.89266,-121.30972,grass
629195fe5cadee05,grass,coarse_root_respiration_Q10,TotSoilCarb,0.3264722939727177,-0.03236007431095567,0.04848506295295772,-0.09167258383348198,4.848506295295772,37.89266,-121.30972,grass
629195fe5cadee05,grass,veg_respiration_Q10,TotSoilCarb,0.17334308627468153,-0.030478539819680663,0.048621604462113145,-0.13593504421709213,4.862160446211314,37.89266,-121.30972,grass
629195fe5cadee05,grass,leafC,TotSoilCarb,0.08247397100078632,-0.027358281500355436,0.051886683608842986,-0.004949139640891498,5.188668360884298,37.89266,-121.30972,grass
629195fe5cadee05,grass,dVpdExp,TotSoilCarb,0.29059941459660293,-0.024759045013158162,0.04773695979147429,-0.1125820579051302,4.773695979147429,37.89266,-121.30972,grass
629195fe5cadee05,temperate.deciduous,dVpdExp,TotSoilCarb,0.19225189014032568,0.018064357252874388,0.0367331392905131,0.11053114496482053,3.67331392905131,37.89266,-121.30972,grass
629195fe5cadee05,grass,fine_root_respiration_Q10,TotSoilCarb,0.32777992094136,-0.01741937603152954,0.04802346743126164,-0.04948338403616326,4.802346743126164,37.89266,-121.30972,grass
629195fe5cadee05,grass,SLA,TotSoilCarb,0.5002905583119089,0.016327800344565147,0.04987975554582567,0.014274089034570947,4.987975554582567,37.89266,-121.30972,grass
629195fe5cadee05,grass,stem_respiration_rate,TotSoilCarb,0.5838660458481962,-0.016267597874520135,0.04823661617313579,-0.002996743854045622,4.823661617313579,37.89266,-121.30972,grass
629195fe5cadee05,temperate.deciduous,leafWHC,TotSoilCarb,0.29037619461217085,-0.015216501076688706,0.03670389510574573,-0.7052933546456757,3.670389510574573,37.89266,-121.30972,grass
629195fe5cadee05,grass,Amax,TotSoilCarb,0.0925322802259662,-0.014223149370863787,0.05133308365079167,-0.01773507652498596,5.133308365079167,37.89266,-121.30972,grass
629195fe5cadee05,temperate.deciduous,half_saturation_PAR,TotSoilCarb,0.4347845456434499,-0.014161793995213794,0.03668332865362498,-0.00851620389215052,3.668332865362498,37.89266,-121.30972,grass
629195fe5cadee05,grass,half_saturation_PAR,TotSoilCarb,0.423676362529568,0.013180682642060758,0.047935152676025786,0.007652510373596488,4.7935152676025785,37.89266,-121.30972,grass
629195fe5cadee05,temperate.deciduous,leaf_turnover_rate,TotSoilCarb,0.19225231233445972,0.012917750117317993,0.036531814264053594,0.1580548584432364,3.6531814264053595,37.89266,-121.30972,grass
629195fe5cadee05,temperate.deciduous,leaf_respiration_rate_m2,TotSoilCarb,0.21091401741282062,-0.012306138691871013,0.038289505432098525,-0.16592844989206768,3.8289505432098525,37.89266,-121.30972,grass
629195fe5cadee05,temperate.deciduous,fine_root_respiration_Q10,TotSoilCarb,0.3237854117070182,0.010450048426760478,0.03672314099997573,0.029963499175187813,3.672314099997573,37.89266,-121.30972,grass
629195fe5cadee05,temperate.deciduous,SLA,TotSoilCarb,0.064055337486117,0.01037358359259152,0.03870798401743643,0.0060588396928045185,3.870798401743643,37.89266,-121.30972,grass
629195fe5cadee05,grass,leaf_respiration_rate_m2,TotSoilCarb,0.3840637491809258,0.010292898134111805,0.048325419096322035,0.40275361967455936,4.832541909632203,37.89266,-121.30972,grass
629195fe5cadee05,temperate.deciduous,extinction_coefficient,TotSoilCarb,0.13848825996617425,0.010019034565204353,0.03659275302571083,0.18504457455202328,3.659275302571083,37.89266,-121.30972,grass
629195fe5cadee05,grass,dVPDSlope,TotSoilCarb,0.5376789264257191,-0.009539131405803493,0.04818753726401219,-0.669195400329599,4.818753726401219,37.89266,-121.30972,grass
629195fe5cadee05,temperate.deciduous,stem_respiration_rate,TotSoilCarb,0.5711292346636633,0.00725048827664602,0.03688032538512041,0.0013276372740142067,3.6880325385120414,37.89266,-121.30972,grass
629195fe5cadee05,grass,extinction_coefficient,TotSoilCarb,0.13867003326405747,0.006801970403313482,0.04834037096721601,0.12328374903849237,4.834037096721601,37.89266,-121.30972,grass
629195fe5cadee05,temperate.deciduous,coarse_root_respiration_Q10,TotSoilCarb,0.3278886980598058,-0.006565349361555686,0.037029131194406206,-0.01899069774836759,3.7029131194406206,37.89266,-121.30972,grass
629195fe5cadee05,grass,GDD,TotSoilCarb,0.4655665225024222,-0.005831191408334591,0.04688960769134219,-1.0885154991216797e-4,4.688960769134219,37.89266,-121.30972,grass
629195fe5cadee05,temperate.deciduous,root_respiration_rate,TotSoilCarb,0.10964326006402972,0.00463842086564909,0.038901959013767036,0.004745439769990867,3.890195901376704,37.89266,-121.30972,grass
629195fe5cadee05,grass,AmaxFrac,TotSoilCarb,0.11524047806471809,0.002335151041822395,0.04797438063658819,0.028337204230169277,4.797438063658819,37.89266,-121.30972,grass
629195fe5cadee05,grass,root_respiration_rate,TotSoilCarb,1.1917426938281932,-0.0010117166928300622,0.05214254360002531,-3.9577959659946316e-4,5.21425436000253,37.89266,-121.30972,grass
629195fe5cadee05,temperate.deciduous,dVPDSlope,TotSoilCarb,0.5746719617679705,-4.353655057277144e-4,0.03684747613219151,-0.07973641940354526,3.6847476132191512,37.89266,-121.30972,grass
629195fe5cadee05,temperate.deciduous,Vm_low_temp,TotSoilCarb,0.014776850424612655,0,0,0,0,37.89266,-121.30972,grass
629195fe5cadee05,temperate.deciduous,psnTOpt,TotSoilCarb,0.03377170479011718,0,0,0,0,37.89266,-121.30972,grass
69c398daff357da0,temperate.deciduous,leafC,AbvGrndWood,0.001901482640767582,4.258628956292855,0.03864135826419774,0.9966650211723476,3.864135826419774,38.62267,-121.53812,grass
69c398daff357da0,grass,fracLeafFall,AbvGrndWood,0.0028934835982409968,-3.526382550498737,0.04832021267124949,-40.66475442546016,4.832021267124949,38.62267,-121.53812,grass
69c398daff357da0,temperate.deciduous,AmaxFrac,AbvGrndWood,0.04852317301715081,2.413769724629473,0.03865862197022971,30.877256080319967,3.865862197022971,38.62267,-121.53812,grass
69c398daff357da0,temperate.deciduous,fracLeafFall,AbvGrndWood,0.0029051396029618685,-0.7421179499954753,0.0366685859099094,-8.962476875403354,3.66685859099094,38.62267,-121.53812,grass
69c398daff357da0,temperate.deciduous,leafGrowth,AbvGrndWood,0.47439143012718543,-0.6832001288569801,0.03994007798898526,-0.06504351851135061,3.994007798898526,38.62267,-121.53812,grass
69c398daff357da0,grass,root_turnover_rate,AbvGrndWood,3.6831164382354347,-0.6733306564181784,0.06906140599048803,-38.97546072990049,6.906140599048803,38.62267,-121.53812,grass
69c398daff357da0,temperate.deciduous,root_turnover_rate,AbvGrndWood,1.2324634310283136,-0.6663563831967445,0.04248020714200707,-4.813663170474845,4.248020714200707,38.62267,-121.53812,grass
69c398daff357da0,temperate.deciduous,GDD,AbvGrndWood,0.044743576113003856,-0.6480666937134826,0.03870229711045866,-0.014426348600334649,3.870229711045866,38.62267,-121.53812,grass
69c398daff357da0,temperate.deciduous,veg_respiration_Q10,AbvGrndWood,0.11222092787454017,-0.563261680074014,0.03865221327621756,-3.4132325007797704,3.865221327621756,38.62267,-121.53812,grass
69c398daff357da0,temperate.deciduous,wueConst,AbvGrndWood,0.21332873211542983,-0.5407459877819952,0.04031467666521053,-0.46380380641507246,4.031467666521054,38.62267,-121.53812,grass
69c398daff357da0,temperate.deciduous,wood_turnover_rate,AbvGrndWood,0.22606905087321985,-0.5078560047453646,0.04079585888898345,-1084.4335738984591,4.079585888898345,38.62267,-121.53812,grass
69c398daff357da0,grass,leaf_turnover_rate,AbvGrndWood,0.8808446906983906,-0.41257611076219314,0.05099676225910039,-4.024665350967793,5.099676225910039,38.62267,-121.53812,grass
69c398daff357da0,temperate.deciduous,root_allocation_fraction,AbvGrndWood,0.23700134304228354,-0.37650257659322073,0.040926359533632106,-60.704977397687856,4.09263595336321,38.62267,-121.53812,grass
69c398daff357da0,grass,psnTOpt,AbvGrndWood,0.007592215788019588,0.3355040513296524,4.82997203671522e-6,0.025273201114051246,4.82997203671522e-4,38.62267,-121.53812,grass
69c398daff357da0,temperate.deciduous,growth_resp_factor,AbvGrndWood,0.5240498102204209,-0.31423356226129245,0.03789954981823618,-10.168637459084628,3.789954981823618,38.62267,-121.53812,grass
69c398daff357da0,temperate.deciduous,Amax,AbvGrndWood,0.23889915367635475,0.280847080573812,0.038892005974763694,0.48227727607285065,3.8892005974763695,38.62267,-121.53812,grass
69c398daff357da0,temperate.deciduous,leaf_allocation_fraction,AbvGrndWood,0.11310585475501,-0.26108973703380345,0.040645917383426905,-15.27249224928363,4.06459173834269,38.62267,-121.53812,grass
69c398daff357da0,grass,Vm_low_temp,AbvGrndWood,0.0036882133453327802,-0.21261018660003342,1.422171663954986e-7,-0.009477778368895524,1.422171663954986e-5,38.62267,-121.53812,grass
69c398daff357da0,grass,stem_respiration_rate,AbvGrndWood,0.5838660458481962,-0.20948881834692443,0.05139895438986923,-0.04794058974614421,5.139895438986923,38.62267,-121.53812,grass
69c398daff357da0,grass,growth_resp_factor,AbvGrndWood,0.4121372404528765,-0.1949511255227233,0.048633545778183684,-5.707135532483328,4.863354577818368,38.62267,-121.53812,grass
69c398daff357da0,temperate.deciduous,wood_allocation_fraction,AbvGrndWood,0.22557627473097958,-0.15201345684430367,0.04011705272758658,-4.017421648956201,4.011705272758658,38.62267,-121.53812,grass
69c398daff357da0,grass,leafGrowth,AbvGrndWood,0.5821266051341962,-0.0897119280704536,0.04788557407411844,-0.008107074444569817,4.788557407411844,38.62267,-121.53812,grass
69c398daff357da0,grass,veg_respiration_Q10,AbvGrndWood,0.17334308627468153,-0.08812269597075084,0.04779861813085281,-0.48485146011934077,4.779861813085281,38.62267,-121.53812,grass
69c398daff357da0,grass,Amax,AbvGrndWood,0.0925322802259662,-0.07285972799765705,0.051074554651040376,-0.10924539952054779,5.107455465104038,38.62267,-121.53812,grass
69c398daff357da0,grass,fine_root_respiration_Q10,AbvGrndWood,0.32777992094136,-0.05270386956012352,0.04790885894689706,-0.19139652808066288,4.790885894689706,38.62267,-121.53812,grass
69c398daff357da0,grass,SLA,AbvGrndWood,0.5002905583119089,-0.05104896115231209,0.05151497515353961,-0.053628185755062896,5.151497515353961,38.62267,-121.53812,grass
69c398daff357da0,temperate.deciduous,dVpdExp,AbvGrndWood,0.19225189014032568,0.04451269418743362,0.03673649204073898,0.35418014549616217,3.6736492040738975,38.62267,-121.53812,grass
69c398daff357da0,grass,half_saturation_PAR,AbvGrndWood,0.423676362529568,0.04126457228435295,0.04763426222397379,0.030509228108621222,4.763426222397379,38.62267,-121.53812,grass
69c398daff357da0,temperate.deciduous,leafWHC,AbvGrndWood,0.29037619461217085,-0.03748151180686381,0.03670724518676203,-2.2600046624450414,3.6707245186762028,38.62267,-121.53812,grass
69c398daff357da0,temperate.deciduous,half_saturation_PAR,AbvGrndWood,0.4347845456434499,-0.03485825757066561,0.03668667685747591,-0.0272888726028927,3.6686676857475913,38.62267,-121.53812,grass
69c398daff357da0,grass,dVpdExp,AbvGrndWood,0.29059941459660293,-0.033285273179083724,0.04761293594275102,-0.1923054642111719,4.761293594275102,38.62267,-121.53812,grass
69c398daff357da0,temperate.deciduous,leaf_respiration_rate_m2,AbvGrndWood,0.21091401741282062,-0.031885593230488875,0.03829300023680255,-0.5316923347118987,3.829300023680255,38.62267,-121.53812,grass
69c398daff357da0,temperate.deciduous,leaf_turnover_rate,AbvGrndWood,0.19225231233445972,0.031860020866369035,0.03653514863870523,0.5064626153797462,3.653514863870523,38.62267,-121.53812,grass
69c398daff357da0,grass,coarse_root_respiration_Q10,AbvGrndWood,0.3264722939727177,-0.031418277970996174,0.04826965158237203,-0.11295904758855357,4.826965158237203,38.62267,-121.53812,grass
69c398daff357da0,temperate.deciduous,SLA,AbvGrndWood,0.064055337486117,0.02704141726650763,0.03871151701800932,0.019414624942304393,3.871151701800932,38.62267,-121.53812,grass
69c398daff357da0,temperate.deciduous,fine_root_respiration_Q10,AbvGrndWood,0.3237854117070182,0.02576738870640948,0.036726492837625885,0.09601344942929746,3.6726492837625884,38.62267,-121.53812,grass
69c398daff357da0,grass,AmaxFrac,AbvGrndWood,0.11524047806471809,-0.025722950190230836,0.047730216718651554,-0.399902262962172,4.7730216718651555,38.62267,-121.53812,grass
69c398daff357da0,temperate.deciduous,extinction_coefficient,AbvGrndWood,0.13848825996617425,0.02453746676955398,0.03659609296243668,0.5929470318883432,3.6596092962436684,38.62267,-121.53812,grass
69c398daff357da0,grass,leaf_respiration_rate_m2,AbvGrndWood,0.3840637491809258,-0.02341527151058546,0.0482913392941484,-1.1605557474489103,4.82913392941484,38.62267,-121.53812,grass
69c398daff357da0,temperate.deciduous,stem_respiration_rate,AbvGrndWood,0.5711292346636633,0.017750705663399806,0.03688369156948836,0.0042542105487656245,3.6883691569488364,38.62267,-121.53812,grass
69c398daff357da0,grass,extinction_coefficient,AbvGrndWood,0.13867003326405747,0.01716442216129944,0.048072244436233154,0.3962540118623963,4.807224443623316,38.62267,-121.53812,grass
69c398daff357da0,grass,leafC,AbvGrndWood,0.08247397100078632,0.016448336949172537,0.051579590486946256,0.0035584690420333853,5.157959048694625,38.62267,-121.53812,grass
69c398daff357da0,temperate.deciduous,coarse_root_respiration_Q10,AbvGrndWood,0.3278886980598058,-0.016106348176532698,0.037032510960752725,-0.060852785825490585,3.7032510960752725,38.62267,-121.53812,grass
69c398daff357da0,grass,GDD,AbvGrndWood,0.4655665225024222,-0.014255834041583726,0.04662958528622172,-3.487981400866272e-4,4.662958528622172,38.62267,-121.53812,grass
69c398daff357da0,temperate.deciduous,root_respiration_rate,AbvGrndWood,0.10964326006402972,0.012053602039484948,0.03890550971905358,0.0152060358074948,3.8905509719053577,38.62267,-121.53812,grass
69c398daff357da0,grass,root_respiration_rate,AbvGrndWood,1.1917426938281932,0.011812840802786924,0.05152437852397188,0.005573173910859541,5.152437852397188,38.62267,-121.53812,grass
69c398daff357da0,grass,dVPDSlope,AbvGrndWood,0.5376789264257191,-0.002626280917000938,0.04805736127018792,-0.23376074151909165,4.805736127018792,38.62267,-121.53812,grass
69c398daff357da0,temperate.deciduous,dVPDSlope,AbvGrndWood,0.5746719617679705,-0.0010748420220000902,0.03685083931830387,-0.25550315826981773,3.685083931830387,38.62267,-121.53812,grass
69c398daff357da0,temperate.deciduous,Vm_low_temp,AbvGrndWood,0.014776850424612655,0,0,0,0,38.62267,-121.53812,grass
69c398daff357da0,temperate.deciduous,psnTOpt,AbvGrndWood,0.03377170479011718,0,0,0,0,38.62267,-121.53812,grass
69c398daff357da0,temperate.deciduous,leafC,NPP,0.001901482640767582,3.586000622983379,0.03861554311123595,-1.648266296308961e-9,3.861554311123596,38.62267,-121.53812,grass
69c398daff357da0,grass,fracLeafFall,NPP,0.0028934835982409968,-2.7000585733401588,0.046297255159536796,5.829619324557941e-8,4.629725515953679,38.62267,-121.53812,grass
69c398daff357da0,grass,psnTOpt,NPP,0.007592215788019588,2.0820497083203815,1.0406017086506917e-4,1.997015387202566e-10,0.010406017086506916,38.62267,-121.53812,grass
69c398daff357da0,temperate.deciduous,AmaxFrac,NPP,0.04852317301715081,2.035445383317136,0.03863279528389457,-5.106423867452204e-8,3.863279528389458,38.62267,-121.53812,grass
69c398daff357da0,grass,stem_respiration_rate,NPP,0.5838660458481962,0.884086258534358,0.07847677060635584,-2.729442283964738e-10,7.847677060635585,38.62267,-121.53812,grass
69c398daff357da0,temperate.deciduous,fracLeafFall,NPP,0.0029051396029618685,-0.634142963522329,0.03664408870803351,1.4821979553170168e-8,3.664408870803352,38.62267,-121.53812,grass
69c398daff357da0,grass,root_turnover_rate,NPP,3.6831164382354347,-0.5979295109855424,0.0657995570629875,6.746035267817519e-8,6.57995570629875,38.62267,-121.53812,grass
69c398daff357da0,temperate.deciduous,leafGrowth,NPP,0.47439143012718543,-0.5749842044534883,0.03991339519963966,1.0756777560980356e-10,3.991339519963967,38.62267,-121.53812,grass
69c398daff357da0,temperate.deciduous,root_turnover_rate,NPP,1.2324634310283136,-0.562608149370874,0.042451827367214444,7.960747690678116e-9,4.245182736721445,38.62267,-121.53812,grass
69c398daff357da0,temperate.deciduous,GDD,NPP,0.044743576113003856,-0.5474355601409712,0.03867644124604913,2.3858030202329795e-11,3.867644124604914,38.62267,-121.53812,grass
69c398daff357da0,temperate.deciduous,wueConst,NPP,0.21332873211542983,-0.5126419637631782,0.041137458437805655,8.73639688013589e-10,4.113745843780566,38.62267,-121.53812,grass
69c398daff357da0,grass,coarse_root_respiration_Q10,NPP,0.3264722939727177,0.49623228873394987,0.05514954877406794,-3.280084332817081e-9,5.514954877406794,38.62267,-121.53812,grass
69c398daff357da0,temperate.deciduous,veg_respiration_Q10,NPP,0.11222092787454017,-0.47471968262410325,0.038626390871342065,5.64474118484067e-9,3.862639087134207,38.62267,-121.53812,grass
69c398daff357da0,temperate.deciduous,wood_turnover_rate,NPP,0.22606905087321985,-0.41658947998525,0.04077408068425651,1.7635710860342412e-6,4.077408068425652,38.62267,-121.53812,grass
69c398daff357da0,grass,leaf_turnover_rate,NPP,0.8808446906983906,-0.3875752829656616,0.05014230082197096,7.527007792098836e-9,5.014230082197096,38.62267,-121.53812,grass
69c398daff357da0,grass,Vm_low_temp,NPP,0.0036882133453327802,0.38173602136257295,2.198506478097412e-6,-6.343743457616129e-11,2.1985064780974118e-4,38.62267,-121.53812,grass
69c398daff357da0,temperate.deciduous,root_allocation_fraction,NPP,0.23700134304228354,-0.31531805192019713,0.040898938781992564,1.0039707355100647e-7,4.089893878199257,38.62267,-121.53812,grass
69c398daff357da0,temperate.deciduous,growth_resp_factor,NPP,0.5240498102204209,-0.254880844452009,0.03787459100447051,1.6816705760857297e-8,3.787459100447052,38.62267,-121.53812,grass
69c398daff357da0,temperate.deciduous,Amax,NPP,0.23889915367635475,0.23657208796059964,0.03886602337145134,-7.975812963632753e-10,3.886602337145135,38.62267,-121.53812,grass
69c398daff357da0,grass,leaf_respiration_rate_m2,NPP,0.3840637491809258,0.231396216428699,0.047431463531333116,-2.1671634136179227e-8,4.743146353133311,38.62267,-121.53812,grass
69c398daff357da0,grass,leafC,NPP,0.08247397100078632,-0.22084943731390008,0.04918510572927667,9.440509357789998e-11,4.918510572927667,38.62267,-121.53812,grass
69c398daff357da0,temperate.deciduous,leaf_allocation_fraction,NPP,0.11310585475501,-0.21822946356248907,0.04043164031974446,2.5176034084788293e-8,4.043164031974446,38.62267,-121.53812,grass
69c398daff357da0,grass,SLA,NPP,0.5002905583119089,0.18484312674448086,0.05276076936473314,-3.764416347283534e-10,5.276076936473314,38.62267,-121.53812,grass
69c398daff357da0,grass,growth_resp_factor,NPP,0.4121372404528765,-0.1650252205330572,0.045897587691308826,9.438355863632635e-9,4.589758769130882,38.62267,-121.53812,grass
69c398daff357da0,grass,leafGrowth,NPP,0.5821266051341962,0.13975485214988786,0.04888122782503663,-2.4514390856507282e-11,4.888122782503663,38.62267,-121.53812,grass
69c398daff357da0,temperate.deciduous,wood_allocation_fraction,NPP,0.22557627473097958,-0.12747977657419168,0.04008997213827768,6.654698606152519e-9,4.008997213827769,38.62267,-121.53812,grass
69c398daff357da0,grass,Amax,NPP,0.0925322802259662,-0.09327423477644008,0.048169224554261925,2.7551250533231103e-10,4.816922455426193,38.62267,-121.53812,grass
69c398daff357da0,grass,fine_root_respiration_Q10,NPP,0.32777992094136,-0.06908048309769445,0.04584409121531451,4.867910665842732e-10,4.5844091215314515,38.62267,-121.53812,grass
69c398daff357da0,grass,root_respiration_rate,NPP,1.1917426938281932,0.06132894500501394,0.049437886879211884,-5.642246590675923e-11,4.943788687921188,38.62267,-121.53812,grass
69c398daff357da0,grass,AmaxFrac,NPP,0.11524047806471809,-0.05181912655972247,0.04503914812001495,1.5622354310232798e-9,4.503914812001495,38.62267,-121.53812,grass
69c398daff357da0,grass,half_saturation_PAR,NPP,0.423676362529568,0.04897669683123923,0.044927468347502615,-7.035033185498881e-11,4.492746834750261,38.62267,-121.53812,grass
69c398daff357da0,temperate.deciduous,dVpdExp,NPP,0.19225189014032568,0.03801118674700695,0.036711949472777804,-5.857366158555848e-10,3.671194947277781,38.62267,-121.53812,grass
69c398daff357da0,temperate.deciduous,leafWHC,NPP,0.29037619461217085,-0.03200985774964715,0.0366827221577623,3.737554178662304e-9,3.6682722157762306,38.62267,-121.53812,grass
69c398daff357da0,temperate.deciduous,half_saturation_PAR,NPP,0.4347845456434499,-0.029774856984658576,0.03666216756957096,4.5129836023250146e-11,3.666216756957097,38.62267,-121.53812,grass
69c398daff357da0,temperate.deciduous,leaf_turnover_rate,NPP,0.19225231233445972,0.027200430690337618,0.03651074058233876,-8.375785660552062e-10,3.6510740582338768,38.62267,-121.53812,grass
69c398daff357da0,temperate.deciduous,leaf_respiration_rate_m2,NPP,0.21091401741282062,-0.026887969357379356,0.03826741781157515,8.793030122403587e-10,3.8267417811575157,38.62267,-121.53812,grass
69c398daff357da0,temperate.deciduous,SLA,NPP,0.064055337486117,0.022767778713750006,0.03868565499405121,-3.2107549947161616e-11,3.8685654994051215,38.62267,-121.53812,grass
69c398daff357da0,temperate.deciduous,fine_root_respiration_Q10,NPP,0.3237854117070182,0.022000191923288927,0.0367019569498377,-1.5878527822770897e-10,3.670195694983771,38.62267,-121.53812,grass
69c398daff357da0,temperate.deciduous,extinction_coefficient,NPP,0.13848825996617425,0.02098500297259691,0.03657164419096313,-9.806049047536304e-10,3.6571644190963135,38.62267,-121.53812,grass
69c398daff357da0,grass,dVpdExp,NPP,0.29059941459660293,-0.01898445578203035,0.04513566896792397,2.1264907440350372e-10,4.513566896792397,38.62267,-121.53812,grass
69c398daff357da0,temperate.deciduous,stem_respiration_rate,NPP,0.5711292346636633,0.015182139318795012,0.03685905066185899,-7.0355352259522135e-12,3.6859050661858994,38.62267,-121.53812,grass
69c398daff357da0,grass,extinction_coefficient,NPP,0.13867003326405747,0.014711111974219447,0.04532715917864579,-6.58439764316007e-10,4.5327159178645795,38.62267,-121.53812,grass
69c398daff357da0,temperate.deciduous,coarse_root_respiration_Q10,NPP,0.3278886980598058,-0.013768807814543005,0.037007770631272724,1.0063721890699187e-10,3.700777063127273,38.62267,-121.53812,grass
69c398daff357da0,grass,GDD,NPP,0.4655665225024222,-0.012197192030931564,0.04400636320956433,5.768359542143659e-13,4.400636320956433,38.62267,-121.53812,grass
69c398daff357da0,temperate.deciduous,root_respiration_rate,NPP,0.10964326006402972,0.010156751098739723,0.03887951809428753,-2.5147462577226697e-11,3.887951809428754,38.62267,-121.53812,grass
69c398daff357da0,grass,dVPDSlope,NPP,0.5376789264257191,0.007262583720233573,0.04554105901183689,-1.2591122334755338e-9,4.554105901183688,38.62267,-121.53812,grass
69c398daff357da0,grass,veg_respiration_Q10,NPP,0.17334308627468153,-0.0028792181103422894,0.04644408527177259,3.347752400228929e-11,4.644408527177259,38.62267,-121.53812,grass
69c398daff357da0,temperate.deciduous,dVPDSlope,NPP,0.5746719617679705,-9.174199750586535e-4,0.03682622035829559,4.225464277669618e-10,3.6826220358295596,38.62267,-121.53812,grass
69c398daff357da0,temperate.deciduous,Vm_low_temp,NPP,0.014776850424612655,-0,0,0,0,38.62267,-121.53812,grass
69c398daff357da0,temperate.deciduous,psnTOpt,NPP,0.03377170479011718,-0,0,0,0,38.62267,-121.53812,grass
69c398daff357da0,grass,Vm_low_temp,TotSoilCarb,0.0036882133453327802,-2.7382406344386796,1.521639822467559e-5,-0.02609996818424575,0.0015216398224675589,38.62267,-121.53812,grass
69c398daff357da0,temperate.deciduous,leafC,TotSoilCarb,0.001901482640767582,1.4228334098338866,0.03801145460004691,0.2655856108180039,3.801145460004691,38.62267,-121.53812,grass
69c398daff357da0,grass,fracLeafFall,TotSoilCarb,0.0028934835982409968,-1.2375027519139221,0.04841110675394634,-11.007915957531168,4.841110675394634,38.62267,-121.53812,grass
69c398daff357da0,temperate.deciduous,AmaxFrac,TotSoilCarb,0.04852317301715081,0.8113588620750026,0.03802843688554464,8.227995105948033,3.8028436885544643,38.62267,-121.53812,grass
69c398daff357da0,temperate.deciduous,fracLeafFall,TotSoilCarb,0.0029051396029618685,-0.2641719827958094,0.036070840963524274,-2.3882697243617486,3.6070840963524273,38.62267,-121.53812,grass
69c398daff357da0,temperate.deciduous,leafGrowth,TotSoilCarb,0.47439143012718543,-0.22774689527754233,0.03928900352882474,-0.017332425866887047,3.9289003528824735,38.62267,-121.53812,grass
69c398daff357da0,temperate.deciduous,root_turnover_rate,TotSoilCarb,1.2324634310283136,-0.22516341376505256,0.04178772532111236,-1.282717509137518,4.1787725321112354,38.62267,-121.53812,grass
69c398daff357da0,temperate.deciduous,GDD,TotSoilCarb,0.044743576113003856,-0.21944267162854814,0.038071400065011904,-0.0038442511009230684,3.8071400065011902,38.62267,-121.53812,grass
69c398daff357da0,temperate.deciduous,wueConst,TotSoilCarb,0.21332873211542983,-0.19450083863786316,0.040343910610645725,-0.13774732628700959,4.034391061064572,38.62267,-121.53812,grass
69c398daff357da0,temperate.deciduous,veg_respiration_Q10,TotSoilCarb,0.11222092787454017,-0.1888974814965475,0.03802213266145855,-0.9095387309942513,3.8022132661458548,38.62267,-121.53812,grass
69c398daff357da0,grass,leaf_turnover_rate,TotSoilCarb,0.8808446906983906,-0.14053250060281072,0.05415371495361206,-1.0955253941750407,5.415371495361207,38.62267,-121.53812,grass
69c398daff357da0,temperate.deciduous,wood_turnover_rate,TotSoilCarb,0.22606905087321985,-0.12899621424911648,0.039870935171435716,-228.4713719151946,3.9870935171435717,38.62267,-121.53812,grass
69c398daff357da0,temperate.deciduous,root_allocation_fraction,TotSoilCarb,0.23700134304228354,-0.1231899955313415,0.03955094801763891,-16.175559884123217,3.9550948017638907,38.62267,-121.53812,grass
69c398daff357da0,grass,root_turnover_rate,TotSoilCarb,3.6831164382354347,-0.11207311519466284,0.0691840082714038,-4.686527919526716,6.918400827140379,38.62267,-121.53812,grass
69c398daff357da0,temperate.deciduous,Amax,TotSoilCarb,0.23889915367635475,0.09397226827222524,0.03825801643168964,0.12851449807959248,3.825801643168964,38.62267,-121.53812,grass
69c398daff357da0,temperate.deciduous,growth_resp_factor,TotSoilCarb,0.5240498102204209,-0.09060962474451943,0.05380702959271309,-2.7096805179147623,5.380702959271309,38.62267,-121.53812,grass
69c398daff357da0,temperate.deciduous,leaf_allocation_fraction,TotSoilCarb,0.11310585475501,-0.08452878321533738,0.039798759391509946,-4.0642356508580235,3.9798759391509946,38.62267,-121.53812,grass
69c398daff357da0,grass,growth_resp_factor,TotSoilCarb,0.4121372404528765,-0.06660731156616916,0.048723622584664984,-1.520804928653762,4.872362258466499,38.62267,-121.53812,grass
69c398daff357da0,grass,leafGrowth,TotSoilCarb,0.5821266051341962,0.057776657449903256,0.048119370814663165,0.004032219486989497,4.811937081466317,38.62267,-121.53812,grass
69c398daff357da0,grass,psnTOpt,TotSoilCarb,0.007592215788019588,0.05399492036679569,4.0010300042316344e-7,0.0019365439430676396,4.001030004231634e-5,38.62267,-121.53812,grass
69c398daff357da0,temperate.deciduous,wood_allocation_fraction,TotSoilCarb,0.22557627473097958,-0.04971496714482959,0.03970540492098897,-1.0731623971441522,3.9705404920988974,38.62267,-121.53812,grass
69c398daff357da0,grass,coarse_root_respiration_Q10,TotSoilCarb,0.3264722939727177,-0.034079100959150364,0.048248876812658825,-0.09443923463704862,4.824887681265882,38.62267,-121.53812,grass
69c398daff357da0,grass,veg_respiration_Q10,TotSoilCarb,0.17334308627468153,-0.027035371607182383,0.04843920346139056,-0.1182090441018655,4.843920346139056,38.62267,-121.53812,grass
69c398daff357da0,grass,leafC,TotSoilCarb,0.08247397100078632,-0.0264789291643199,0.051703011340464455,-0.0047080181333888915,5.170301134046445,38.62267,-121.53812,grass
69c398daff357da0,grass,dVpdExp,TotSoilCarb,0.29059941459660293,-0.025510595678040322,0.04754138455113985,-0.11349179781586916,4.754138455113985,38.62267,-121.53812,grass
69c398daff357da0,grass,SLA,TotSoilCarb,0.5002905583119089,0.016980596635884807,0.049765005717495016,0.014585442560327178,4.976500571749502,38.62267,-121.53812,grass
69c398daff357da0,temperate.deciduous,dVpdExp,TotSoilCarb,0.19225189014032568,0.015799018103183803,0.03613764013738987,0.09437990526702844,3.613764013738987,38.62267,-121.53812,grass
69c398daff357da0,grass,fine_root_respiration_Q10,TotSoilCarb,0.32777992094136,-0.015209160675894218,0.04784098133172872,-0.04227609067490978,4.784098133172872,38.62267,-121.53812,grass
69c398daff357da0,grass,stem_respiration_rate,TotSoilCarb,0.5838660458481962,-0.014452031178164234,0.04805597432236779,-0.0026032877580114966,4.8055974322367785,38.62267,-121.53812,grass
69c398daff357da0,temperate.deciduous,leafWHC,TotSoilCarb,0.29037619461217085,-0.013308711521721346,0.03610887004461679,-0.6022331535433771,3.610887004461679,38.62267,-121.53812,grass
69c398daff357da0,temperate.deciduous,half_saturation_PAR,TotSoilCarb,0.4347845456434499,-0.012387009643792184,0.0360886370054593,-0.007271783141590382,3.60886370054593,38.62267,-121.53812,grass
69c398daff357da0,temperate.deciduous,leaf_turnover_rate,TotSoilCarb,0.19225231233445972,0.011296929185773609,0.03593957889085973,0.1349592693680517,3.5939578890859734,38.62267,-121.53812,grass
69c398daff357da0,grass,dVPDSlope,TotSoilCarb,0.5376789264257191,-0.011053325297881252,0.0480245427753589,-0.7587995523244295,4.80245427753589,38.62267,-121.53812,grass
69c398daff357da0,temperate.deciduous,leaf_respiration_rate_m2,TotSoilCarb,0.21091401741282062,-0.010717936111088601,0.03766877525496905,-0.14168234108949385,3.7668775254969047,38.62267,-121.53812,grass
69c398daff357da0,grass,half_saturation_PAR,TotSoilCarb,0.423676362529568,0.010423310677571344,0.047769583865882176,0.005917869274932458,4.776958386588218,38.62267,-121.53812,grass
69c398daff357da0,grass,Amax,TotSoilCarb,0.0925322802259662,-0.009699822161431434,0.05114022980463445,-0.011885344391004526,5.114022980463445,38.62267,-121.53812,grass
69c398daff357da0,temperate.deciduous,fine_root_respiration_Q10,TotSoilCarb,0.3237854117070182,0.009139048731206068,0.036127803934102934,0.02558511643503736,3.6127803934102936,38.62267,-121.53812,grass
69c398daff357da0,grass,leaf_respiration_rate_m2,TotSoilCarb,0.3840637491809258,0.009059269440777314,0.04814516966158059,0.3467014717255097,4.814516966158059,38.62267,-121.53812,grass
69c398daff357da0,temperate.deciduous,SLA,TotSoilCarb,0.064055337486117,0.009030373172688113,0.03808046967625285,0.005173498532174081,3.8080469676252853,38.62267,-121.53812,grass
69c398daff357da0,temperate.deciduous,extinction_coefficient,TotSoilCarb,0.13848825996617425,0.008767218620382647,0.03599952974400547,0.1580051434548686,3.599952974400547,38.62267,-121.53812,grass
69c398daff357da0,temperate.deciduous,stem_respiration_rate,TotSoilCarb,0.5711292346636633,0.0063447808297783514,0.03628244012516332,0.0011336377650871046,3.6282440125163324,38.62267,-121.53812,grass
69c398daff357da0,grass,extinction_coefficient,TotSoilCarb,0.13867003326405747,0.005931402460033581,0.04816136467380821,0.10514252498774823,4.8161364673808205,38.62267,-121.53812,grass
69c398daff357da0,temperate.deciduous,coarse_root_respiration_Q10,TotSoilCarb,0.3278886980598058,-0.005744211913929827,0.03642883356961668,-0.01621570332069,3.642883356961668,38.62267,-121.53812,grass
69c398daff357da0,grass,GDD,TotSoilCarb,0.4655665225024222,-0.0051033997246631565,0.046715950449668524,-9.29457391593072e-5,4.671595044966852,38.62267,-121.53812,grass
69c398daff357da0,grass,AmaxFrac,TotSoilCarb,0.11524047806471809,0.004628603232338531,0.04779503832936345,0.0549033522607445,4.779503832936345,38.62267,-121.53812,grass
69c398daff357da0,temperate.deciduous,root_respiration_rate,TotSoilCarb,0.10964326006402972,0.004038837057182709,0.038271300047640615,0.004052017701297039,3.8271300047640615,38.62267,-121.53812,grass
69c398daff357da0,grass,root_respiration_rate,TotSoilCarb,1.1917426938281932,-0.0022365107231096778,0.052046243022943105,-8.600205574259279e-4,5.20462430229431,38.62267,-121.53812,grass
69c398daff357da0,temperate.deciduous,dVPDSlope,TotSoilCarb,0.5746719617679705,-3.8070681104723916e-4,0.036250123407778015,-0.06808502447010767,3.6250123407778014,38.62267,-121.53812,grass
69c398daff357da0,temperate.deciduous,Vm_low_temp,TotSoilCarb,0.014776850424612655,0,0,0,0,38.62267,-121.53812,grass
69c398daff357da0,temperate.deciduous,psnTOpt,TotSoilCarb,0.03377170479011718,0,0,0,0,38.62267,-121.53812,grass
85cd30a1d454404e,temperate.deciduous,leafC,AbvGrndWood,0.001901482640767582,4.228900152345488,0.0386729280669763,1.0679617467403375,3.86729280669763,36.38188,-121.33113,grass
85cd30a1d454404e,grass,fracLeafFall,AbvGrndWood,0.0028934835982409968,-3.5338210846116533,0.04841988920967419,-43.956590804764346,4.8419889209674185,36.38188,-121.33113,grass
85cd30a1d454404e,temperate.deciduous,AmaxFrac,AbvGrndWood,0.04852317301715081,2.3970714721420086,0.038690205877372597,33.08606967996036,3.8690205877372597,36.38188,-121.33113,grass
85cd30a1d454404e,temperate.deciduous,fracLeafFall,AbvGrndWood,0.0029051396029618685,-0.737412171387014,0.036698543967217584,-9.60361029598198,3.6698543967217585,36.38188,-121.33113,grass
85cd30a1d454404e,temperate.deciduous,leafGrowth,AbvGrndWood,0.47439143012718543,-0.6784147563042192,0.039972708839496565,-0.06969642574775184,3.9972708839496565,36.38188,-121.33113,grass
85cd30a1d454404e,grass,root_turnover_rate,AbvGrndWood,3.6831164382354347,-0.6688202915200148,0.069202561978708,-41.768671202155545,6.9202561978708,36.38188,-121.33113,grass
85cd30a1d454404e,temperate.deciduous,root_turnover_rate,AbvGrndWood,1.2324634310283136,-0.661782603427694,0.0425149132657488,-5.158009981842252,4.25149132657488,36.38188,-121.33113,grass
85cd30a1d454404e,temperate.deciduous,GDD,AbvGrndWood,0.044743576113003856,-0.6436324201661571,0.03873391669997984,-0.015458341692553779,3.873391669997984,36.38188,-121.33113,grass
85cd30a1d454404e,temperate.deciduous,veg_respiration_Q10,AbvGrndWood,0.11222092787454017,-0.559351631122561,0.03868379194748843,-3.657399092100114,3.868379194748843,36.38188,-121.33113,grass
85cd30a1d454404e,temperate.deciduous,wueConst,AbvGrndWood,0.21332873211542983,-0.511551885891342,0.04041791963135454,-0.47338573097128656,4.041791963135454,36.38188,-121.33113,grass
85cd30a1d454404e,temperate.deciduous,wood_turnover_rate,AbvGrndWood,0.22606905087321985,-0.5042624774053187,0.04082910443850417,-1162.362202402176,4.082910443850417,36.38188,-121.33113,grass
85cd30a1d454404e,grass,leaf_turnover_rate,AbvGrndWood,0.8808446906983906,-0.4135627284681563,0.051025305214327986,-4.352955318054958,5.102530521432799,36.38188,-121.33113,grass
85cd30a1d454404e,temperate.deciduous,root_allocation_fraction,AbvGrndWood,0.23700134304228354,-0.3737860937116588,0.04095979331837077,-65.04796364495127,4.095979331837077,36.38188,-121.33113,grass
85cd30a1d454404e,temperate.deciduous,growth_resp_factor,AbvGrndWood,0.5240498102204209,-0.3038111634843995,0.037012976408226636,-10.896053931941317,3.7012976408226637,36.38188,-121.33113,grass
85cd30a1d454404e,temperate.deciduous,Amax,AbvGrndWood,0.23889915367635475,0.278890874926312,0.03892378055550931,0.5167771229315292,3.892378055550931,36.38188,-121.33113,grass
85cd30a1d454404e,temperate.deciduous,leaf_allocation_fraction,AbvGrndWood,0.11310585475501,-0.26116478669769744,0.04067942167990329,-16.489619492761165,4.067942167990329,36.38188,-121.33113,grass
85cd30a1d454404e,grass,psnTOpt,AbvGrndWood,0.007592215788019588,0.21804786290674819,1.5165608052559272e-6,0.015159296201280599,1.5165608052559272e-4,36.38188,-121.33113,grass
85cd30a1d454404e,grass,growth_resp_factor,AbvGrndWood,0.4121372404528765,-0.19363509412396882,0.048733380181346014,-6.115397152179995,4.873338018134602,36.38188,-121.33113,grass
85cd30a1d454404e,grass,stem_respiration_rate,AbvGrndWood,0.5838660458481962,-0.15965173020428938,0.04995589031808701,-0.03976678171333348,4.995589031808701,36.38188,-121.33113,grass
85cd30a1d454404e,temperate.deciduous,wood_allocation_fraction,AbvGrndWood,0.22557627473097958,-0.1358934752982037,0.04017985463581773,-3.87219837559023,4.017985463581773,36.38188,-121.33113,grass
85cd30a1d454404e,grass,Amax,AbvGrndWood,0.0925322802259662,-0.07004971991158428,0.05118402373044336,-0.11335781804923606,5.118402373044336,36.38188,-121.33113,grass
85cd30a1d454404e,grass,leafGrowth,AbvGrndWood,0.5821266051341962,-0.06361786686992554,0.047938059566499706,-0.00599314894150256,4.793805956649971,36.38188,-121.33113,grass
85cd30a1d454404e,grass,fine_root_respiration_Q10,AbvGrndWood,0.32777992094136,-0.052558563146691516,0.048011269282814975,-0.205875790788709,4.801126928281498,36.38188,-121.33113,grass
85cd30a1d454404e,temperate.deciduous,dVpdExp,AbvGrndWood,0.19225189014032568,0.04422916577109799,0.036766505577027556,0.3795165264252027,3.6766505577027555,36.38188,-121.33113,grass
85cd30a1d454404e,grass,half_saturation_PAR,AbvGrndWood,0.423676362529568,0.03991685418262387,0.04775909577745077,0.03183044224164078,4.775909577745077,36.38188,-121.33113,grass
85cd30a1d454404e,temperate.deciduous,leafWHC,AbvGrndWood,0.29037619461217085,-0.037242915472138406,0.03673723482851239,-2.421674761001526,3.6737234828512393,36.38188,-121.33113,grass
85cd30a1d454404e,temperate.deciduous,half_saturation_PAR,AbvGrndWood,0.4347845456434499,-0.034636629135962785,0.036716649695000735,-0.029240990134558498,3.6716649695000734,36.38188,-121.33113,grass
85cd30a1d454404e,temperate.deciduous,leaf_respiration_rate_m2,AbvGrndWood,0.21091401741282062,-0.03166501105475071,0.03832428543275788,-0.5697271023311856,3.8324285432757876,36.38188,-121.33113,grass
85cd30a1d454404e,temperate.deciduous,leaf_turnover_rate,AbvGrndWood,0.19225231233445972,0.03165677402475718,0.036564997678408324,0.5426925676025149,3.6564997678408324,36.38188,-121.33113,grass
85cd30a1d454404e,grass,Vm_low_temp,AbvGrndWood,0.0036882133453327802,0.030371756778138304,4.615471220836174e-9,0.0018276782419376642,4.6154712208361744e-7,36.38188,-121.33113,grass
85cd30a1d454404e,grass,coarse_root_respiration_Q10,AbvGrndWood,0.3264722939727177,-0.02918002163957352,0.04838503275129233,-0.11316065268791231,4.8385032751292325,36.38188,-121.33113,grass
85cd30a1d454404e,grass,dVpdExp,AbvGrndWood,0.29059941459660293,-0.02901281419342351,0.04779459440017662,-0.17983926587356258,4.7794594400176615,36.38188,-121.33113,grass
85cd30a1d454404e,grass,SLA,AbvGrndWood,0.5002905583119089,-0.0275086086168637,0.05308401574329948,-0.029713035243503993,5.308401574329948,36.38188,-121.33113,grass
85cd30a1d454404e,temperate.deciduous,SLA,AbvGrndWood,0.064055337486117,0.026852510622388935,0.038743144140150364,0.020803455850495922,3.8743144140150365,36.38188,-121.33113,grass
85cd30a1d454404e,temperate.deciduous,fine_root_respiration_Q10,AbvGrndWood,0.3237854117070182,0.02560307673585121,0.036756498204613894,0.10288179978712009,3.6756498204613894,36.38188,-121.33113,grass
85cd30a1d454404e,temperate.deciduous,extinction_coefficient,AbvGrndWood,0.13848825996617425,0.024382767298516107,0.03662599179335745,0.6353636722949574,3.662599179335745,36.38188,-121.33113,grass
85cd30a1d454404e,grass,AmaxFrac,AbvGrndWood,0.11524047806471809,-0.023438085896463647,0.047834394483421236,-0.39296527466167674,4.783439448342124,36.38188,-121.33113,grass
85cd30a1d454404e,grass,veg_respiration_Q10,AbvGrndWood,0.17334308627468153,0.01841154697749667,0.04701879809433739,0.11372564816733544,4.7018798094337395,36.38188,-121.33113,grass
85cd30a1d454404e,temperate.deciduous,stem_respiration_rate,AbvGrndWood,0.5711292346636633,0.017638861436184275,0.03691382536707987,0.004558536752214654,3.691382536707987,36.38188,-121.33113,grass
85cd30a1d454404e,grass,extinction_coefficient,AbvGrndWood,0.13867003326405747,0.017045821689558673,0.04817093281730207,0.4244646266721901,4.817093281730207,36.38188,-121.33113,grass
85cd30a1d454404e,temperate.deciduous,coarse_root_respiration_Q10,AbvGrndWood,0.3278886980598058,-0.01600451471661128,0.037062766343066995,-0.06520590776604429,3.7062766343066995,36.38188,-121.33113,grass
85cd30a1d454404e,grass,GDD,AbvGrndWood,0.4655665225024222,-0.014166223260877372,0.046725305981521005,-3.737495176749858e-4,4.6725305981521,36.38188,-121.33113,grass
85cd30a1d454404e,temperate.deciduous,root_respiration_rate,AbvGrndWood,0.10964326006402972,0.011969819943446482,0.03893729533229296,0.01629380405350922,3.8937295332292963,36.38188,-121.33113,grass
85cd30a1d454404e,grass,root_respiration_rate,AbvGrndWood,1.1917426938281932,0.011965261892481021,0.05163186411143123,0.0060928865414671685,5.163186411143124,36.38188,-121.33113,grass
85cd30a1d454404e,grass,leafC,AbvGrndWood,0.08247397100078632,-0.007038645809351337,0.051701948863049574,-0.0016442479322933412,5.170194886304957,36.38188,-121.33113,grass
85cd30a1d454404e,grass,leaf_respiration_rate_m2,AbvGrndWood,0.3840637491809258,-0.004225404225409253,0.04829406393081594,-0.22627665416216303,4.8294063930815945,36.38188,-121.33113,grass
85cd30a1d454404e,temperate.deciduous,dVPDSlope,AbvGrndWood,0.5746719617679705,-0.001067973818122702,0.036880946275765075,-0.2737806518809691,3.6880946275765076,36.38188,-121.33113,grass
85cd30a1d454404e,grass,dVPDSlope,AbvGrndWood,0.5376789264257191,2.381264863521986e-4,0.047128052387724606,0.023883949360907764,4.712805238772461,36.38188,-121.33113,grass
85cd30a1d454404e,temperate.deciduous,Vm_low_temp,AbvGrndWood,0.014776850424612655,0,0,0,0,36.38188,-121.33113,grass
85cd30a1d454404e,temperate.deciduous,psnTOpt,AbvGrndWood,0.03377170479011718,0,0,0,0,36.38188,-121.33113,grass
85cd30a1d454404e,temperate.deciduous,leafC,NPP,0.001901482640767582,5.004256844488207,0.038629537430217936,-1.2083764388939274e-9,3.8629537430217935,36.38188,-121.33113,grass
85cd30a1d454404e,grass,fracLeafFall,NPP,0.0028934835982409968,-2.9407722806014,0.04532231130846789,3.332211592603066e-8,4.532231130846789,36.38188,-121.33113,grass
85cd30a1d454404e,temperate.deciduous,AmaxFrac,NPP,0.04852317301715081,2.8318874450747025,0.03864679585508455,-3.7436197671775946e-8,3.864679585508455,36.38188,-121.33113,grass
85cd30a1d454404e,grass,psnTOpt,NPP,0.007592215788019588,1.9418208430509603,7.185773637641621e-5,1.2271201446831352e-10,0.007185773637641621,36.38188,-121.33113,grass
85cd30a1d454404e,grass,stem_respiration_rate,NPP,0.5838660458481962,1.781221197158248,0.08720566151444177,-2.244590468465555e-10,8.720566151444178,36.38188,-121.33113,grass
85cd30a1d454404e,temperate.deciduous,wueConst,NPP,0.21332873211542983,-1.017028245057781,0.04170637115923424,8.859388369189244e-10,4.170637115923424,36.38188,-121.33113,grass
85cd30a1d454404e,temperate.deciduous,fracLeafFall,NPP,0.0029051396029618685,-0.8581929454941469,0.03665736856958323,1.0866284719845296e-8,3.665736856958323,36.38188,-121.33113,grass
85cd30a1d454404e,grass,veg_respiration_Q10,NPP,0.17334308627468153,-0.8387491080451314,0.050769856402471454,4.8402802028853075e-9,5.076985640247146,36.38188,-121.33113,grass
85cd30a1d454404e,grass,root_turnover_rate,NPP,3.6831164382354347,-0.8242334416116792,0.06455369119363955,4.909424118928001e-8,6.455369119363954,36.38188,-121.33113,grass
85cd30a1d454404e,temperate.deciduous,leafGrowth,NPP,0.47439143012718543,-0.8032961761840647,0.039927859861769846,7.886005187522824e-11,3.9927859861769845,36.38188,-121.33113,grass
85cd30a1d454404e,temperate.deciduous,root_turnover_rate,NPP,1.2324634310283136,-0.7807199604117919,0.042467211960196434,5.83618069903887e-9,4.246721196019643,36.38188,-121.33113,grass
85cd30a1d454404e,temperate.deciduous,GDD,NPP,0.044743576113003856,-0.7588794948559715,0.03869045763458797,1.7490791166132667e-11,3.869045763458797,36.38188,-121.33113,grass
85cd30a1d454404e,temperate.deciduous,veg_respiration_Q10,NPP,0.11222092787454017,-0.6612291314899534,0.038640389121565276,4.1382707798431246e-9,3.8640389121565275,36.38188,-121.33113,grass
85cd30a1d454404e,temperate.deciduous,wood_turnover_rate,NPP,0.22606905087321985,-0.5940278710966741,0.040789253591645556,1.2956938105404658e-6,4.078925359164556,36.38188,-121.33113,grass
85cd30a1d454404e,grass,leaf_turnover_rate,NPP,0.8808446906983906,-0.5337310831641077,0.04908154624721142,5.419884765187224e-9,4.908154624721142,36.38188,-121.33113,grass
85cd30a1d454404e,grass,coarse_root_respiration_Q10,NPP,0.3264722939727177,0.49924405484862466,0.05029490658835422,-1.7749020162245368e-9,5.029490658835422,36.38188,-121.33113,grass
85cd30a1d454404e,temperate.deciduous,root_allocation_fraction,NPP,0.23700134304228354,-0.4462790475676064,0.040913409011454106,7.377587606971598e-8,4.0913409011454105,36.38188,-121.33113,grass
85cd30a1d454404e,temperate.deciduous,growth_resp_factor,NPP,0.5240498102204209,-0.37352582831461334,0.0369528558445026,1.2328657733727379e-8,3.69528558445026,36.38188,-121.33113,grass
85cd30a1d454404e,temperate.deciduous,Amax,NPP,0.23889915367635475,0.32989074086341985,0.03888010846477904,-5.847225346936266e-10,3.8880108464779037,36.38188,-121.33113,grass
85cd30a1d454404e,grass,leaf_respiration_rate_m2,NPP,0.3840637491809258,0.3057410851453282,0.0463524521942996,-1.514473751898158e-8,4.63524521942996,36.38188,-121.33113,grass
85cd30a1d454404e,temperate.deciduous,leaf_allocation_fraction,NPP,0.11310585475501,-0.29529777435873245,0.04045418313930966,1.758064549188933e-8,4.045418313930966,36.38188,-121.33113,grass
85cd30a1d454404e,grass,Vm_low_temp,NPP,0.0036882133453327802,-0.24616991107339958,1.3228337415544047e-7,1.1506561011364902e-11,1.3228337415544047e-5,36.38188,-121.33113,grass
85cd30a1d454404e,grass,growth_resp_factor,NPP,0.4121372404528765,-0.22776007484037525,0.045114614399707924,6.919444311304493e-9,4.511461439970792,36.38188,-121.33113,grass
85cd30a1d454404e,grass,Amax,NPP,0.0925322802259662,-0.21418201434358206,0.047411836389578056,3.2728352574183544e-10,4.741183638957805,36.38188,-121.33113,grass
85cd30a1d454404e,grass,leafC,NPP,0.08247397100078632,-0.2140773179638535,0.04818840204465462,4.741260722826603e-11,4.818840204465462,36.38188,-121.33113,grass
85cd30a1d454404e,temperate.deciduous,wood_allocation_fraction,NPP,0.22557627473097958,-0.17423055254875616,0.04011562101471706,4.719784482837264e-9,4.011562101471706,36.38188,-121.33113,grass
85cd30a1d454404e,grass,SLA,NPP,0.5002905583119089,0.1463501570044915,0.05512290521954817,-1.550198122388234e-10,5.512290521954817,36.38188,-121.33113,grass
85cd30a1d454404e,grass,AmaxFrac,NPP,0.11524047806471809,-0.14340244465668134,0.04434388649465083,2.3116599066366523e-9,4.434388649465084,36.38188,-121.33113,grass
85cd30a1d454404e,grass,fine_root_respiration_Q10,NPP,0.32777992094136,-0.12364224613834114,0.04566807242533856,4.640469192247438e-10,4.566807242533856,36.38188,-121.33113,grass
85cd30a1d454404e,grass,half_saturation_PAR,NPP,0.423676362529568,0.09560602212753852,0.044038197724726835,-7.317024107236718e-11,4.4038197724726835,36.38188,-121.33113,grass
85cd30a1d454404e,grass,root_respiration_rate,NPP,1.1917426938281932,0.0761916923855755,0.048541397420419456,-3.6322352533052865e-11,4.854139742041945,36.38188,-121.33113,grass
85cd30a1d454404e,grass,leafGrowth,NPP,0.5821266051341962,0.060587223784793885,0.05050931316938364,-5.751383836401838e-12,5.050931316938364,36.38188,-121.33113,grass
85cd30a1d454404e,grass,dVpdExp,NPP,0.29059941459660293,-0.05240509561212934,0.04417862363483018,3.151008750314297e-10,4.417862363483018,36.38188,-121.33113,grass
85cd30a1d454404e,temperate.deciduous,dVpdExp,NPP,0.19225189014032568,0.05151151198318569,0.03672525392714977,-4.2941503298486257e-10,3.6725253927149772,36.38188,-121.33113,grass
85cd30a1d454404e,temperate.deciduous,leafWHC,NPP,0.29037619461217085,-0.04337060022398304,0.03669601602012038,2.7400744762534733e-9,3.669601602012038,36.38188,-121.33113,grass
85cd30a1d454404e,temperate.deciduous,half_saturation_PAR,NPP,0.4347845456434499,-0.040327449457705604,0.03667545398292171,3.308557037401163e-11,3.6675453982921713,36.38188,-121.33113,grass
85cd30a1d454404e,temperate.deciduous,leaf_respiration_rate_m2,NPP,0.21091401741282062,-0.03740888643496968,0.03828128596953241,6.446343318546834e-10,3.828128596953241,36.38188,-121.33113,grass
85cd30a1d454404e,temperate.deciduous,leaf_turnover_rate,NPP,0.19225231233445972,0.03687837722066651,0.03652397211836833,-6.140453197460496e-10,3.652397211836833,36.38188,-121.33113,grass
85cd30a1d454404e,temperate.deciduous,SLA,NPP,0.064055337486117,0.03178000393458479,0.03869967472166333,-2.3538676337458918e-11,3.869967472166333,36.38188,-121.33113,grass
85cd30a1d454404e,temperate.deciduous,fine_root_respiration_Q10,NPP,0.3237854117070182,0.029824130679543065,0.03671525778290743,-1.1640861035819756e-10,3.671525778290743,36.38188,-121.33113,grass
85cd30a1d454404e,temperate.deciduous,extinction_coefficient,NPP,0.13848825996617425,0.028349774900875205,0.036584897798533265,-7.189007415983781e-10,3.6584897798533267,36.38188,-121.33113,grass
85cd30a1d454404e,temperate.deciduous,stem_respiration_rate,NPP,0.5711292346636633,0.02050664888327423,0.03687240842587772,-5.157889244648671e-12,3.6872408425877716,36.38188,-121.33113,grass
85cd30a1d454404e,grass,extinction_coefficient,NPP,0.13867003326405747,0.020363536133874788,0.044553324241040394,-4.8708866001216e-10,4.455332424104039,36.38188,-121.33113,grass
85cd30a1d454404e,temperate.deciduous,coarse_root_respiration_Q10,NPP,0.3278886980598058,-0.018617025024429894,0.03702118229158615,7.377912445054596e-11,3.702118229158615,36.38188,-121.33113,grass
85cd30a1d454404e,grass,GDD,NPP,0.4655665225024222,-0.016463074617581785,0.04325565257777002,4.228897828830461e-13,4.325565257777002,36.38188,-121.33113,grass
85cd30a1d454404e,temperate.deciduous,root_respiration_rate,NPP,0.10964326006402972,0.01415328316929234,0.03889360807811891,-1.8436099399919124e-11,3.889360807811891,36.38188,-121.33113,grass
85cd30a1d454404e,grass,dVPDSlope,NPP,0.5376789264257191,-0.002862821078042356,0.04542135878971495,2.5085250558058495e-10,4.542135878971495,36.38188,-121.33113,grass
85cd30a1d454404e,temperate.deciduous,dVPDSlope,NPP,0.5746719617679705,-0.0012444709336732831,0.036839566224573066,3.0977709657463934e-10,3.6839566224573064,36.38188,-121.33113,grass
85cd30a1d454404e,temperate.deciduous,Vm_low_temp,NPP,0.014776850424612655,-0,0,0,0,36.38188,-121.33113,grass
85cd30a1d454404e,temperate.deciduous,psnTOpt,NPP,0.03377170479011718,-0,0,0,0,36.38188,-121.33113,grass
85cd30a1d454404e,temperate.deciduous,leafC,TotSoilCarb,0.001901482640767582,1.944530244266655,0.03868061472378307,0.3961011433879378,3.868061472378307,36.38188,-121.33113,grass
85cd30a1d454404e,grass,fracLeafFall,TotSoilCarb,0.0028934835982409968,-1.6833799439072463,0.0489465566534474,-16.44323581724086,4.89465566534474,36.38188,-121.33113,grass
85cd30a1d454404e,temperate.deciduous,AmaxFrac,TotSoilCarb,0.04852317301715081,1.1076130462795002,0.0386978959683284,12.271441435469,3.86978959683284,36.38188,-121.33113,grass
85cd30a1d454404e,grass,Vm_low_temp,TotSoilCarb,0.0036882133453327802,-0.3619138533726224,1.1785458948389792e-6,-0.010773842788705319,1.1785458948389792e-4,36.38188,-121.33113,grass
85cd30a1d454404e,temperate.deciduous,fracLeafFall,TotSoilCarb,0.0029051396029618685,-0.35673858896869814,0.03670583819413247,-3.561926286687026,3.670583819413247,36.38188,-121.33113,grass
85cd30a1d454404e,temperate.deciduous,leafGrowth,TotSoilCarb,0.47439143012718543,-0.3113817721691846,0.039980653841590885,-0.02585002132613761,3.9980653841590885,36.38188,-121.33113,grass
85cd30a1d454404e,temperate.deciduous,root_turnover_rate,TotSoilCarb,1.2324634310283136,-0.3070800239829575,0.04252336355807932,-1.9130775588639681,4.252336355807932,36.38188,-121.33113,grass
85cd30a1d454404e,temperate.deciduous,GDD,TotSoilCarb,0.044743576113003856,-0.29916149642410533,0.03874161547892771,-0.005733413989771591,3.874161547892771,36.38188,-121.33113,grass
85cd30a1d454404e,temperate.deciduous,veg_respiration_Q10,TotSoilCarb,0.11222092787454017,-0.2579800793524301,0.03869148076360728,-1.3565092257551505,3.869148076360728,36.38188,-121.33113,grass
85cd30a1d454404e,temperate.deciduous,wueConst,TotSoilCarb,0.21332873211542983,-0.25549804465429177,0.04099719281519025,-0.1964670903590382,4.099719281519025,36.38188,-121.33113,grass
85cd30a1d454404e,grass,root_turnover_rate,TotSoilCarb,3.6831164382354347,-0.1963337954239718,0.06449579254528168,-9.120435528621847,6.449579254528167,36.38188,-121.33113,grass
85cd30a1d454404e,grass,leaf_turnover_rate,TotSoilCarb,0.8808446906983906,-0.18888287936976933,0.05403362095717637,-1.6379234425650564,5.403362095717637,36.38188,-121.33113,grass
85cd30a1d454404e,temperate.deciduous,wood_turnover_rate,TotSoilCarb,0.22606905087321985,-0.18566619706130652,0.04049531962593594,-356.7331971523313,4.049531962593593,36.38188,-121.33113,grass
85cd30a1d454404e,temperate.deciduous,root_allocation_fraction,TotSoilCarb,0.23700134304228354,-0.16887941271429358,0.040249669396578563,-24.079898419982612,4.0249669396578565,36.38188,-121.33113,grass
85cd30a1d454404e,temperate.deciduous,Amax,TotSoilCarb,0.23889915367635475,0.12839305302187917,0.038931517071922904,0.19166979519134064,3.8931517071922905,36.38188,-121.33113,grass
85cd30a1d454404e,temperate.deciduous,growth_resp_factor,TotSoilCarb,0.5240498102204209,-0.1253402780274089,0.03727398317044566,-4.041286529252382,3.727398317044566,36.38188,-121.33113,grass
85cd30a1d454404e,temperate.deciduous,leaf_allocation_fraction,TotSoilCarb,0.11310585475501,-0.11272306311399839,0.040506568751525966,-5.877842140657094,4.050656875152597,36.38188,-121.33113,grass
85cd30a1d454404e,grass,growth_resp_factor,TotSoilCarb,0.4121372404528765,-0.09065243824898937,0.04926244929775706,-2.268167199474405,4.926244929775706,36.38188,-121.33113,grass
85cd30a1d454404e,temperate.deciduous,wood_allocation_fraction,TotSoilCarb,0.22557627473097958,-0.06908116992834805,0.04040529396496265,-1.6201118261532308,4.040529396496265,36.38188,-121.33113,grass
85cd30a1d454404e,grass,leafGrowth,TotSoilCarb,0.5821266051341962,0.06894073617873045,0.046438191975548354,0.005267096994340265,4.643819197554835,36.38188,-121.33113,grass
85cd30a1d454404e,grass,leafC,TotSoilCarb,0.08247397100078632,-0.03559266385384352,0.052265837236710404,-0.006872377360118698,5.22658372367104,36.38188,-121.33113,grass
85cd30a1d454404e,grass,veg_respiration_Q10,TotSoilCarb,0.17334308627468153,-0.033119982989755166,0.0479176709312476,-0.16134505473522065,4.7917670931247605,36.38188,-121.33113,grass
85cd30a1d454404e,grass,coarse_root_respiration_Q10,TotSoilCarb,0.3264722939727177,-0.028574527696749234,0.04892376368663502,-0.08697869430692551,4.892376368663502,36.38188,-121.33113,grass
85cd30a1d454404e,grass,SLA,TotSoilCarb,0.5002905583119089,0.025687631016156464,0.04863674781319938,0.02396495226502726,4.863674781319938,36.38188,-121.33113,grass
85cd30a1d454404e,temperate.deciduous,dVpdExp,TotSoilCarb,0.19225189014032568,0.021347088308270024,0.03677381331203704,0.14076059419775433,3.6773813312037036,36.38188,-121.33113,grass
85cd30a1d454404e,grass,stem_respiration_rate,TotSoilCarb,0.5838660458481962,-0.02074104268737459,0.04863893278763294,-0.004107398184061042,4.863893278763294,36.38188,-121.33113,grass
85cd30a1d454404e,grass,fine_root_respiration_Q10,TotSoilCarb,0.32777992094136,-0.020669564411346028,0.04836326921471304,-0.06306926986218331,4.836326921471304,36.38188,-121.33113,grass
85cd30a1d454404e,grass,dVpdExp,TotSoilCarb,0.29059941459660293,-0.018895415359973133,0.048149608657374596,-0.09237632413233943,4.81496086573746,36.38188,-121.33113,grass
85cd30a1d454404e,temperate.deciduous,leafWHC,TotSoilCarb,0.29037619461217085,-0.017980890139690398,0.03674453674564851,-0.8981858616885816,3.674453674564851,36.38188,-121.33113,grass
85cd30a1d454404e,temperate.deciduous,half_saturation_PAR,TotSoilCarb,0.4347845456434499,-0.01673306698612265,0.03672394752062208,-0.010845322560893267,3.672394752062208,36.38188,-121.33113,grass
85cd30a1d454404e,grass,half_saturation_PAR,TotSoilCarb,0.423676362529568,0.01550404740142011,0.04830661675625409,0.009675108870345506,4.830661675625409,36.38188,-121.33113,grass
85cd30a1d454404e,temperate.deciduous,leaf_turnover_rate,TotSoilCarb,0.19225231233445972,0.01526695298023313,0.036572265361574374,0.20128169121375805,3.657226536157437,36.38188,-121.33113,grass
85cd30a1d454404e,temperate.deciduous,leaf_respiration_rate_m2,TotSoilCarb,0.21091401741282062,-0.014631415118866268,0.03833190279312366,-0.21130865158913537,3.8331902793123658,36.38188,-121.33113,grass
85cd30a1d454404e,grass,Amax,TotSoilCarb,0.0925322802259662,-0.01290210422237184,0.05169594818291714,-0.0171747919458749,5.1695948182917135,36.38188,-121.33113,grass
85cd30a1d454404e,temperate.deciduous,fine_root_respiration_Q10,TotSoilCarb,0.3237854117070182,0.012350101064623082,0.03676380395055141,0.03815829420283068,3.6763803950551415,36.38188,-121.33113,grass
85cd30a1d454404e,temperate.deciduous,SLA,TotSoilCarb,0.064055337486117,0.012342541727264168,0.03875084475315035,0.0077158874594083215,3.8750844753150346,36.38188,-121.33113,grass
85cd30a1d454404e,temperate.deciduous,extinction_coefficient,TotSoilCarb,0.13848825996617425,0.011830722704647906,0.0366332715997542,0.23565289471400064,3.66332715997542,36.38188,-121.33113,grass
85cd30a1d454404e,grass,leaf_respiration_rate_m2,TotSoilCarb,0.3840637491809258,0.011177303880551187,0.04869064915544099,0.4699918333561257,4.869064915544099,36.38188,-121.33113,grass
85cd30a1d454404e,temperate.deciduous,stem_respiration_rate,TotSoilCarb,0.5711292346636633,0.008561172546402642,0.03692116238346844,0.0016907362321163522,3.692116238346844,36.38188,-121.33113,grass
85cd30a1d454404e,grass,psnTOpt,TotSoilCarb,0.007592215788019588,-0.008224153589584424,4.759774591526597e-9,-3.1329104724840185e-4,4.759774591526597e-7,36.38188,-121.33113,grass
85cd30a1d454404e,grass,extinction_coefficient,TotSoilCarb,0.13867003326405747,0.008058203718251097,0.04869395060459471,0.15699361066371864,4.869395060459471,36.38188,-121.33113,grass
85cd30a1d454404e,temperate.deciduous,coarse_root_respiration_Q10,TotSoilCarb,0.3278886980598058,-0.007754163243921843,0.03707013296306264,-0.024184512882237552,3.7070132963062643,36.38188,-121.33113,grass
85cd30a1d454404e,grass,GDD,TotSoilCarb,0.4655665225024222,-0.006884092921528793,0.047232574639219024,-1.3862164234216406e-4,4.723257463921902,36.38188,-121.33113,grass
85cd30a1d454404e,grass,AmaxFrac,TotSoilCarb,0.11524047806471809,0.006746156807502,0.04831119481633603,0.08800870506189185,4.8311194816336025,36.38188,-121.33113,grass
85cd30a1d454404e,temperate.deciduous,root_respiration_rate,TotSoilCarb,0.10964326006402972,0.005516781516820118,0.03894503453491255,0.006043282388562332,3.8945034534912546,36.38188,-121.33113,grass
85cd30a1d454404e,grass,dVPDSlope,TotSoilCarb,0.5376789264257191,-0.005123913510296487,0.048587048492349974,-0.3862941490546916,4.858704849234997,36.38188,-121.33113,grass
85cd30a1d454404e,grass,root_respiration_rate,TotSoilCarb,1.1917426938281932,0.0012754330281453438,0.052408392290494724,5.321797782728288e-4,5.240839229049472,36.38188,-121.33113,grass
85cd30a1d454404e,temperate.deciduous,dVPDSlope,TotSoilCarb,0.5746719617679705,-5.14603800709824e-4,0.03688827675708367,-0.10154373935073124,3.6888276757083673,36.38188,-121.33113,grass
85cd30a1d454404e,temperate.deciduous,Vm_low_temp,TotSoilCarb,0.014776850424612655,0,0,0,0,36.38188,-121.33113,grass
85cd30a1d454404e,temperate.deciduous,psnTOpt,TotSoilCarb,0.03377170479011718,0,0,0,0,36.38188,-121.33113,grass
97d82456aa198af6,temperate.deciduous,leafC,AbvGrndWood,0.001901482640767582,3.632897059483004,0.03857919986524464,0.9861306186035819,3.857919986524464,34.12896,-119.13588,grass
97d82456aa198af6,grass,fracLeafFall,AbvGrndWood,0.0028934835982409968,-3.083355119300238,0.04852710813999878,-40.940833031942475,4.852710813999878,34.12896,-119.13588,grass
97d82456aa198af6,temperate.deciduous,AmaxFrac,AbvGrndWood,0.04852317301715081,2.061857825607192,0.03859643580091928,30.55089422467222,3.859643580091928,34.12896,-119.13588,grass
97d82456aa198af6,temperate.deciduous,fracLeafFall,AbvGrndWood,0.0029051396029618685,-0.6417745371953915,0.036609600907973126,-8.867746612563678,3.6609600907973125,34.12896,-119.13588,grass
97d82456aa198af6,temperate.deciduous,leafGrowth,AbvGrndWood,0.47439143012718543,-0.5825253876024332,0.03987583047250608,-0.06435603114705878,3.9875830472506077,34.12896,-119.13588,grass
97d82456aa198af6,grass,root_turnover_rate,AbvGrndWood,3.6831164382354347,-0.5760315679769027,0.06935419912171545,-38.57487474148204,6.935419912171545,34.12896,-119.13588,grass
97d82456aa198af6,temperate.deciduous,root_turnover_rate,AbvGrndWood,1.2324634310283136,-0.5698595749896618,0.04241187357968533,-4.762784425268573,4.241187357968533,34.12896,-119.13588,grass
97d82456aa198af6,temperate.deciduous,GDD,AbvGrndWood,0.044743576113003856,-0.5544723396888208,0.03864004068541932,-0.014273867114052985,3.8640040685419317,34.12896,-119.13588,grass
97d82456aa198af6,temperate.deciduous,veg_respiration_Q10,AbvGrndWood,0.11222092787454017,-0.4808980470200504,0.03859003741591739,-3.377155820591156,3.859003741591739,34.12896,-119.13588,grass
97d82456aa198af6,temperate.deciduous,wood_turnover_rate,AbvGrndWood,0.22606905087321985,-0.43196691977993856,0.04072870678916715,-1079.011626364876,4.072870678916715,34.12896,-119.13588,grass
97d82456aa198af6,temperate.deciduous,wueConst,AbvGrndWood,0.21332873211542983,-0.38723479118304216,0.04050674762711624,-0.387053553166115,4.0506747627116235,34.12896,-119.13588,grass
97d82456aa198af6,grass,leaf_turnover_rate,AbvGrndWood,0.8808446906983906,-0.3536718895801391,0.051103461253775385,-4.014132704984649,5.110346125377538,34.12896,-119.13588,grass
97d82456aa198af6,temperate.deciduous,root_allocation_fraction,AbvGrndWood,0.23700134304228354,-0.3195659497154847,0.040860503556837194,-60.066440666517735,4.086050355683719,34.12896,-119.13588,grass
97d82456aa198af6,temperate.deciduous,growth_resp_factor,AbvGrndWood,0.5240498102204209,-0.2565130851090292,0.03906534081968186,-10.061158498456663,3.906534081968186,34.12896,-119.13588,grass
97d82456aa198af6,temperate.deciduous,Amax,AbvGrndWood,0.23889915367635475,0.23966000442813323,0.03882944438448685,0.4771797730322165,3.882944438448685,34.12896,-119.13588,grass
97d82456aa198af6,temperate.deciduous,leaf_allocation_fraction,AbvGrndWood,0.11310585475501,-0.22594399105286778,0.04057982006093071,-15.435872872512334,4.057982006093071,34.12896,-119.13588,grass
97d82456aa198af6,grass,psnTOpt,AbvGrndWood,0.007592215788019588,0.22113461117974428,1.990419455289461e-6,0.01601849364312411,1.9904194552894608e-4,34.12896,-119.13588,grass
97d82456aa198af6,grass,growth_resp_factor,AbvGrndWood,0.4121372404528765,-0.16712192085280714,0.04884088671190495,-5.646813095218519,4.884088671190495,34.12896,-119.13588,grass
97d82456aa198af6,grass,stem_respiration_rate,AbvGrndWood,0.5838660458481962,-0.16118863697851835,0.050794262058733594,-0.04270366038825729,5.079426205873359,34.12896,-119.13588,grass
97d82456aa198af6,temperate.deciduous,wood_allocation_fraction,AbvGrndWood,0.22557627473097958,-0.08110358435045723,0.040179705316820004,-2.494371897364317,4.017970531682001,34.12896,-119.13588,grass
97d82456aa198af6,grass,Amax,AbvGrndWood,0.0925322802259662,-0.0475985306293405,0.051308018118704064,-0.08322035084193757,5.130801811870406,34.12896,-119.13588,grass
97d82456aa198af6,grass,fine_root_respiration_Q10,AbvGrndWood,0.32777992094136,-0.04566380615709818,0.04812037164417399,-0.19075512354693025,4.812037164417399,34.12896,-119.13588,grass
97d82456aa198af6,temperate.deciduous,dVpdExp,AbvGrndWood,0.19225189014032568,0.038470425543094884,0.03667739780515872,0.35043658456519466,3.6677397805158716,34.12896,-119.13588,grass
97d82456aa198af6,grass,half_saturation_PAR,AbvGrndWood,0.423676362529568,0.033434844341216775,0.04786674083179725,0.02843321210752936,4.786674083179725,34.12896,-119.13588,grass
97d82456aa198af6,grass,leafGrowth,AbvGrndWood,0.5821266051341962,-0.033342979072968376,0.04631850170229569,-0.0033579647314820465,4.631850170229569,34.12896,-119.13588,grass
97d82456aa198af6,temperate.deciduous,leafWHC,AbvGrndWood,0.29037619461217085,-0.03239638442607426,0.036648197997603,-2.2361171993398585,3.6648197997603003,34.12896,-119.13588,grass
97d82456aa198af6,temperate.deciduous,half_saturation_PAR,AbvGrndWood,0.4347845456434499,-0.030134016250401026,0.036627662754483495,-0.027000438712327823,3.6627662754483494,34.12896,-119.13588,grass
97d82456aa198af6,temperate.deciduous,leaf_turnover_rate,AbvGrndWood,0.19225231233445972,0.027529495402950948,0.0364763782836528,0.5011094817158721,3.64763782836528,34.12896,-119.13588,grass
97d82456aa198af6,temperate.deciduous,leaf_respiration_rate_m2,AbvGrndWood,0.21091401741282062,-0.027236874794562195,0.0382314022057614,-0.5260725316912271,3.82314022057614,34.12896,-119.13588,grass
97d82456aa198af6,grass,dVpdExp,AbvGrndWood,0.29059941459660293,-0.026071726037968875,0.04788237281356745,-0.1726295557734563,4.788237281356745,34.12896,-119.13588,grass
97d82456aa198af6,temperate.deciduous,SLA,AbvGrndWood,0.064055337486117,0.023065710313819706,0.03864924576184816,0.0192094191103358,3.864924576184816,34.12896,-119.13588,grass
97d82456aa198af6,grass,coarse_root_respiration_Q10,AbvGrndWood,0.3264722939727177,-0.02240254090880234,0.04851035929119629,-0.09274347450031417,4.851035929119629,34.12896,-119.13588,grass
97d82456aa198af6,temperate.deciduous,fine_root_respiration_Q10,AbvGrndWood,0.3237854117070182,0.022266249955417716,0.036667414686740486,0.09499862066856313,3.6667414686740485,34.12896,-119.13588,grass
97d82456aa198af6,temperate.deciduous,extinction_coefficient,AbvGrndWood,0.13848825996617425,0.021236284092943186,0.03653722457248696,0.586679788026899,3.653722457248696,34.12896,-119.13588,grass
97d82456aa198af6,grass,veg_respiration_Q10,AbvGrndWood,0.17334308627468153,0.018603302639240923,0.04719548693338033,0.12272967394311607,4.719548693338034,34.12896,-119.13588,grass
97d82456aa198af6,temperate.deciduous,stem_respiration_rate,AbvGrndWood,0.5711292346636633,0.015363839907767277,0.03682436054908881,0.004209245023156755,3.682436054908881,34.12896,-119.13588,grass
97d82456aa198af6,grass,extinction_coefficient,AbvGrndWood,0.13867003326405747,0.014748423134811318,0.04827721272997339,0.3916568918976395,4.827721272997339,34.12896,-119.13588,grass
97d82456aa198af6,grass,SLA,AbvGrndWood,0.5002905583119089,-0.01415015859732358,0.05188006758601648,-0.016646214831557815,5.188006758601648,34.12896,-119.13588,grass
97d82456aa198af6,temperate.deciduous,coarse_root_respiration_Q10,AbvGrndWood,0.3278886980598058,-0.013934088458199635,0.03697294054982682,-0.06020959304787876,3.697294054982682,34.12896,-119.13588,grass
97d82456aa198af6,grass,GDD,AbvGrndWood,0.4655665225024222,-0.012342867241629337,0.04682838267180363,-3.4511146508062543e-4,4.682838267180363,34.12896,-119.13588,grass
97d82456aa198af6,grass,leafC,AbvGrndWood,0.08247397100078632,-0.012266500035995234,0.051809726949931946,-0.0030987390387013924,5.180972694993194,34.12896,-119.13588,grass
97d82456aa198af6,grass,root_respiration_rate,AbvGrndWood,1.1917426938281932,0.010516006133519228,0.05174550633894062,0.0057880620483278244,5.174550633894063,34.12896,-119.13588,grass
97d82456aa198af6,temperate.deciduous,root_respiration_rate,AbvGrndWood,0.10964326006402972,0.010289086046906835,0.03884292640668511,0.015045313298660545,3.884292640668511,34.12896,-119.13588,grass
97d82456aa198af6,grass,AmaxFrac,AbvGrndWood,0.11524047806471809,-0.009462755987412624,0.047957664747845484,-0.16896319196095533,4.795766474784548,34.12896,-119.13588,grass
97d82456aa198af6,grass,leaf_respiration_rate_m2,AbvGrndWood,0.3840637491809258,-0.009294289295506561,0.04844854238465933,-0.5310942909456742,4.844854238465933,34.12896,-119.13588,grass
97d82456aa198af6,grass,Vm_low_temp,AbvGrndWood,0.0036882133453327802,0.002142260189633539,2.7372326132499322e-11,1.2982185642727596e-4,2.737232613249932e-9,34.12896,-119.13588,grass
97d82456aa198af6,temperate.deciduous,dVPDSlope,AbvGrndWood,0.5746719617679705,-9.285347449012678e-4,0.0367915611439591,-0.2528025787675574,3.6791561143959104,34.12896,-119.13588,grass
97d82456aa198af6,grass,dVPDSlope,AbvGrndWood,0.5376789264257191,-1.9042519031394205e-4,0.047229137522758244,-0.02026956654043488,4.722913752275824,34.12896,-119.13588,grass
97d82456aa198af6,temperate.deciduous,Vm_low_temp,AbvGrndWood,0.014776850424612655,0,0,0,0,34.12896,-119.13588,grass
97d82456aa198af6,temperate.deciduous,psnTOpt,AbvGrndWood,0.03377170479011718,0,0,0,0,34.12896,-119.13588,grass
97d82456aa198af6,grass,stem_respiration_rate,NPP,0.5838660458481962,-49.40793841376617,0.09132107931778292,-2.58993109037663e-10,9.132107931778293,34.12896,-119.13588,grass
97d82456aa198af6,temperate.deciduous,leafC,NPP,0.001901482640767582,10.45089279547714,0.038441352158700016,-1.2807133521150781e-9,3.8441352158700015,34.12896,-119.13588,grass
97d82456aa198af6,temperate.deciduous,AmaxFrac,NPP,0.04852317301715081,5.8463538860093305,0.03845852650848871,-3.9677236883689146e-8,3.845852650848871,34.12896,-119.13588,grass
97d82456aa198af6,grass,fracLeafFall,NPP,0.0028934835982409968,-5.274326118286175,0.04392160287958837,3.0512405193618565e-8,4.392160287958837,34.12896,-119.13588,grass
97d82456aa198af6,temperate.deciduous,wueConst,NPP,0.21332873211542983,-3.570513653284255,0.04398336469777815,1.3646801928067617e-9,4.398336469777815,34.12896,-119.13588,grass
97d82456aa198af6,grass,root_turnover_rate,NPP,3.6831164382354347,-1.7118887407124594,0.06237932963958315,5.241156789479409e-8,6.237932963958315,34.12896,-119.13588,grass
97d82456aa198af6,temperate.deciduous,leafGrowth,NPP,0.47439143012718543,-1.6849172630810214,0.03973334976278691,8.35808429677257e-11,3.973334976278691,34.12896,-119.13588,grass
97d82456aa198af6,temperate.deciduous,fracLeafFall,NPP,0.0029051396029618685,-1.605820670035339,0.03647879079422516,1.1516771993111587e-8,3.647879079422516,34.12896,-119.13588,grass
97d82456aa198af6,temperate.deciduous,root_turnover_rate,NPP,1.2324634310283136,-1.596114608322039,0.04226033131018153,6.1855513778943716e-9,4.226033131018153,34.12896,-119.13588,grass
97d82456aa198af6,grass,veg_respiration_Q10,NPP,0.17334308627468153,-1.5590214825051358,0.047706809597858744,4.803123658911628e-9,4.770680959785874,34.12896,-119.13588,grass
97d82456aa198af6,temperate.deciduous,GDD,NPP,0.044743576113003856,-1.5454874297921914,0.038501975587960556,1.8537840580561846e-11,3.8501975587960557,34.12896,-119.13588,grass
97d82456aa198af6,grass,psnTOpt,NPP,0.007592215788019588,1.4550073342601937,6.669423314473797e-5,1.275811691452251e-10,0.006669423314473797,34.12896,-119.13588,grass
97d82456aa198af6,grass,coarse_root_respiration_Q10,NPP,0.3264722939727177,1.4475404792507147,0.05126361705054413,-2.45469415673052e-9,5.126361705054413,34.12896,-119.13588,grass
97d82456aa198af6,temperate.deciduous,veg_respiration_Q10,NPP,0.11222092787454017,-1.3710457595683714,0.038452150985617224,4.385999653604656e-9,3.8452150985617224,34.12896,-119.13588,grass
97d82456aa198af6,temperate.deciduous,wood_turnover_rate,NPP,0.22606905087321985,-1.3463583805502837,0.040586447850956255,1.3776976529712079e-6,4.058644785095625,34.12896,-119.13588,grass
97d82456aa198af6,temperate.deciduous,growth_resp_factor,NPP,0.5240498102204209,-1.1397942921613016,0.03894994028065996,1.3066686890795586e-8,3.8949940280659963,34.12896,-119.13588,grass
97d82456aa198af6,grass,Amax,NPP,0.0925322802259662,-1.112104628173758,0.04621280339865345,8.085641718398909e-10,4.621280339865344,34.12896,-119.13588,grass
97d82456aa198af6,temperate.deciduous,root_allocation_fraction,NPP,0.23700134304228354,-0.9830286074633309,0.04070737890124384,7.87072295471449e-8,4.070737890124384,34.12896,-119.13588,grass
97d82456aa198af6,grass,leaf_turnover_rate,NPP,0.8808446906983906,-0.9596101491845106,0.04561835611513659,5.409537655879126e-9,4.561835611513659,34.12896,-119.13588,grass
97d82456aa198af6,grass,AmaxFrac,NPP,0.11524047806471809,-0.7747730751267907,0.043357713168165835,6.7204512869010754e-9,4.335771316816583,34.12896,-119.13588,grass
97d82456aa198af6,temperate.deciduous,leaf_allocation_fraction,NPP,0.11310585475501,-0.7240658354112216,0.04046884730588697,2.0619665154619443e-8,4.0468847305886975,34.12896,-119.13588,grass
97d82456aa198af6,temperate.deciduous,Amax,NPP,0.23889915367635475,0.6869849368268864,0.03869070252686668,-6.197257190401403e-10,3.8690702526866683,34.12896,-119.13588,grass
97d82456aa198af6,grass,leaf_respiration_rate_m2,NPP,0.3840637491809258,0.6815601143104053,0.04491101694525738,-1.7381654510933257e-8,4.491101694525738,34.12896,-119.13588,grass
97d82456aa198af6,grass,Vm_low_temp,NPP,0.0036882133453327802,0.6247600707146864,3.7114355860690843e-6,-6.577426334697378e-11,3.7114355860690844e-4,34.12896,-119.13588,grass
97d82456aa198af6,grass,leafGrowth,NPP,0.5821266051341962,-0.480106351359247,0.06512789204821409,2.8254081526930455e-11,6.512789204821409,34.12896,-119.13588,grass
97d82456aa198af6,grass,growth_resp_factor,NPP,0.4121372404528765,-0.4563818106656579,0.043514339318124325,7.333662287238894e-9,4.351433931812433,34.12896,-119.13588,grass
97d82456aa198af6,temperate.deciduous,wood_allocation_fraction,NPP,0.22557627473097958,-0.3559608340834123,0.03993354505865943,4.6532908345449306e-9,3.9933545058659434,34.12896,-119.13588,grass
97d82456aa198af6,grass,SLA,NPP,0.5002905583119089,-0.30609266782095335,0.066285813816053,1.6733585563015343e-10,6.6285813816053,34.12896,-119.13588,grass
97d82456aa198af6,grass,half_saturation_PAR,NPP,0.423676362529568,0.2706216371225562,0.04261368968141679,-1.1081556666620855e-10,4.261368968141679,34.12896,-119.13588,grass
97d82456aa198af6,grass,fine_root_respiration_Q10,NPP,0.32777992094136,-0.23486460413052015,0.043855626778470734,4.763500416585291e-10,4.385562677847074,34.12896,-119.13588,grass
97d82456aa198af6,grass,root_respiration_rate,NPP,1.1917426938281932,0.1981439063220952,0.04699599173237184,-4.4202963036575495e-11,4.699599173237184,34.12896,-119.13588,grass
97d82456aa198af6,temperate.deciduous,dVpdExp,NPP,0.19225189014032568,0.09682959614520398,0.036546345445671584,-4.5512106049175323e-10,3.654634544567158,34.12896,-119.13588,grass
97d82456aa198af6,grass,dVpdExp,NPP,0.29059941459660293,-0.09342250340482643,0.04277197628433263,3.032948894446882e-10,4.277197628433263,34.12896,-119.13588,grass
97d82456aa198af6,grass,leafC,NPP,0.08247397100078632,0.08771911395559023,0.044407327136269346,-1.0645705863580236e-11,4.440732713626935,34.12896,-119.13588,grass
97d82456aa198af6,temperate.deciduous,leafWHC,NPP,0.29037619461217085,-0.08147546714538922,0.036517249972226405,2.904103269954311e-9,3.6517249972226407,34.12896,-119.13588,grass
97d82456aa198af6,temperate.deciduous,leaf_respiration_rate_m2,NPP,0.21091401741282062,-0.07722978159993917,0.038094797218347,6.832240098902996e-10,3.8094797218347,34.12896,-119.13588,grass
97d82456aa198af6,temperate.deciduous,half_saturation_PAR,NPP,0.4347845456434499,-0.07566480077484866,0.0364967881037797,3.506616843599302e-11,3.6496788103779703,34.12896,-119.13588,grass
97d82456aa198af6,temperate.deciduous,leaf_turnover_rate,NPP,0.19225231233445972,0.06943177492653721,0.03634604418893288,-6.508038509277673e-10,3.6346044188932876,34.12896,-119.13588,grass
97d82456aa198af6,temperate.deciduous,SLA,NPP,0.064055337486117,0.06643050972966402,0.038511147773643124,-2.4947769673573638e-11,3.8511147773643124,34.12896,-119.13588,grass
97d82456aa198af6,temperate.deciduous,fine_root_respiration_Q10,NPP,0.3237854117070182,0.05612680555557376,0.036536397998028866,-1.2337716690617623e-10,3.6536397998028867,34.12896,-119.13588,grass
97d82456aa198af6,temperate.deciduous,extinction_coefficient,NPP,0.13848825996617425,0.052740543598307016,0.03640667306731278,-7.619362220048307e-10,3.6406673067312783,34.12896,-119.13588,grass
97d82456aa198af6,grass,extinction_coefficient,NPP,0.13867003326405747,0.0403789413980238,0.04297357276104752,-5.221448108871687e-10,4.297357276104751,34.12896,-119.13588,grass
97d82456aa198af6,temperate.deciduous,stem_respiration_rate,NPP,0.5711292346636633,0.03812664803626559,0.03669278307562138,-5.4666554326388504e-12,3.669278307562138,34.12896,-119.13588,grass
97d82456aa198af6,temperate.deciduous,coarse_root_respiration_Q10,NPP,0.3278886980598058,-0.03473314272784043,0.036840832183743365,7.819575651248673e-11,3.6840832183743366,34.12896,-119.13588,grass
97d82456aa198af6,grass,GDD,NPP,0.4655665225024222,-0.030536445818379977,0.041721317332331434,4.4820519002100964e-13,4.172131733233144,34.12896,-119.13588,grass
97d82456aa198af6,temperate.deciduous,root_respiration_rate,NPP,0.10964326006402972,0.029394904307522098,0.038704136376323,-1.9539737702937013e-11,3.8704136376323,34.12896,-119.13588,grass
97d82456aa198af6,grass,dVPDSlope,NPP,0.5376789264257191,0.006547766490515074,0.04296971933006701,-3.2660429964820817e-10,4.296971933006701,34.12896,-119.13588,grass
97d82456aa198af6,temperate.deciduous,dVPDSlope,NPP,0.5746719617679705,-0.0023470042864717133,0.03666010086635858,3.2832125072355344e-10,3.6660100866358585,34.12896,-119.13588,grass
97d82456aa198af6,temperate.deciduous,Vm_low_temp,NPP,0.014776850424612655,-0,0,0,0,34.12896,-119.13588,grass
97d82456aa198af6,temperate.deciduous,psnTOpt,NPP,0.03377170479011718,-0,0,0,0,34.12896,-119.13588,grass
97d82456aa198af6,grass,Vm_low_temp,TotSoilCarb,0.0036882133453327802,-0.331211909625696,1.651905442536272e-5,-0.010378926475508117,0.0016519054425362721,34.12896,-119.13588,grass
97d82456aa198af6,temperate.deciduous,leafC,TotSoilCarb,0.001901482640767582,-0.31991366471612237,0.017905554676569485,-0.07942622627086937,1.7905554676569488,34.12896,-119.13588,grass
97d82456aa198af6,grass,fracLeafFall,TotSoilCarb,0.0028934835982409968,0.1863333960307734,0.029731791063482976,2.1586118876366243,2.9731791063482977,34.12896,-119.13588,grass
97d82456aa198af6,temperate.deciduous,AmaxFrac,TotSoilCarb,0.04852317301715081,-0.18311238963692553,0.017913554297860283,-2.460670211114987,1.7913554297860286,34.12896,-119.13588,grass
97d82456aa198af6,grass,leafGrowth,TotSoilCarb,0.5821266051341962,0.10669446689397213,0.15474325158867208,0.01005319412387292,15.474325158867208,34.12896,-119.13588,grass
97d82456aa198af6,grass,psnTOpt,TotSoilCarb,0.007592215788019588,-0.06985140495539961,4.923421744765892e-6,-0.00259269105931896,4.923421744765892e-4,34.12896,-119.13588,grass
97d82456aa198af6,temperate.deciduous,fracLeafFall,TotSoilCarb,0.0029051396029618685,0.061886017764096524,0.016991415400909943,0.7142376838066298,1.6991415400909946,34.12896,-119.13588,grass
97d82456aa198af6,grass,SLA,TotSoilCarb,0.5002905583119089,0.06183005632982437,0.09666966313786177,0.07191774714685259,9.666966313786176,34.12896,-119.13588,grass
97d82456aa198af6,temperate.deciduous,wood_turnover_rate,TotSoilCarb,0.22606905087321985,0.05616842202393954,0.019089719637420587,135.351697592596,1.908971963742059,34.12896,-119.13588,grass
97d82456aa198af6,grass,Amax,TotSoilCarb,0.0925322802259662,0.05575949616362068,0.03276335394471526,0.09234286968030458,3.276335394471526,34.12896,-119.13588,grass
97d82456aa198af6,grass,AmaxFrac,TotSoilCarb,0.11524047806471809,0.053274084049605375,0.03105103645418792,0.8199083718910698,3.105103645418792,34.12896,-119.13588,grass
97d82456aa198af6,temperate.deciduous,leafGrowth,TotSoilCarb,0.47439143012718543,0.05113640614375642,0.01850735280392123,0.005183447907762671,1.8507352803921233,34.12896,-119.13588,grass
97d82456aa198af6,temperate.deciduous,root_turnover_rate,TotSoilCarb,1.2324634310283136,0.050982358077955245,0.01968439272896758,0.38361043284148055,1.9684392728967584,34.12896,-119.13588,grass
97d82456aa198af6,temperate.deciduous,GDD,TotSoilCarb,0.044743576113003856,0.049752372730398044,0.01793379239627363,0.001149664535076006,1.7933792396273633,34.12896,-119.13588,grass
97d82456aa198af6,grass,leafC,TotSoilCarb,0.08247397100078632,-0.045177617576249184,0.032258840090786,-0.010872309654425066,3.2258840090786,34.12896,-119.13588,grass
97d82456aa198af6,temperate.deciduous,veg_respiration_Q10,TotSoilCarb,0.11222092787454017,0.04257069363080262,0.017910584650151332,0.2720073155603817,1.7910584650151335,34.12896,-119.13588,grass
97d82456aa198af6,temperate.deciduous,leaf_allocation_fraction,TotSoilCarb,0.11310585475501,0.031658491117461295,0.018878905847258792,2.066396057863326,1.8878905847258796,34.12896,-119.13588,grass
97d82456aa198af6,grass,leaf_turnover_rate,TotSoilCarb,0.8808446906983906,0.028578174480079942,0.03252983919724295,0.3031144086449895,3.252983919724295,34.12896,-119.13588,grass
97d82456aa198af6,temperate.deciduous,root_allocation_fraction,TotSoilCarb,0.23700134304228354,0.028161744499021077,0.018958376266638394,4.997037566832368,1.8958376266638397,34.12896,-119.13588,grass
97d82456aa198af6,temperate.deciduous,wueConst,TotSoilCarb,0.21332873211542983,0.022688477792748903,0.019174917658996628,0.021781239383768997,1.917491765899663,34.12896,-119.13588,grass
97d82456aa198af6,grass,root_turnover_rate,TotSoilCarb,3.6831164382354347,0.022195139968134017,0.23081444295454975,1.440231900195564,23.081444295454975,34.12896,-119.13588,grass
97d82456aa198af6,temperate.deciduous,Amax,TotSoilCarb,0.23889915367635475,-0.021148308851186487,0.018021699307289,-0.038433639428424426,1.8021699307289003,34.12896,-119.13588,grass
97d82456aa198af6,grass,coarse_root_respiration_Q10,TotSoilCarb,0.3264722939727177,-0.015616054765399772,0.0312383071821541,-0.056608128686350345,3.12383071821541,34.12896,-119.13588,grass
97d82456aa198af6,grass,growth_resp_factor,TotSoilCarb,0.4121372404528765,0.01518723430896518,0.029916222047714318,0.4548130299870894,2.991622204771432,34.12896,-119.13588,grass
97d82456aa198af6,grass,half_saturation_PAR,TotSoilCarb,0.423676362529568,-0.01321560841828632,0.029795939823434172,-0.009757531871659578,2.979593982343417,34.12896,-119.13588,grass
97d82456aa198af6,grass,veg_respiration_Q10,TotSoilCarb,0.17334308627468153,0.010209776148023642,0.029401597663737077,0.058925685359114244,2.9401597663737076,34.12896,-119.13588,grass
97d82456aa198af6,temperate.deciduous,wood_allocation_fraction,TotSoilCarb,0.22557627473097958,0.008674926765515375,0.01862022199969333,0.25270149896838134,1.8620221999693334,34.12896,-119.13588,grass
97d82456aa198af6,grass,fine_root_respiration_Q10,TotSoilCarb,0.32777992094136,0.007949699458475663,0.030112548751836478,0.02880191485884115,3.011254875183648,34.12896,-119.13588,grass
97d82456aa198af6,temperate.deciduous,growth_resp_factor,TotSoilCarb,0.5240498102204209,0.007571250304360198,0.5534346845636867,0.32847258205170726,55.34346845636868,34.12896,-119.13588,grass
97d82456aa198af6,grass,root_respiration_rate,TotSoilCarb,1.1917426938281932,-0.005119682783505716,0.0323707398828698,-0.0026743016930729675,3.23707398828698,34.12896,-119.13588,grass
97d82456aa198af6,grass,stem_respiration_rate,TotSoilCarb,0.5838660458481962,-0.004997903068373413,0.02963340608457788,-0.0011699338678132117,2.9633406084577882,34.12896,-119.13588,grass
97d82456aa198af6,grass,leaf_respiration_rate_m2,TotSoilCarb,0.3840637491809258,-0.004283639274749747,0.029541936030810508,-0.21313540449592683,2.954193603081051,34.12896,-119.13588,grass
97d82456aa198af6,grass,dVpdExp,TotSoilCarb,0.29059941459660293,0.004017582881279192,0.02953751113890775,0.023278424813096832,2.953751113890775,34.12896,-119.13588,grass
97d82456aa198af6,temperate.deciduous,dVpdExp,TotSoilCarb,0.19225189014032568,-0.003693798735955837,0.017022881606888775,-0.028225323232210497,1.702288160688878,34.12896,-119.13588,grass
97d82456aa198af6,temperate.deciduous,leafWHC,TotSoilCarb,0.29037619461217085,0.003112407264584284,0.01700932925866589,0.1801042856720656,1.7009329258665895,34.12896,-119.13588,grass
97d82456aa198af6,temperate.deciduous,half_saturation_PAR,TotSoilCarb,0.4347845456434499,0.00289840647497659,0.01699979834771498,0.002174704764379906,1.6999798347714983,34.12896,-119.13588,grass
97d82456aa198af6,temperate.deciduous,leaf_turnover_rate,TotSoilCarb,0.19225231233445972,-0.0026394327613870508,0.0169295835072404,-0.040361017425464496,1.6929583507240404,34.12896,-119.13588,grass
97d82456aa198af6,temperate.deciduous,leaf_respiration_rate_m2,TotSoilCarb,0.21091401741282062,0.002418887156216084,0.017744133236259355,0.042371624152756304,1.7744133236259358,34.12896,-119.13588,grass
97d82456aa198af6,temperate.deciduous,fine_root_respiration_Q10,TotSoilCarb,0.3237854117070182,-0.002135649523467722,0.017018248196312483,-0.007651503561796391,1.7018248196312487,34.12896,-119.13588,grass
97d82456aa198af6,temperate.deciduous,extinction_coefficient,TotSoilCarb,0.13848825996617425,-0.002059088904479699,0.0169578237650838,-0.04725313332056835,1.6957823765083802,34.12896,-119.13588,grass
97d82456aa198af6,temperate.deciduous,SLA,TotSoilCarb,0.064055337486117,-0.0020298159182808428,0.01793806469844356,-0.0015471902403253468,1.7938064698443563,34.12896,-119.13588,grass
97d82456aa198af6,temperate.deciduous,stem_respiration_rate,TotSoilCarb,0.5711292346636633,-0.0014905476638642444,0.017091090627709592,-3.390265359696533e-4,1.7091090627709595,34.12896,-119.13588,grass
97d82456aa198af6,grass,extinction_coefficient,TotSoilCarb,0.13867003326405747,-0.0014396722034209885,0.02954464855296106,-0.0331493443571107,2.9544648552961057,34.12896,-119.13588,grass
97d82456aa198af6,temperate.deciduous,coarse_root_respiration_Q10,TotSoilCarb,0.3278886980598058,0.0013473990193093165,0.017160050257156337,0.0048494800494783274,1.716005025715634,34.12896,-119.13588,grass
97d82456aa198af6,grass,GDD,TotSoilCarb,0.4655665225024222,0.0012001814218815,0.028683514744697273,2.7796420471134543e-5,2.868351474469727,34.12896,-119.13588,grass
97d82456aa198af6,grass,dVPDSlope,TotSoilCarb,0.5376789264257191,-0.00104644096047244,0.029639967188630736,-0.09361191946273184,2.9639967188630734,34.12896,-119.13588,grass
97d82456aa198af6,temperate.deciduous,root_respiration_rate,TotSoilCarb,0.10964326006402972,-9.097211240362572e-4,0.018027956645089285,-0.001211799365957944,1.802795664508929,34.12896,-119.13588,grass
97d82456aa198af6,temperate.deciduous,dVPDSlope,TotSoilCarb,0.5746719617679705,8.888402608218882e-5,0.017075867617798546,0.02036155702323228,1.707586761779855,34.12896,-119.13588,grass
97d82456aa198af6,temperate.deciduous,Vm_low_temp,TotSoilCarb,0.014776850424612655,0,0,0,0,34.12896,-119.13588,grass
97d82456aa198af6,temperate.deciduous,psnTOpt,TotSoilCarb,0.03377170479011718,0,0,0,0,34.12896,-119.13588,grass
a749a5393e2d0a9a,temperate.deciduous,leafC,AbvGrndWood,0.001901482640767582,4.257181881864634,0.03864170134717851,0.9983867278987049,3.8641701347178508,37.69577,-121.08735,grass
a749a5393e2d0a9a,grass,fracLeafFall,AbvGrndWood,0.0028934835982409968,-3.5269361684950558,0.04832685560126076,-40.75451575003672,4.832685560126076,37.69577,-121.08735,grass
a749a5393e2d0a9a,temperate.deciduous,AmaxFrac,AbvGrndWood,0.04852317301715081,2.4129569722007465,0.038658965206488836,30.930595545793153,3.865896520648884,37.69577,-121.08735,grass
a749a5393e2d0a9a,temperate.deciduous,fracLeafFall,AbvGrndWood,0.0029051396029618685,-0.7418890325986639,0.03666891147734077,-8.977959265568188,3.666891147734077,37.69577,-121.08735,grass
a749a5393e2d0a9a,temperate.deciduous,leafGrowth,AbvGrndWood,0.47439143012718543,-0.6829671915940141,0.039940432602840054,-0.06515587909484506,3.9940432602840055,37.69577,-121.08735,grass
a749a5393e2d0a9a,grass,root_turnover_rate,AbvGrndWood,3.6831164382354347,-0.6731042507308116,0.0690711526375666,-39.04274489451559,6.907115263756659,37.69577,-121.08735,grass
a749a5393e2d0a9a,temperate.deciduous,root_turnover_rate,AbvGrndWood,1.2324634310283136,-0.6661337755823857,0.04248058430877203,-4.821978618577273,4.248058430877203,37.69577,-121.08735,grass
a749a5393e2d0a9a,temperate.deciduous,GDD,AbvGrndWood,0.044743576113003856,-0.6478508803761822,0.03870264073449393,-0.014451269652939525,3.870264073449393,37.69577,-121.08735,grass
a749a5393e2d0a9a,temperate.deciduous,veg_respiration_Q10,AbvGrndWood,0.11222092787454017,-0.5630713622850819,0.038652556455576144,-3.4191287500013345,3.8652556455576144,37.69577,-121.08735,grass
a749a5393e2d0a9a,temperate.deciduous,wueConst,AbvGrndWood,0.21332873211542983,-0.5412165456150085,0.04031539817297537,-0.46515884427548304,4.031539817297538,37.69577,-121.08735,grass
a749a5393e2d0a9a,temperate.deciduous,wood_turnover_rate,AbvGrndWood,0.22606905087321985,-0.5077176388397882,0.04079619996028045,-1086.3993103826651,4.079619996028045,37.69577,-121.08735,grass
a749a5393e2d0a9a,grass,leaf_turnover_rate,AbvGrndWood,0.8808446906983906,-0.41225912108461166,0.05101041531595808,-4.0301389799424765,5.101041531595809,37.69577,-121.08735,grass
a749a5393e2d0a9a,temperate.deciduous,root_allocation_fraction,AbvGrndWood,0.23700134304228354,-0.37637019743497285,0.04092672290578728,-60.80984381508182,4.092672290578728,37.69577,-121.08735,grass
a749a5393e2d0a9a,grass,psnTOpt,AbvGrndWood,0.007592215788019588,0.3343075595669367,4.780382818787379e-6,0.025184822205504345,4.7803828187873793e-4,37.69577,-121.08735,grass
a749a5393e2d0a9a,temperate.deciduous,growth_resp_factor,AbvGrndWood,0.5240498102204209,-0.3141214408487118,0.03789046601056986,-10.186203452813068,3.7890466010569863,37.69577,-121.08735,grass
a749a5393e2d0a9a,temperate.deciduous,Amax,AbvGrndWood,0.23889915367635475,0.28075186203623476,0.03889235128315702,0.4831103945354718,3.889235128315702,37.69577,-121.08735,grass
a749a5393e2d0a9a,temperate.deciduous,leaf_allocation_fraction,AbvGrndWood,0.11310585475501,-0.2610174079893274,0.040646282060076665,-15.300078144213444,4.064628206007667,37.69577,-121.08735,grass
a749a5393e2d0a9a,grass,stem_respiration_rate,AbvGrndWood,0.5838660458481962,-0.20582355457743962,0.05127593022213602,-0.04722469195033385,5.127593022213603,37.69577,-121.08735,grass
a749a5393e2d0a9a,grass,growth_resp_factor,AbvGrndWood,0.4121372404528765,-0.19488708072056063,0.048640260007218945,-5.716994425316749,4.8640260007218945,37.69577,-121.08735,grass
a749a5393e2d0a9a,temperate.deciduous,wood_allocation_fraction,AbvGrndWood,0.22557627473097958,-0.15185578157391771,0.040117604345502836,-4.021587838869394,4.0117604345502835,37.69577,-121.08735,grass
a749a5393e2d0a9a,grass,Vm_low_temp,AbvGrndWood,0.0036882133453327802,-0.1430096524675196,7.253631448770141e-8,-0.00677997178771013,7.253631448770141e-6,37.69577,-121.08735,grass
a749a5393e2d0a9a,grass,veg_respiration_Q10,AbvGrndWood,0.17334308627468153,-0.09086519884997342,0.047759900442857765,-0.5009125196188826,4.775990044285776,37.69577,-121.08735,grass
a749a5393e2d0a9a,grass,leafGrowth,AbvGrndWood,0.5821266051341962,-0.09030662534839431,0.047917344880264355,-0.008175658987517626,4.791734488026435,37.69577,-121.08735,grass
a749a5393e2d0a9a,grass,Amax,AbvGrndWood,0.0925322802259662,-0.07349228312173746,0.051081966174022324,-0.11042489803295297,5.108196617402232,37.69577,-121.08735,grass
a749a5393e2d0a9a,grass,fine_root_respiration_Q10,AbvGrndWood,0.32777992094136,-0.05268735394695024,0.04791548921629958,-0.19172858876597942,4.791548921629958,37.69577,-121.08735,grass
a749a5393e2d0a9a,grass,SLA,AbvGrndWood,0.5002905583119089,-0.05174846292870957,0.051544599221816846,-0.05446809415462739,5.154459922181685,37.69577,-121.08735,grass
a749a5393e2d0a9a,temperate.deciduous,dVpdExp,AbvGrndWood,0.19225189014032568,0.04449890128099707,0.036736818211084904,0.35479198029109327,3.6736818211084903,37.69577,-121.08735,grass
a749a5393e2d0a9a,grass,half_saturation_PAR,AbvGrndWood,0.423676362529568,0.041493176675514026,0.047635428862053346,0.030740207241402362,4.763542886205334,37.69577,-121.08735,grass
a749a5393e2d0a9a,temperate.deciduous,leafWHC,AbvGrndWood,0.29037619461217085,-0.03746990477052986,0.03670757109743547,-2.2639087477157034,3.670757109743547,37.69577,-121.08735,grass
a749a5393e2d0a9a,temperate.deciduous,half_saturation_PAR,AbvGrndWood,0.4347845456434499,-0.03484747605430955,0.03668700258553041,-0.027336013251473057,3.668700258553041,37.69577,-121.08735,grass
a749a5393e2d0a9a,grass,dVpdExp,AbvGrndWood,0.29059941459660293,-0.0338939724715974,0.04761282317741418,-0.19622439998424923,4.761282317741418,37.69577,-121.08735,grass
a749a5393e2d0a9a,temperate.deciduous,leaf_respiration_rate_m2,AbvGrndWood,0.21091401741282062,-0.03187485685545857,0.03829334022683535,-0.5326108160968985,3.8293340226835353,37.69577,-121.08735,grass
a749a5393e2d0a9a,temperate.deciduous,leaf_turnover_rate,AbvGrndWood,0.19225231233445972,0.03185013335348261,0.03653547302139417,0.5073375132371325,3.653547302139417,37.69577,-121.08735,grass
a749a5393e2d0a9a,grass,coarse_root_respiration_Q10,AbvGrndWood,0.3264722939727177,-0.03142037384900677,0.04827743461796432,-0.11319879974722546,4.827743461796432,37.69577,-121.08735,grass
a749a5393e2d0a9a,temperate.deciduous,SLA,AbvGrndWood,0.064055337486117,0.027032222033475332,0.038711860723904895,0.0194481630816421,3.8711860723904894,37.69577,-121.08735,grass
a749a5393e2d0a9a,grass,AmaxFrac,AbvGrndWood,0.11524047806471809,-0.02625294928740061,0.04773680539102103,-0.4089849678632618,4.773680539102103,37.69577,-121.08735,grass
a749a5393e2d0a9a,temperate.deciduous,fine_root_respiration_Q10,AbvGrndWood,0.3237854117070182,0.025759395309684106,0.03672681891919242,0.09617930957106324,3.672681891919242,37.69577,-121.08735,grass
a749a5393e2d0a9a,temperate.deciduous,extinction_coefficient,AbvGrndWood,0.13848825996617425,0.024529941518283794,0.03659641788622875,0.5939713287900048,3.659641788622875,37.69577,-121.08735,grass
a749a5393e2d0a9a,grass,leaf_respiration_rate_m2,AbvGrndWood,0.3840637491809258,-0.023533224590000745,0.04829927675515039,-1.168828292453938,4.829927675515039,37.69577,-121.08735,grass
a749a5393e2d0a9a,temperate.deciduous,stem_respiration_rate,AbvGrndWood,0.5711292346636633,0.01774526509625811,0.03688401904676695,0.004261559560481271,3.6884019046766947,37.69577,-121.08735,grass
a749a5393e2d0a9a,grass,leafC,AbvGrndWood,0.08247397100078632,0.017240835490003038,0.05158674872206321,0.0037376741749350906,5.158674872206321,37.69577,-121.08735,grass
a749a5393e2d0a9a,grass,extinction_coefficient,AbvGrndWood,0.13867003326405747,0.017160227815572603,0.04807887982193041,0.39696888711841893,4.807887982193041,37.69577,-121.08735,grass
a749a5393e2d0a9a,temperate.deciduous,coarse_root_respiration_Q10,AbvGrndWood,0.3278886980598058,-0.01610139447156127,0.03703283975934616,-0.06095790705323356,3.703283975934616,37.69577,-121.08735,grass
a749a5393e2d0a9a,grass,GDD,AbvGrndWood,0.4655665225024222,-0.0142514750638125,0.04663602285334584,-3.494006776405406e-4,4.6636022853345835,37.69577,-121.08735,grass
a749a5393e2d0a9a,temperate.deciduous,root_respiration_rate,AbvGrndWood,0.10964326006402972,0.012049523993182574,0.03890585514734188,0.015232303744641129,3.890585514734188,37.69577,-121.08735,grass
a749a5393e2d0a9a,grass,root_respiration_rate,AbvGrndWood,1.1917426938281932,0.011807637059504982,0.05153172319271359,0.005582316311385838,5.153172319271359,37.69577,-121.08735,grass
a749a5393e2d0a9a,grass,dVPDSlope,AbvGrndWood,0.5376789264257191,-0.002897773749804954,0.04805608996780913,-0.2584150548960622,4.805608996780912,37.69577,-121.08735,grass
a749a5393e2d0a9a,temperate.deciduous,dVPDSlope,AbvGrndWood,0.5746719617679705,-0.0010745078955615914,0.03685116650389892,-0.25594453174724663,3.685116650389892,37.69577,-121.08735,grass
a749a5393e2d0a9a,temperate.deciduous,Vm_low_temp,AbvGrndWood,0.014776850424612655,0,0,0,0,37.69577,-121.08735,grass
a749a5393e2d0a9a,temperate.deciduous,psnTOpt,AbvGrndWood,0.03377170479011718,0,0,0,0,37.69577,-121.08735,grass
a749a5393e2d0a9a,temperate.deciduous,leafC,NPP,0.001901482640767582,3.557319441486098,0.03861761583710658,-1.5934828695678167e-9,3.861761583710658,37.69577,-121.08735,grass
a749a5393e2d0a9a,grass,fracLeafFall,NPP,0.0028934835982409968,-2.6300249833152165,0.04618009143807103,5.532820012186553e-8,4.618009143807103,37.69577,-121.08735,grass
a749a5393e2d0a9a,grass,psnTOpt,NPP,0.007592215788019588,2.0456821887393066,1.0912384930871975e-4,1.979215758323229e-10,0.010912384930871976,37.69577,-121.08735,grass
a749a5393e2d0a9a,temperate.deciduous,AmaxFrac,NPP,0.04852317301715081,2.019289310109758,0.03863486893579191,-4.9367016578321274e-8,3.863486893579191,37.69577,-121.08735,grass
a749a5393e2d0a9a,grass,stem_respiration_rate,NPP,0.5838660458481962,0.8914110932244007,0.07936747939033985,-2.675243775430158e-10,7.936747939033985,37.69577,-121.08735,grass
a749a5393e2d0a9a,temperate.deciduous,fracLeafFall,NPP,0.0029051396029618685,-0.6294678453847661,0.03664605561422079,1.4329341420103396e-8,3.664605561422079,37.69577,-121.08735,grass
a749a5393e2d0a9a,grass,root_turnover_rate,NPP,3.6831164382354347,-0.5925503323864617,0.06562440003194497,6.514572067558965e-8,6.562440003194498,37.69577,-121.08735,grass
a749a5393e2d0a9a,temperate.deciduous,leafGrowth,NPP,0.47439143012718543,-0.5703724034855409,0.03991553758895105,1.0399254546160169e-10,3.9915537588951047,37.69577,-121.08735,grass
a749a5393e2d0a9a,temperate.deciduous,root_turnover_rate,NPP,1.2324634310283136,-0.5581719508180523,0.04245410600927798,7.696156320403962e-9,4.245410600927798,37.69577,-121.08735,grass
a749a5393e2d0a9a,temperate.deciduous,GDD,NPP,0.044743576113003856,-0.5431304365761357,0.038678517240684857,2.3065060854655542e-11,3.8678517240684855,37.69577,-121.08735,grass
a749a5393e2d0a9a,temperate.deciduous,wueConst,NPP,0.21332873211542983,-0.5105595453976525,0.04114785463022924,8.482920308710968e-10,4.114785463022924,37.69577,-121.08735,grass
a749a5393e2d0a9a,grass,coarse_root_respiration_Q10,NPP,0.3264722939727177,0.4864208743196647,0.05508981195954169,-3.1394425346661514e-9,5.508981195954169,37.69577,-121.08735,grass
a749a5393e2d0a9a,temperate.deciduous,veg_respiration_Q10,NPP,0.11222092787454017,-0.4709407064202252,0.0386284641794765,5.457126922591298e-9,3.8628464179476496,37.69577,-121.08735,grass
a749a5393e2d0a9a,temperate.deciduous,wood_turnover_rate,NPP,0.22606905087321985,-0.413139290018833,0.04077505731031281,1.7050978108742154e-6,4.07750573103128,37.69577,-121.08735,grass
a749a5393e2d0a9a,grass,leaf_turnover_rate,NPP,0.8808446906983906,-0.38632852168217074,0.05000856478162096,7.308776278884242e-9,5.000856478162096,37.69577,-121.08735,grass
a749a5393e2d0a9a,grass,Vm_low_temp,NPP,0.0036882133453327802,0.3236134032781765,1.3302540641196123e-6,-4.7757676761659805e-11,0.00013302540641196123,37.69577,-121.08735,grass
a749a5393e2d0a9a,temperate.deciduous,root_allocation_fraction,NPP,0.23700134304228354,-0.3127280219432538,0.04090118463719066,9.706167804506501e-8,4.090118463719066,37.69577,-121.08735,grass
a749a5393e2d0a9a,temperate.deciduous,growth_resp_factor,NPP,0.5240498102204209,-0.25210772401314513,0.037815162642857024,1.6257768913006575e-8,3.7815162642857025,37.69577,-121.08735,grass
a749a5393e2d0a9a,grass,leaf_respiration_rate_m2,NPP,0.3840637491809258,0.23665142893428642,0.04744880853436605,-2.1585842359851494e-8,4.744880853436605,37.69577,-121.08735,grass
a749a5393e2d0a9a,temperate.deciduous,Amax,NPP,0.23889915367635475,0.23468348817654988,0.038868109542087304,-7.710720868882763e-10,3.8868109542087304,37.69577,-121.08735,grass
a749a5393e2d0a9a,grass,leafC,NPP,0.08247397100078632,-0.22655441431414736,0.04909989325319018,9.439087132607358e-11,4.909989325319018,37.69577,-121.08735,grass
a749a5393e2d0a9a,temperate.deciduous,leaf_allocation_fraction,NPP,0.11310585475501,-0.21645177336613092,0.04043451781353412,2.4344109973936212e-8,4.043451781353411,37.69577,-121.08735,grass
a749a5393e2d0a9a,grass,SLA,NPP,0.5002905583119089,0.18924296803530935,0.05286076170469324,-3.758048810443487e-10,5.286076170469324,37.69577,-121.08735,grass
a749a5393e2d0a9a,grass,growth_resp_factor,NPP,0.4121372404528765,-0.16374214905987114,0.045797480499775785,9.124653230647795e-9,4.579748049977579,37.69577,-121.08735,grass
a749a5393e2d0a9a,grass,leafGrowth,NPP,0.5821266051341962,0.1433277562508446,0.04900383314491884,-2.4485502224641044e-11,4.900383314491884,37.69577,-121.08735,grass
a749a5393e2d0a9a,temperate.deciduous,wood_allocation_fraction,NPP,0.22557627473097958,-0.12642134288334456,0.04009217538197333,6.433089165365892e-9,4.0092175381973325,37.69577,-121.08735,grass
a749a5393e2d0a9a,grass,Amax,NPP,0.0925322802259662,-0.09243907722141505,0.048068555751286615,2.661599507368436e-10,4.806855575128662,37.69577,-121.08735,grass
a749a5393e2d0a9a,grass,fine_root_respiration_Q10,NPP,0.32777992094136,-0.06975070993147348,0.04579625052751884,4.786756867986901e-10,4.579625052751884,37.69577,-121.08735,grass
a749a5393e2d0a9a,grass,root_respiration_rate,NPP,1.1917426938281932,0.06013532547838899,0.049335606702159224,-5.396641725715263e-11,4.933560670215923,37.69577,-121.08735,grass
a749a5393e2d0a9a,grass,AmaxFrac,NPP,0.11524047806471809,-0.05157144426954359,0.0449432834515829,1.5145730051093526e-9,4.49432834515829,37.69577,-121.08735,grass
a749a5393e2d0a9a,grass,half_saturation_PAR,NPP,0.423676362529568,0.04899811836917133,0.044839193527388986,-6.856704958981664e-11,4.483919352738899,37.69577,-121.08735,grass
a749a5393e2d0a9a,temperate.deciduous,dVpdExp,NPP,0.19225189014032568,0.037729877251271235,0.03671392002145594,-5.662684880074373e-10,3.671392002145594,37.69577,-121.08735,grass
a749a5393e2d0a9a,temperate.deciduous,leafWHC,NPP,0.29037619461217085,-0.03177308607360923,0.0366846911376366,3.6133290907645794e-9,3.6684691137636602,37.69577,-121.08735,grass
a749a5393e2d0a9a,temperate.deciduous,half_saturation_PAR,NPP,0.4347845456434499,-0.029554845088128757,0.03666413544615827,4.3629855667432245e-11,3.666413544615827,37.69577,-121.08735,grass
a749a5393e2d0a9a,temperate.deciduous,leaf_turnover_rate,NPP,0.19225231233445972,0.026998865285882613,0.03651270033093902,-8.097399673310792e-10,3.651270033093902,37.69577,-121.08735,grass
a749a5393e2d0a9a,temperate.deciduous,leaf_respiration_rate_m2,NPP,0.21091401741282062,-0.02667454942611595,0.03826947185149042,8.500776181021488e-10,3.826947185149042,37.69577,-121.08735,grass
a749a5393e2d0a9a,temperate.deciduous,SLA,NPP,0.064055337486117,0.022585570387347608,0.03868773148324358,-3.104039131247446e-11,3.868773148324358,37.69577,-121.08735,grass
a749a5393e2d0a9a,temperate.deciduous,fine_root_respiration_Q10,NPP,0.3237854117070182,0.021837219525613807,0.036703926962157706,-1.5350773194963393e-10,3.6703926962157705,37.69577,-121.08735,grass
a749a5393e2d0a9a,temperate.deciduous,extinction_coefficient,NPP,0.13848825996617425,0.020831052872765165,0.03657360720862231,-9.48012539623151e-10,3.657360720862231,37.69577,-121.08735,grass
a749a5393e2d0a9a,grass,dVpdExp,NPP,0.29059941459660293,-0.01641201510757329,0.045090824009811924,1.7912299375814868e-10,4.5090824009811925,37.69577,-121.08735,grass
a749a5393e2d0a9a,temperate.deciduous,stem_respiration_rate,NPP,0.5711292346636633,0.015070817372802773,0.03686102910633285,-6.80169514228434e-12,3.6861029106332848,37.69577,-121.08735,grass
a749a5393e2d0a9a,grass,extinction_coefficient,NPP,0.13867003326405747,0.014631851575827186,0.04522716933265254,-6.379994890847169e-10,4.522716933265254,37.69577,-121.08735,grass
a749a5393e2d0a9a,temperate.deciduous,coarse_root_respiration_Q10,NPP,0.3278886980598058,-0.013667551626011062,0.03700975705843188,9.7292339671294e-11,3.700975705843188,37.69577,-121.08735,grass
a749a5393e2d0a9a,grass,GDD,NPP,0.4655665225024222,-0.012107938129137508,0.043910380966224634,5.576636576563865e-13,4.391038096622464,37.69577,-121.08735,grass
a749a5393e2d0a9a,temperate.deciduous,root_respiration_rate,NPP,0.10964326006402972,0.010075810730891237,0.03888160498926553,-2.43116363658235e-11,3.888160498926553,37.69577,-121.08735,grass
a749a5393e2d0a9a,grass,dVPDSlope,NPP,0.5376789264257191,0.008582782539397954,0.0455136429080298,-1.4495145343239874e-9,4.551364290802979,37.69577,-121.08735,grass
a749a5393e2d0a9a,temperate.deciduous,dVPDSlope,NPP,0.5746719617679705,-9.106119198929324e-4,0.03682819704057179,4.0850225218553844e-10,3.682819704057179,37.69577,-121.08735,grass
a749a5393e2d0a9a,grass,veg_respiration_Q10,NPP,0.17334308627468153,3.741895988678923e-4,0.0466835139815091,-4.234626168983554e-12,4.66835139815091,37.69577,-121.08735,grass
a749a5393e2d0a9a,temperate.deciduous,Vm_low_temp,NPP,0.014776850424612655,-0,0,0,0,37.69577,-121.08735,grass
a749a5393e2d0a9a,temperate.deciduous,psnTOpt,NPP,0.03377170479011718,-0,0,0,0,37.69577,-121.08735,grass
a749a5393e2d0a9a,grass,Vm_low_temp,TotSoilCarb,0.0036882133453327802,-1.1075758844301278,1.2567058297389169e-5,-0.01953906268813712,0.0012567058297389168,37.69577,-121.08735,grass
a749a5393e2d0a9a,temperate.deciduous,leafC,TotSoilCarb,0.001901482640767582,1.0947244106944103,0.03720236841194744,0.21785912248471462,3.720236841194744,37.69577,-121.08735,grass
a749a5393e2d0a9a,grass,fracLeafFall,TotSoilCarb,0.0028934835982409968,-0.9661931973076915,0.04800531764340083,-9.127261169674568,4.800531764340083,37.69577,-121.08735,grass
a749a5393e2d0a9a,temperate.deciduous,AmaxFrac,TotSoilCarb,0.04852317301715081,0.6246969677672722,0.03721898922396874,6.749401023908419,3.721898922396874,37.69577,-121.08735,grass
a749a5393e2d0a9a,temperate.deciduous,fracLeafFall,TotSoilCarb,0.0029051396029618685,-0.20480397526119973,0.03530306136856281,-1.9590908739510269,3.530306136856281,37.69577,-121.08735,grass
a749a5393e2d0a9a,temperate.deciduous,leafGrowth,TotSoilCarb,0.47439143012718543,-0.17518220916943686,0.03845272429579259,-0.014217739727168364,3.8452724295792593,37.69577,-121.08735,grass
a749a5393e2d0a9a,temperate.deciduous,root_turnover_rate,TotSoilCarb,1.2324634310283136,-0.17346821982850516,0.040898259981120746,-1.0522095307639947,4.089825998112075,37.69577,-121.08735,grass
a749a5393e2d0a9a,temperate.deciduous,GDD,TotSoilCarb,0.044743576113003856,-0.1691024671492883,0.037261037918171765,-0.0031534282632198624,3.7261037918171764,37.69577,-121.08735,grass
a749a5393e2d0a9a,temperate.deciduous,wueConst,TotSoilCarb,0.21332873211542983,-0.15047614715554677,0.03948628449773009,-0.11399911545587949,3.948628449773009,37.69577,-121.08735,grass
a749a5393e2d0a9a,temperate.deciduous,veg_respiration_Q10,TotSoilCarb,0.11222092787454017,-0.1454005686427643,0.03721281918734504,-0.7460920386084311,3.7212819187345043,37.69577,-121.08735,grass
a749a5393e2d0a9a,grass,leaf_turnover_rate,TotSoilCarb,0.8808446906983906,-0.10637446521127598,0.05050328109440574,-0.8973382274407924,5.050328109440573,37.69577,-121.08735,grass
a749a5393e2d0a9a,temperate.deciduous,root_allocation_fraction,TotSoilCarb,0.23700134304228354,-0.0944866549514658,0.03870913377064937,-13.26834606680822,3.870913377064937,37.69577,-121.08735,grass
a749a5393e2d0a9a,temperate.deciduous,wood_turnover_rate,TotSoilCarb,0.22606905087321985,-0.09390880881241588,0.03910776477354784,-177.98411155602275,3.910776477354784,37.69577,-121.08735,grass
a749a5393e2d0a9a,temperate.deciduous,Amax,TotSoilCarb,0.23889915367635475,0.07231447055868027,0.037443682094720473,0.10542007788731367,3.7443682094720474,37.69577,-121.08735,grass
a749a5393e2d0a9a,temperate.deciduous,growth_resp_factor,TotSoilCarb,0.5240498102204209,-0.06709012679163436,0.07386025109303453,-2.222743235330517,7.386025109303453,37.69577,-121.08735,grass
a749a5393e2d0a9a,temperate.deciduous,leaf_allocation_fraction,TotSoilCarb,0.11310585475501,-0.06474071511033648,0.03895177723145427,-3.331616547138779,3.8951777231454274,37.69577,-121.08735,grass
a749a5393e2d0a9a,grass,root_turnover_rate,TotSoilCarb,3.6831164382354347,-0.05861663917363857,0.07953318132599634,-2.6013404942189364,7.953318132599634,37.69577,-121.08735,grass
a749a5393e2d0a9a,grass,leafGrowth,TotSoilCarb,0.5821266051341962,0.05451095043976308,0.048531497701754904,0.004039615080293872,4.853149770175491,37.69577,-121.08735,grass
a749a5393e2d0a9a,grass,growth_resp_factor,TotSoilCarb,0.4121372404528765,-0.05138193951379442,0.04831436263444299,-1.2475119649986706,4.831436263444299,37.69577,-121.08735,grass
a749a5393e2d0a9a,temperate.deciduous,wood_allocation_fraction,TotSoilCarb,0.22557627473097958,-0.03815356263711524,0.03886027586136394,-0.8804831806873281,3.886027586136394,37.69577,-121.08735,grass
a749a5393e2d0a9a,grass,psnTOpt,TotSoilCarb,0.007592215788019588,0.03657937913277283,2.82495267991108e-7,0.001340447802528063,2.82495267991108e-5,37.69577,-121.08735,grass
a749a5393e2d0a9a,grass,coarse_root_respiration_Q10,TotSoilCarb,0.3264722939727177,-0.029764574143372434,0.047816545298908095,-0.08763472198354738,4.781654529890809,37.69577,-121.08735,grass
a749a5393e2d0a9a,grass,dVpdExp,TotSoilCarb,0.29059941459660293,-0.024026291716860698,0.047142089074520575,-0.11346409640525801,4.714208907452058,37.69577,-121.08735,grass
a749a5393e2d0a9a,grass,leafC,TotSoilCarb,0.08247397100078632,-0.021621875151512114,0.05127359306786861,-0.004111395524456329,5.127359306786861,37.69577,-121.08735,grass
a749a5393e2d0a9a,grass,veg_respiration_Q10,TotSoilCarb,0.17334308627468153,-0.020848819963766262,0.04802393111461204,-0.09711653757670247,4.802393111461204,37.69577,-121.08735,grass
a749a5393e2d0a9a,grass,SLA,TotSoilCarb,0.5002905583119089,0.014770465187398095,0.049138785152673586,0.013565024866047382,4.913878515267359,37.69577,-121.08735,grass
a749a5393e2d0a9a,temperate.deciduous,dVpdExp,TotSoilCarb,0.19225189014032568,0.012244033963347604,0.03536843870026215,0.07741956832049723,3.536843870026215,37.69577,-121.08735,grass
a749a5393e2d0a9a,grass,stem_respiration_rate,TotSoilCarb,0.5838660458481962,-0.011623706175502407,0.04767043641240537,-0.002221941110215564,4.767043641240537,37.69577,-121.08735,grass
a749a5393e2d0a9a,grass,dVPDSlope,TotSoilCarb,0.5376789264257191,-0.011243862835241241,0.04766619038859154,-0.8199205481691152,4.766619038859154,37.69577,-121.08735,grass
a749a5393e2d0a9a,grass,fine_root_respiration_Q10,TotSoilCarb,0.32777992094136,-0.011149657048941953,0.04739761347577768,-0.032915869813624044,4.739761347577768,37.69577,-121.08735,grass
a749a5393e2d0a9a,temperate.deciduous,leafWHC,TotSoilCarb,0.29037619461217085,-0.010314586594992447,0.035340280988281604,-0.4940101459490265,3.5340280988281605,37.69577,-121.08735,grass
a749a5393e2d0a9a,temperate.deciduous,half_saturation_PAR,TotSoilCarb,0.4347845456434499,-0.009601180996694589,0.03532047861595067,-0.005965023064489955,3.532047861595067,37.69577,-121.08735,grass
a749a5393e2d0a9a,temperate.deciduous,leaf_turnover_rate,TotSoilCarb,0.19225231233445972,0.008753896284137879,0.035174593251855284,0.11070670547678851,3.5174593251855284,37.69577,-121.08735,grass
a749a5393e2d0a9a,temperate.deciduous,leaf_respiration_rate_m2,TotSoilCarb,0.21091401741282062,-0.008252157743840262,0.03686698310830963,-0.11622162212127485,3.686698310830963,37.69577,-121.08735,grass
a749a5393e2d0a9a,grass,half_saturation_PAR,TotSoilCarb,0.423676362529568,0.007589272276482569,0.047365737246114925,0.004572719468940667,4.7365737246114925,37.69577,-121.08735,grass
a749a5393e2d0a9a,temperate.deciduous,fine_root_respiration_Q10,TotSoilCarb,0.3237854117070182,0.007082007139065242,0.03535881186376496,0.020987398368604415,3.535881186376496,37.69577,-121.08735,grass
a749a5393e2d0a9a,temperate.deciduous,SLA,TotSoilCarb,0.064055337486117,0.006947561267225133,0.03726991447978429,0.004243806156982499,3.726991447978429,37.69577,-121.08735,grass
a749a5393e2d0a9a,grass,leaf_respiration_rate_m2,TotSoilCarb,0.3840637491809258,0.006913163194017972,0.047741377521841766,0.280824034300899,4.774137752184177,37.69577,-121.08735,grass
a749a5393e2d0a9a,temperate.deciduous,extinction_coefficient,TotSoilCarb,0.13848825996617425,0.006800093749972419,0.03523326803157116,0.1296111705567462,3.523326803157116,37.69577,-121.08735,grass
a749a5393e2d0a9a,grass,Amax,TotSoilCarb,0.0925322802259662,-0.006018882664851159,0.05070759935387115,-0.0078850662058505,5.070759935387114,37.69577,-121.08735,grass
a749a5393e2d0a9a,grass,AmaxFrac,TotSoilCarb,0.11524047806471809,0.005089141259892808,0.04738981724101667,0.06404241457413029,4.738981724101667,37.69577,-121.08735,grass
a749a5393e2d0a9a,temperate.deciduous,stem_respiration_rate,TotSoilCarb,0.5711292346636633,0.004921423740506061,0.03551015657314742,9.299198399971009e-4,3.551015657314742,37.69577,-121.08735,grass
a749a5393e2d0a9a,grass,extinction_coefficient,TotSoilCarb,0.13867003326405747,0.004581832126633604,0.04775683919334826,0.08620474829367453,4.775683919334826,37.69577,-121.08735,grass
a749a5393e2d0a9a,temperate.deciduous,coarse_root_respiration_Q10,TotSoilCarb,0.3278886980598058,-0.004454346403828372,0.03565343398546831,-0.01330169539319992,3.565343398546831,37.69577,-121.08735,grass
a749a5393e2d0a9a,grass,GDD,TotSoilCarb,0.4655665225024222,-0.003959286214294157,0.046323554183927355,-7.62431259343178e-5,4.632355418392735,37.69577,-121.08735,grass
a749a5393e2d0a9a,temperate.deciduous,root_respiration_rate,TotSoilCarb,0.10964326006402972,0.0031085120007036055,0.03745668296458065,0.0033238586156012495,3.745668296458065,37.69577,-121.08735,grass
a749a5393e2d0a9a,grass,root_respiration_rate,TotSoilCarb,1.1917426938281932,-0.002627517357857332,0.051685401320956156,-0.001081455161444582,5.1685401320956155,37.69577,-121.08735,grass
a749a5393e2d0a9a,temperate.deciduous,dVPDSlope,TotSoilCarb,0.5746719617679705,-2.9496721822450464e-4,0.035478527727614326,-0.055849952261056046,3.5478527727614324,37.69577,-121.08735,grass
a749a5393e2d0a9a,temperate.deciduous,Vm_low_temp,TotSoilCarb,0.014776850424612655,0,0,0,0,37.69577,-121.08735,grass
a749a5393e2d0a9a,temperate.deciduous,psnTOpt,TotSoilCarb,0.03377170479011718,0,0,0,0,37.69577,-121.08735,grass
b698c76bbfddfe7f,temperate.deciduous,leafC,AbvGrndWood,0.001901482640767582,4.188370143272436,0.03864987751789545,0.9536093176403,3.8649877517895446,35.20522,-119.11233,grass
b698c76bbfddfe7f,grass,fracLeafFall,AbvGrndWood,0.0028934835982409968,-3.4514551057480145,0.04822889395407336,-38.6894894522859,4.822889395407335,35.20522,-119.11233,grass
b698c76bbfddfe7f,temperate.deciduous,AmaxFrac,AbvGrndWood,0.04852317301715081,2.3743029245956597,0.038667145030053765,29.54336560013286,3.8667145030053764,35.20522,-119.11233,grass
b698c76bbfddfe7f,temperate.deciduous,fracLeafFall,AbvGrndWood,0.0029051396029618685,-0.7309868899571607,0.036676670226821015,-8.57529990113153,3.6676670226821013,35.20522,-119.11233,grass
b698c76bbfddfe7f,temperate.deciduous,leafGrowth,AbvGrndWood,0.47439143012718543,-0.671891105320437,0.03994888357120025,-0.06223365322039097,3.994888357120025,35.20522,-119.11233,grass
b698c76bbfddfe7f,grass,root_turnover_rate,AbvGrndWood,3.6831164382354347,-0.6624036934063399,0.06893170055614779,-37.29152970590258,6.893170055614779,35.20522,-119.11233,grass
b698c76bbfddfe7f,temperate.deciduous,root_turnover_rate,AbvGrndWood,1.2324634310283136,-0.6555453208455323,0.04248957274606529,-4.605714010056538,4.2489572746065285,35.20522,-119.11233,grass
b698c76bbfddfe7f,temperate.deciduous,GDD,AbvGrndWood,0.044743576113003856,-0.6375850725863769,0.03871082979933346,-0.01380313360312796,3.8710829799333464,35.20522,-119.11233,grass
b698c76bbfddfe7f,temperate.deciduous,veg_respiration_Q10,AbvGrndWood,0.11222092787454017,-0.5540204699633474,0.038660734923117925,-3.2657816286034347,3.8660734923117923,35.20522,-119.11233,grass
b698c76bbfddfe7f,temperate.deciduous,wueConst,AbvGrndWood,0.21332873211542983,-0.5387706358162188,0.04033329339528801,-0.45008531053048584,4.033329339528801,35.20522,-119.11233,grass
b698c76bbfddfe7f,temperate.deciduous,wood_turnover_rate,AbvGrndWood,0.22606905087321985,-0.4993376052089857,0.04080467048083791,-1038.2775974294755,4.080467048083792,35.20522,-119.11233,grass
b698c76bbfddfe7f,grass,leaf_turnover_rate,AbvGrndWood,0.8808446906983906,-0.40272810326738523,0.050958797315008304,-3.8246122144091883,5.095879731500831,35.20522,-119.11233,grass
b698c76bbfddfe7f,grass,psnTOpt,AbvGrndWood,0.007592215788019588,0.3823503079975065,7.352402819474316e-6,0.029862948485009134,7.352402819474316e-4,35.20522,-119.11233,grass
b698c76bbfddfe7f,temperate.deciduous,root_allocation_fraction,AbvGrndWood,0.23700134304228354,-0.3700787152864029,0.04093538257406501,-58.08253611695585,4.093538257406501,35.20522,-119.11233,grass
b698c76bbfddfe7f,temperate.deciduous,growth_resp_factor,AbvGrndWood,0.5240498102204209,-0.30570783503433735,0.03767781461264303,-9.729354620354925,3.767781461264303,35.20522,-119.11233,grass
b698c76bbfddfe7f,temperate.deciduous,Amax,AbvGrndWood,0.23889915367635475,0.2762238335424694,0.03890058048871962,0.4614430068071256,3.890058048871962,35.20522,-119.11233,grass
b698c76bbfddfe7f,temperate.deciduous,leaf_allocation_fraction,AbvGrndWood,0.11310585475501,-0.25660958783802806,0.04065488585164764,-14.61443622806263,4.065488585164764,35.20522,-119.11233,grass
b698c76bbfddfe7f,grass,stem_respiration_rate,AbvGrndWood,0.5838660458481962,-0.22804826561510885,0.05211719461737402,-0.050520025645442584,5.211719461737402,35.20522,-119.11233,grass
b698c76bbfddfe7f,grass,growth_resp_factor,AbvGrndWood,0.4121372404528765,-0.1918399326094922,0.048542069292595115,-5.460588568073199,4.854206929259512,35.20522,-119.11233,grass
b698c76bbfddfe7f,grass,veg_respiration_Q10,AbvGrndWood,0.17334308627468153,-0.15692090495040914,0.04764543604995809,-0.8385040371368255,4.76454360499581,35.20522,-119.11233,grass
b698c76bbfddfe7f,temperate.deciduous,wood_allocation_fraction,AbvGrndWood,0.22557627473097958,-0.14938071405254422,0.04012596523150298,-3.8429528750266826,4.0125965231502985,35.20522,-119.11233,grass
b698c76bbfddfe7f,grass,leafGrowth,AbvGrndWood,0.5821266051341962,-0.10784403900020045,0.04836265673123296,-0.009431462664429208,4.836265673123296,35.20522,-119.11233,grass
b698c76bbfddfe7f,grass,Amax,AbvGrndWood,0.0925322802259662,-0.07657957686078687,0.05098456662372288,-0.11178325952805679,5.098456662372288,35.20522,-119.11233,grass
b698c76bbfddfe7f,grass,SLA,AbvGrndWood,0.5002905583119089,-0.06891914695299112,0.05181946410378579,-0.07031537893456163,5.181946410378579,35.20522,-119.11233,grass
b698c76bbfddfe7f,grass,Vm_low_temp,AbvGrndWood,0.0036882133453327802,-0.05543225584325515,1.3090999211679057e-8,-0.002753892796407533,1.3090999211679056e-6,35.20522,-119.11233,grass
b698c76bbfddfe7f,grass,fine_root_respiration_Q10,AbvGrndWood,0.32777992094136,-0.05187876362648984,0.047818706416708275,-0.18311647187160585,4.781870641670827,35.20522,-119.11233,grass
b698c76bbfddfe7f,temperate.deciduous,dVpdExp,AbvGrndWood,0.19225189014032568,0.04384206174183362,0.03674459132890372,0.3388796433038763,3.6744591328903717,35.20522,-119.11233,grass
b698c76bbfddfe7f,grass,half_saturation_PAR,AbvGrndWood,0.423676362529568,0.04263299027099884,0.04752571673358653,0.03064123725662793,4.752571673358653,35.20522,-119.11233,grass
b698c76bbfddfe7f,temperate.deciduous,leafWHC,AbvGrndWood,0.29037619461217085,-0.03691715461412384,0.03671533802687785,-2.1623729720975575,3.671533802687785,35.20522,-119.11233,grass
b698c76bbfddfe7f,grass,leaf_respiration_rate_m2,AbvGrndWood,0.3840637491809258,-0.03502685434162003,0.04828097220717579,-1.6870966815170618,4.828097220717579,35.20522,-119.11233,grass
b698c76bbfddfe7f,grass,leafC,AbvGrndWood,0.08247397100078632,0.03436855553209478,0.051478216863300744,0.007232959944751816,5.147821686330074,35.20522,-119.11233,grass
b698c76bbfddfe7f,temperate.deciduous,half_saturation_PAR,AbvGrndWood,0.4347845456434499,-0.03433402936811982,0.03669476516289566,-0.026109999477465062,3.669476516289566,35.20522,-119.11233,grass
b698c76bbfddfe7f,grass,dVpdExp,AbvGrndWood,0.29059941459660293,-0.03342598617545846,0.04753085024699574,-0.18774198631824923,4.753085024699574,35.20522,-119.11233,grass
b698c76bbfddfe7f,temperate.deciduous,leaf_turnover_rate,AbvGrndWood,0.19225231233445972,0.031379285636928995,0.03654320353672431,0.4845835449251581,3.6543203536724307,35.20522,-119.11233,grass
b698c76bbfddfe7f,temperate.deciduous,leaf_respiration_rate_m2,AbvGrndWood,0.21091401741282062,-0.03136424092197519,0.03830144268806509,-0.5087233460875282,3.830144268806509,35.20522,-119.11233,grass
b698c76bbfddfe7f,grass,coarse_root_respiration_Q10,AbvGrndWood,0.3264722939727177,-0.031089896135887352,0.048183701492433326,-0.10866203846318712,4.818370149243332,35.20522,-119.11233,grass
b698c76bbfddfe7f,grass,AmaxFrac,AbvGrndWood,0.11524047806471809,-0.029812719413135833,0.04764650007075091,-0.45050893705327155,4.764650007075091,35.20522,-119.11233,grass
b698c76bbfddfe7f,temperate.deciduous,SLA,AbvGrndWood,0.064055337486117,0.02659497260839612,0.03872005173959557,0.018575917535157416,3.872005173959557,35.20522,-119.11233,grass
b698c76bbfddfe7f,temperate.deciduous,fine_root_respiration_Q10,AbvGrndWood,0.3237854117070182,0.025378743857178806,0.036734589921268025,0.09186569012612367,3.6734589921268026,35.20522,-119.11233,grass
b698c76bbfddfe7f,temperate.deciduous,extinction_coefficient,AbvGrndWood,0.13848825996617425,0.024171521970484902,0.036604161296840465,0.5673318541979029,3.6604161296840463,35.20522,-119.11233,grass
b698c76bbfddfe7f,temperate.deciduous,stem_respiration_rate,AbvGrndWood,0.5711292346636633,0.017486134452222808,0.03689182331070823,0.0040704296150923525,3.689182331070823,35.20522,-119.11233,grass
b698c76bbfddfe7f,grass,extinction_coefficient,AbvGrndWood,0.13867003326405747,0.01690932905058057,0.04798180962590065,0.3794161880347957,4.798180962590065,35.20522,-119.11233,grass
b698c76bbfddfe7f,temperate.deciduous,coarse_root_respiration_Q10,AbvGrndWood,0.3278886980598058,-0.015865464960177777,0.037040675512158526,-0.05822395923888113,3.7040675512158527,35.20522,-119.11233,grass
b698c76bbfddfe7f,grass,GDD,AbvGrndWood,0.4655665225024222,-0.014043852432725717,0.04654187811788382,-3.3373013931096637e-4,4.654187811788383,35.20522,-119.11233,grass
b698c76bbfddfe7f,temperate.deciduous,root_respiration_rate,AbvGrndWood,0.10964326006402972,0.011855589584711482,0.038914087210177715,0.01454913849925532,3.8914087210177715,35.20522,-119.11233,grass
b698c76bbfddfe7f,grass,root_respiration_rate,AbvGrndWood,1.1917426938281932,0.011599071830783587,0.05142855144127006,0.00532723867730267,5.142855144127005,35.20522,-119.11233,grass
b698c76bbfddfe7f,grass,dVPDSlope,AbvGrndWood,0.5376789264257191,-0.0022416434403017198,0.04798495204627711,-0.19398471645504856,4.798495204627711,35.20522,-119.11233,grass
b698c76bbfddfe7f,temperate.deciduous,dVPDSlope,AbvGrndWood,0.5746719617679705,-0.0010585970488085302,0.036858963816593496,-0.24446547961122178,3.6858963816593495,35.20522,-119.11233,grass
b698c76bbfddfe7f,temperate.deciduous,Vm_low_temp,AbvGrndWood,0.014776850424612655,0,0,0,0,35.20522,-119.11233,grass
b698c76bbfddfe7f,temperate.deciduous,psnTOpt,AbvGrndWood,0.03377170479011718,0,0,0,0,35.20522,-119.11233,grass
b698c76bbfddfe7f,temperate.deciduous,leafC,NPP,0.001901482640767582,3.2595787347161584,0.03863032465315016,-1.7752035705646188e-9,3.863032465315016,35.20522,-119.11233,grass
b698c76bbfddfe7f,grass,fracLeafFall,NPP,0.0028934835982409968,-2.579924248635835,0.046271267412200966,6.599828054630278e-8,4.6271267412200965,35.20522,-119.11233,grass
b698c76bbfddfe7f,grass,psnTOpt,NPP,0.007592215788019588,2.066817213873925,1.2290464712653854e-4,2.3392782235050764e-10,0.012290464712653854,35.20522,-119.11233,grass
b698c76bbfddfe7f,temperate.deciduous,AmaxFrac,NPP,0.04852317301715081,1.8514554131255154,0.03864758342972245,-5.49968285016634e-8,3.864758342972245,35.20522,-119.11233,grass
b698c76bbfddfe7f,grass,stem_respiration_rate,NPP,0.5838660458481962,0.7547206829473975,0.07637918174879074,-2.875456955923963e-10,7.637918174879074,35.20522,-119.11233,grass
b698c76bbfddfe7f,temperate.deciduous,fracLeafFall,NPP,0.0029051396029618685,-0.5805845008917753,0.03665811560211565,1.5963458747257696e-8,3.665811560211565,35.20522,-119.11233,grass
b698c76bbfddfe7f,grass,root_turnover_rate,NPP,3.6831164382354347,-0.5471802122225752,0.06576980764795556,7.30245090120318e-8,6.5769807647955565,35.20522,-119.11233,grass
b698c76bbfddfe7f,temperate.deciduous,leafGrowth,NPP,0.47439143012718543,-0.5225095146980617,0.039928673542932204,1.1585184976956187e-10,3.9928673542932205,35.20522,-119.11233,grass
b698c76bbfddfe7f,grass,coarse_root_respiration_Q10,NPP,0.3264722939727177,0.5216816703775797,0.057249950405932025,-4.064963554297729e-9,5.724995040593202,35.20522,-119.11233,grass
b698c76bbfddfe7f,temperate.deciduous,root_turnover_rate,NPP,1.2324634310283136,-0.5120597686450147,0.042468077390262295,8.573825574485278e-9,4.246807739026229,35.20522,-119.11233,grass
b698c76bbfddfe7f,temperate.deciduous,GDD,NPP,0.044743576113003856,-0.49836997578859765,0.03869124609899976,2.5695399157683022e-11,3.8691246098999756,35.20522,-119.11233,grass
b698c76bbfddfe7f,temperate.deciduous,wueConst,NPP,0.21332873211542983,-0.4373412398994091,0.04105593124527864,8.868136751213256e-10,4.105593124527864,35.20522,-119.11233,grass
b698c76bbfddfe7f,temperate.deciduous,veg_respiration_Q10,NPP,0.11222092787454017,-0.43169401851525024,0.03864117656564175,6.079457384211433e-9,3.864117656564175,35.20522,-119.11233,grass
b698c76bbfddfe7f,temperate.deciduous,wood_turnover_rate,NPP,0.22606905087321985,-0.37686319038240174,0.040789674620798036,1.8987077231846196e-6,4.078967462079803,35.20522,-119.11233,grass
b698c76bbfddfe7f,grass,leaf_turnover_rate,NPP,0.8808446906983906,-0.35585968833139386,0.050115088495337475,8.191923733912038e-9,5.011508849533747,35.20522,-119.11233,grass
b698c76bbfddfe7f,temperate.deciduous,root_allocation_fraction,NPP,0.23700134304228354,-0.2858615276534019,0.04091471550027229,1.0813041999429342e-7,4.091471550027229,35.20522,-119.11233,grass
b698c76bbfddfe7f,grass,Vm_low_temp,NPP,0.0036882133453327802,0.2299801105445613,5.93038177063217e-7,-3.55125325636658e-11,5.93038177063217e-5,35.20522,-119.11233,grass
b698c76bbfddfe7f,grass,leaf_respiration_rate_m2,NPP,0.3840637491809258,0.2277056936089695,0.0476934603397155,-2.518686739379273e-8,4.76934603397155,35.20522,-119.11233,grass
b698c76bbfddfe7f,grass,leafC,NPP,0.08247397100078632,-0.2275814010074154,0.049171426667661236,1.1564356292976533e-10,4.917142666766123,35.20522,-119.11233,grass
b698c76bbfddfe7f,temperate.deciduous,growth_resp_factor,NPP,0.5240498102204209,-0.22579234796952397,0.037603875850972586,1.811180400804164e-8,3.760387585097259,35.20522,-119.11233,grass
b698c76bbfddfe7f,temperate.deciduous,Amax,NPP,0.23889915367635475,0.21507449039715418,0.038880900794043806,-8.590051063291605e-10,3.8880900794043805,35.20522,-119.11233,grass
b698c76bbfddfe7f,grass,SLA,NPP,0.5002905583119089,0.1987883864250239,0.05279803959552165,-4.80049172431478e-10,5.279803959552165,35.20522,-119.11233,grass
b698c76bbfddfe7f,temperate.deciduous,leaf_allocation_fraction,NPP,0.11310585475501,-0.19790092029620798,0.04044698981173288,2.71590371507133e-8,4.044698981173288,35.20522,-119.11233,grass
b698c76bbfddfe7f,grass,veg_respiration_Q10,NPP,0.17334308627468153,0.19035266956602695,0.04702440752946064,-2.595934875805132e-9,4.702440752946064,35.20522,-119.11233,grass
b698c76bbfddfe7f,grass,leafGrowth,NPP,0.5821266051341962,0.15889636409434002,0.04903579078447723,-3.2646754536182957e-11,4.903579078447723,35.20522,-119.11233,grass
b698c76bbfddfe7f,grass,growth_resp_factor,NPP,0.4121372404528765,-0.1503883514947627,0.045826244211767,1.0165228195771819e-8,4.5826244211767,35.20522,-119.11233,grass
b698c76bbfddfe7f,temperate.deciduous,wood_allocation_fraction,NPP,0.22557627473097958,-0.11556538504725998,0.04010503784407312,7.167742614105999e-9,4.010503784407312,35.20522,-119.11233,grass
b698c76bbfddfe7f,grass,Amax,NPP,0.0925322802259662,-0.07457558947072508,0.04805966340165111,2.618081796477713e-10,4.805966340165111,35.20522,-119.11233,grass
b698c76bbfddfe7f,grass,root_respiration_rate,NPP,1.1917426938281932,0.06082019708306546,0.04943630331342992,-6.649503682798523e-11,4.943630331342992,35.20522,-119.11233,grass
b698c76bbfddfe7f,grass,fine_root_respiration_Q10,NPP,0.32777992094136,-0.0521462072346616,0.04561069725512,4.3411372399400053e-10,4.561069725512,35.20522,-119.11233,grass
b698c76bbfddfe7f,grass,half_saturation_PAR,NPP,0.423676362529568,0.04088850103736954,0.04484053220483439,-6.933179318641027e-11,4.484053220483439,35.20522,-119.11233,grass
b698c76bbfddfe7f,grass,AmaxFrac,NPP,0.11524047806471809,-0.03796169432795045,0.04492800385408041,1.3502354445933013e-9,4.492800385408041,35.20522,-119.11233,grass
b698c76bbfddfe7f,temperate.deciduous,dVpdExp,NPP,0.19225189014032568,0.0347894490687709,0.036726002343103116,-6.308457160143023e-10,3.6726002343103117,35.20522,-119.11233,grass
b698c76bbfddfe7f,temperate.deciduous,leafWHC,NPP,0.29037619461217085,-0.02929808547680317,0.03669676384024077,4.025392946514747e-9,3.6696763840240774,35.20522,-119.11233,grass
b698c76bbfddfe7f,temperate.deciduous,half_saturation_PAR,NPP,0.4347845456434499,-0.027254833247285056,0.036676201384012834,4.860540206814518e-11,3.667620138401283,35.20522,-119.11233,grass
b698c76bbfddfe7f,temperate.deciduous,leaf_turnover_rate,NPP,0.19225231233445972,0.02489220886186506,0.03652471643244351,-9.020826697841397e-10,3.652471643244351,35.20522,-119.11233,grass
b698c76bbfddfe7f,temperate.deciduous,leaf_respiration_rate_m2,NPP,0.21091401741282062,-0.024457482587114665,0.03828206609552394,9.47020424086085e-10,3.828206609552394,35.20522,-119.11233,grass
b698c76bbfddfe7f,temperate.deciduous,SLA,NPP,0.064055337486117,0.02069416138787197,0.03870046337390814,-3.458023587324507e-11,3.870046337390814,35.20522,-119.11233,grass
b698c76bbfddfe7f,temperate.deciduous,fine_root_respiration_Q10,NPP,0.3237854117070182,0.02013386590005703,0.03671600599515152,-1.7101374546949432e-10,3.671600599515152,35.20522,-119.11233,grass
b698c76bbfddfe7f,temperate.deciduous,extinction_coefficient,NPP,0.13848825996617425,0.019220668695648254,0.036585643354199615,-1.0561238388056658e-9,3.6585643354199613,35.20522,-119.11233,grass
b698c76bbfddfe7f,temperate.deciduous,stem_respiration_rate,NPP,0.5711292346636633,0.013906291336788824,0.03687315984066055,-7.577360091577336e-12,3.687315984066055,35.20522,-119.11233,grass
b698c76bbfddfe7f,grass,extinction_coefficient,NPP,0.13867003326405747,0.013390397060075823,0.045256168639652525,-7.072966149473981e-10,4.5256168639652525,35.20522,-119.11233,grass
b698c76bbfddfe7f,temperate.deciduous,coarse_root_respiration_Q10,NPP,0.3278886980598058,-0.012608586401474641,0.03702193673819919,1.0838755287021945e-10,3.702193673819919,35.20522,-119.11233,grass
b698c76bbfddfe7f,grass,dVpdExp,NPP,0.29059941459660293,-0.01166462916538139,0.04506386201514203,1.5421377223594537e-10,4.506386201514203,35.20522,-119.11233,grass
b698c76bbfddfe7f,grass,GDD,NPP,0.4655665225024222,-0.011174103249303251,0.043937959460450815,6.212595912714451e-13,4.393795946045081,35.20522,-119.11233,grass
b698c76bbfddfe7f,temperate.deciduous,root_respiration_rate,NPP,0.10964326006402972,0.00923528550494547,0.03889440068248936,-2.7084134073299415e-11,3.889440068248936,35.20522,-119.11233,grass
b698c76bbfddfe7f,grass,dVPDSlope,NPP,0.5376789264257191,0.008367717000174385,0.04540864733151517,-1.711681984672006e-9,4.540864733151517,35.20522,-119.11233,grass
b698c76bbfddfe7f,temperate.deciduous,dVPDSlope,NPP,0.5746719617679705,-8.39466294727213e-4,0.03684031697007182,4.550878271193195e-10,3.684031697007182,35.20522,-119.11233,grass
b698c76bbfddfe7f,temperate.deciduous,Vm_low_temp,NPP,0.014776850424612655,-0,0,0,0,35.20522,-119.11233,grass
b698c76bbfddfe7f,temperate.deciduous,psnTOpt,NPP,0.03377170479011718,-0,0,0,0,35.20522,-119.11233,grass
b698c76bbfddfe7f,temperate.deciduous,leafC,TotSoilCarb,0.001901482640767582,2.357860286073459,0.038554584300293966,0.49325534570653673,3.8554584300293966,35.20522,-119.11233,grass
b698c76bbfddfe7f,grass,fracLeafFall,TotSoilCarb,0.0028934835982409968,-2.030919596897294,0.04881996954857585,-20.473428723514417,4.881996954857585,35.20522,-119.11233,grass
b698c76bbfddfe7f,temperate.deciduous,AmaxFrac,TotSoilCarb,0.04852317301715081,1.3418596872045312,0.038571809238532276,15.281334549548504,3.8571809238532277,35.20522,-119.11233,grass
b698c76bbfddfe7f,temperate.deciduous,fracLeafFall,TotSoilCarb,0.0029051396029618685,-0.42852822958424225,0.03658624205107313,-4.435582202296928,3.658624205107313,35.20522,-119.11233,grass
b698c76bbfddfe7f,temperate.deciduous,leafGrowth,TotSoilCarb,0.47439143012718543,-0.3776932926975788,0.039850387588817794,-0.03219041757033613,3.9850387588817795,35.20522,-119.11233,grass
b698c76bbfddfe7f,temperate.deciduous,root_turnover_rate,TotSoilCarb,1.2324634310283136,-0.371738677215468,0.04238481256669317,-2.382310044827798,4.238481256669317,35.20522,-119.11233,grass
b698c76bbfddfe7f,temperate.deciduous,GDD,TotSoilCarb,0.044743576113003856,-0.36204156323396003,0.038615386300815416,-0.007139684261990964,3.8615386300815415,35.20522,-119.11233,grass
b698c76bbfddfe7f,temperate.deciduous,veg_respiration_Q10,TotSoilCarb,0.11222092787454017,-0.31264500244732607,0.038565414936037594,-1.689228719162383,3.856541493603759,35.20522,-119.11233,grass
b698c76bbfddfe7f,temperate.deciduous,wueConst,TotSoilCarb,0.21332873211542983,-0.3055000825665932,0.040932949918728825,-0.24024033608823792,4.093294991872883,35.20522,-119.11233,grass
b698c76bbfddfe7f,grass,root_turnover_rate,TotSoilCarb,3.6831164382354347,-0.2616822064484601,0.06304663968949588,-12.59244859098267,6.304663968949588,35.20522,-119.11233,grass
b698c76bbfddfe7f,grass,Vm_low_temp,TotSoilCarb,0.0036882133453327802,-0.25710616100793127,5.014802231625561e-7,-0.008762989475071127,5.0148022316255616e-5,35.20522,-119.11233,grass
b698c76bbfddfe7f,temperate.deciduous,wood_turnover_rate,TotSoilCarb,0.22606905087321985,-0.23341122684385884,0.040311718694567365,-458.3089503579081,4.0311718694567364,35.20522,-119.11233,grass
b698c76bbfddfe7f,grass,leaf_turnover_rate,TotSoilCarb,0.8808446906983906,-0.2309590973533324,0.05139102973849042,-2.034101828673763,5.139102973849042,35.20522,-119.11233,grass
b698c76bbfddfe7f,temperate.deciduous,root_allocation_fraction,TotSoilCarb,0.23700134304228354,-0.2059644095815706,0.04011605807803032,-30.042221160977675,4.011605807803032,35.20522,-119.11233,grass
b698c76bbfddfe7f,temperate.deciduous,growth_resp_factor,TotSoilCarb,0.5240498102204209,-0.1566465663239735,0.040403707170163554,-5.032518126647371,4.040370717016355,35.20522,-119.11233,grass
b698c76bbfddfe7f,temperate.deciduous,Amax,TotSoilCarb,0.23889915367635475,0.1556505881878079,0.038804669150330005,0.238681843430105,3.8804669150330007,35.20522,-119.11233,grass
b698c76bbfddfe7f,temperate.deciduous,leaf_allocation_fraction,TotSoilCarb,0.11310585475501,-0.14169435776823192,0.04036735193964778,-7.550884414194968,4.036735193964778,35.20522,-119.11233,grass
b698c76bbfddfe7f,grass,growth_resp_factor,TotSoilCarb,0.4121372404528765,-0.10956191631389271,0.049135050764664734,-2.8244947402265943,4.913505076466473,35.20522,-119.11233,grass
b698c76bbfddfe7f,temperate.deciduous,wood_allocation_fraction,TotSoilCarb,0.22557627473097958,-0.08302670528537916,0.040272732879813804,-1.9929568012767618,4.02727328798138,35.20522,-119.11233,grass
b698c76bbfddfe7f,grass,coarse_root_respiration_Q10,TotSoilCarb,0.3264722939727177,-0.04698929305506885,0.04860078193441221,-0.1474067850729659,4.860078193441221,35.20522,-119.11233,grass
b698c76bbfddfe7f,grass,veg_respiration_Q10,TotSoilCarb,0.17334308627468153,-0.04558214679740424,0.04885690638288417,-0.2238358932813913,4.885690638288417,35.20522,-119.11233,grass
b698c76bbfddfe7f,grass,leafGrowth,TotSoilCarb,0.5821266051341962,0.042831262400483155,0.0483499194601825,0.0034118749504239987,4.83499194601825,35.20522,-119.11233,grass
b698c76bbfddfe7f,grass,Amax,TotSoilCarb,0.0925322802259662,-0.03716886552848417,0.051604656774794894,-0.05063859063448373,5.16046567747949,35.20522,-119.11233,grass
b698c76bbfddfe7f,grass,dVpdExp,TotSoilCarb,0.29059941459660293,-0.02943447492148659,0.0481048882308897,-0.1485020473153975,4.81048882308897,35.20522,-119.11233,grass
b698c76bbfddfe7f,grass,fine_root_respiration_Q10,TotSoilCarb,0.32777992094136,-0.028342886946078057,0.04831249173120569,-0.08926003747584987,4.831249173120569,35.20522,-119.11233,grass
b698c76bbfddfe7f,temperate.deciduous,dVpdExp,TotSoilCarb,0.19225189014032568,0.02565418749380712,0.03665399569026136,0.17528582462300513,3.665399569026136,35.20522,-119.11233,grass
b698c76bbfddfe7f,grass,half_saturation_PAR,TotSoilCarb,0.423676362529568,0.0231830001107678,0.04810892432010583,0.014940050823944506,4.810892432010583,35.20522,-119.11233,grass
b698c76bbfddfe7f,grass,leafC,TotSoilCarb,0.08247397100078632,-0.02300056789842594,0.05211880779674052,-0.004543665866018509,5.211880779674051,35.20522,-119.11233,grass
b698c76bbfddfe7f,grass,stem_respiration_rate,TotSoilCarb,0.5838660458481962,-0.021884080032265604,0.04840751062319169,-0.004478467703614361,4.8407510623191685,35.20522,-119.11233,grass
b698c76bbfddfe7f,temperate.deciduous,leafWHC,TotSoilCarb,0.29037619461217085,-0.02160751873545011,0.036624814513723444,-1.1184895199406668,3.6624814513723445,35.20522,-119.11233,grass
b698c76bbfddfe7f,temperate.deciduous,half_saturation_PAR,TotSoilCarb,0.4347845456434499,-0.02010564256728577,0.036604292373172476,-0.013505422588071192,3.6604292373172473,35.20522,-119.11233,grass
b698c76bbfddfe7f,grass,psnTOpt,TotSoilCarb,0.007592215788019588,0.01907695492189023,1.9326668537618973e-8,7.871568714863123e-4,1.9326668537618973e-6,35.20522,-119.11233,grass
b698c76bbfddfe7f,temperate.deciduous,leaf_turnover_rate,TotSoilCarb,0.19225231233445972,0.01835002884819545,0.03645310442981594,0.2506513092460345,3.645310442981594,35.20522,-119.11233,grass
b698c76bbfddfe7f,temperate.deciduous,leaf_respiration_rate_m2,TotSoilCarb,0.21091401741282062,-0.017725783739914795,0.03820700855406726,-0.26313764484214275,3.820700855406726,35.20522,-119.11233,grass
b698c76bbfddfe7f,temperate.deciduous,SLA,TotSoilCarb,0.064055337486117,0.01496712147175276,0.038624585503919825,0.009608411386219373,3.8624585503919824,35.20522,-119.11233,grass
b698c76bbfddfe7f,temperate.deciduous,fine_root_respiration_Q10,TotSoilCarb,0.3237854117070182,0.01484353929805368,0.03664401894159938,0.0475176174388241,3.6644018941599383,35.20522,-119.11233,grass
b698c76bbfddfe7f,grass,leaf_respiration_rate_m2,TotSoilCarb,0.3840637491809258,0.014424157974253215,0.04855270624712341,0.6264585136257992,4.855270624712341,35.20522,-119.11233,grass
b698c76bbfddfe7f,temperate.deciduous,extinction_coefficient,TotSoilCarb,0.13848825996617425,0.014203564165344946,0.036513911895507574,0.29345295258352877,3.6513911895507576,35.20522,-119.11233,grass
b698c76bbfddfe7f,grass,AmaxFrac,TotSoilCarb,0.11524047806471809,-0.012256711109281893,0.04822768439231839,-0.16544063560500177,4.822768439231839,35.20522,-119.11233,grass
b698c76bbfddfe7f,temperate.deciduous,stem_respiration_rate,TotSoilCarb,0.5711292346636633,0.01027765176350218,0.036800864664207074,0.0021054336716577887,3.6800864664207076,35.20522,-119.11233,grass
b698c76bbfddfe7f,grass,extinction_coefficient,TotSoilCarb,0.13867003326405747,0.009745436098727094,0.048567964657385394,0.1960802619444877,4.856796465738539,35.20522,-119.11233,grass
b698c76bbfddfe7f,temperate.deciduous,coarse_root_respiration_Q10,TotSoilCarb,0.3278886980598058,-0.009311960653923678,0.036949349863065535,-0.030116399464136023,3.6949349863065537,35.20522,-119.11233,grass
b698c76bbfddfe7f,grass,GDD,TotSoilCarb,0.4655665225024222,-0.008262417143339919,0.047110425602600085,-1.7262223868141045e-4,4.711042560260008,35.20522,-119.11233,grass
b698c76bbfddfe7f,grass,dVPDSlope,TotSoilCarb,0.5376789264257191,-0.0077184008615860085,0.04859867750378318,-0.6009649260909242,4.859867750378318,35.20522,-119.11233,grass
b698c76bbfddfe7f,temperate.deciduous,root_respiration_rate,TotSoilCarb,0.10964326006402972,0.006686611112582888,0.03881814257028679,0.0075255560190421456,3.881814257028679,35.20522,-119.11233,grass
b698c76bbfddfe7f,grass,SLA,TotSoilCarb,0.5002905583119089,0.004153088661535437,0.051697736862724414,0.00397223978058292,5.169773686272442,35.20522,-119.11233,grass
b698c76bbfddfe7f,grass,root_respiration_rate,TotSoilCarb,1.1917426938281932,-8.431991508680275e-4,0.052386706931539385,-3.594202096094401e-4,5.238670693153939,35.20522,-119.11233,grass
b698c76bbfddfe7f,temperate.deciduous,dVPDSlope,TotSoilCarb,0.5746719617679705,-6.186251537468068e-4,0.036768086186828336,-0.12645000675678375,3.6768086186828337,35.20522,-119.11233,grass
b698c76bbfddfe7f,temperate.deciduous,Vm_low_temp,TotSoilCarb,0.014776850424612655,0,0,0,0,35.20522,-119.11233,grass
b698c76bbfddfe7f,temperate.deciduous,psnTOpt,TotSoilCarb,0.03377170479011718,0,0,0,0,35.20522,-119.11233,grass
bb622fd1e21955a4,temperate.deciduous,leafC,AbvGrndWood,0.001901482640767582,4.256748120884696,0.03865022109326488,0.9660406061206146,3.865022109326488,35.12894,-118.58115,grass
bb622fd1e21955a4,grass,fracLeafFall,AbvGrndWood,0.0028934835982409968,-3.5057118505158416,0.04823587869755547,-39.20146321271068,4.8235878697555465,35.12894,-118.58115,grass
bb622fd1e21955a4,temperate.deciduous,AmaxFrac,AbvGrndWood,0.04852317301715081,2.412713348447621,0.03866748875892154,29.928494073251215,3.8667488758921538,35.12894,-118.58115,grass
bb622fd1e21955a4,temperate.deciduous,fracLeafFall,AbvGrndWood,0.0029051396029618685,-0.7418204117470389,0.036676996261502934,-8.687087847100884,3.667699626150293,35.12894,-118.58115,grass
bb622fd1e21955a4,temperate.deciduous,leafGrowth,AbvGrndWood,0.47439143012718543,-0.6828973686863934,0.03994923869399269,-0.06304493356555373,3.9949238693992686,35.12894,-118.58115,grass
bb622fd1e21955a4,grass,root_turnover_rate,AbvGrndWood,3.6831164382354347,-0.6730307726374349,0.06894169860717451,-37.77756597353537,6.894169860717452,35.12894,-118.58115,grass
bb622fd1e21955a4,temperate.deciduous,root_turnover_rate,AbvGrndWood,1.2324634310283136,-0.6660670483881124,0.042489950454135554,-4.665754278600106,4.248995045413555,35.12894,-118.58115,grass
bb622fd1e21955a4,temperate.deciduous,GDD,AbvGrndWood,0.044743576113003856,-0.647786189694796,0.03871117391653391,-0.013983071794354152,3.8711173916533914,35.12894,-118.58115,grass
bb622fd1e21955a4,temperate.deciduous,veg_respiration_Q10,AbvGrndWood,0.11222092787454017,-0.5630143143306953,0.0386610785950035,-3.3083544860491756,3.86610785950035,35.12894,-118.58115,grass
bb622fd1e21955a4,temperate.deciduous,wueConst,AbvGrndWood,0.21332873211542983,-0.5482748810989103,0.040334195593397765,-0.4561762780161511,4.033419559339777,35.12894,-118.58115,grass
bb622fd1e21955a4,temperate.deciduous,wood_turnover_rate,AbvGrndWood,0.22606905087321985,-0.5076538318724765,0.04080519934007362,-1051.1834243270223,4.080519934007362,35.12894,-118.58115,grass
bb622fd1e21955a4,grass,leaf_turnover_rate,AbvGrndWood,0.8808446906983906,-0.4095790915495199,0.05096493941371979,-3.875676294894939,5.096493941371979,35.12894,-118.58115,grass
bb622fd1e21955a4,grass,psnTOpt,AbvGrndWood,0.007592215788019588,0.38307278504990666,7.219652382337305e-6,0.029975718327983104,7.219652382337306e-4,35.12894,-118.58115,grass
bb622fd1e21955a4,temperate.deciduous,root_allocation_fraction,AbvGrndWood,0.23700134304228354,-0.376330512891032,0.040935746462249956,-58.839702289358684,4.093574646224996,35.12894,-118.58115,grass
bb622fd1e21955a4,temperate.deciduous,growth_resp_factor,AbvGrndWood,0.5240498102204209,-0.3085760144635101,0.03766861745684214,-9.856186868924034,3.7668617456842144,35.12894,-118.58115,grass
bb622fd1e21955a4,temperate.deciduous,Amax,AbvGrndWood,0.23889915367635475,0.28072332022383106,0.03890092629269549,0.46745839594890803,3.890092629269549,35.12894,-118.58115,grass
bb622fd1e21955a4,temperate.deciduous,leaf_allocation_fraction,AbvGrndWood,0.11310585475501,-0.2609906658825567,0.040655245312064714,-14.804443852367513,4.065524531206472,35.12894,-118.58115,grass
bb622fd1e21955a4,grass,stem_respiration_rate,AbvGrndWood,0.5838660458481962,-0.2272761303065713,0.051974826696013735,-0.05027500376518507,5.197482669601373,35.12894,-118.58115,grass
bb622fd1e21955a4,grass,growth_resp_factor,AbvGrndWood,0.4121372404528765,-0.19486788299093827,0.04854910675258739,-5.531773014896693,4.854910675258739,35.12894,-118.58115,grass
bb622fd1e21955a4,grass,veg_respiration_Q10,AbvGrndWood,0.17334308627468153,-0.1599869365239725,0.047642701331261555,-0.8521367214307567,4.764270133126155,35.12894,-118.58115,grass
bb622fd1e21955a4,temperate.deciduous,wood_allocation_fraction,AbvGrndWood,0.22557627473097958,-0.15194247848844744,0.04012625674406253,-3.8939424891001124,4.012625674406253,35.12894,-118.58115,grass
bb622fd1e21955a4,grass,leafGrowth,AbvGrndWood,0.5821266051341962,-0.10897116246621015,0.04837119795903159,-0.009505334142018637,4.837119795903159,35.12894,-118.58115,grass
bb622fd1e21955a4,grass,Amax,AbvGrndWood,0.0925322802259662,-0.07809078865929889,0.05099251719859026,-0.11355356852436493,5.099251719859026,35.12894,-118.58115,grass
bb622fd1e21955a4,grass,SLA,AbvGrndWood,0.5002905583119089,-0.07000552904438571,0.05183689953512068,-0.0711494087210609,5.183689953512069,35.12894,-118.58115,grass
bb622fd1e21955a4,grass,fine_root_respiration_Q10,AbvGrndWood,0.32777992094136,-0.052678403311760054,0.047825638491414565,-0.18550327965365554,4.782563849141456,35.12894,-118.58115,grass
bb622fd1e21955a4,grass,Vm_low_temp,AbvGrndWood,0.0036882133453327802,-0.044729020135051735,8.493789530240387e-9,-0.0022470089187946276,8.493789530240386e-7,35.12894,-118.58115,grass
bb622fd1e21955a4,temperate.deciduous,dVpdExp,AbvGrndWood,0.19225189014032568,0.04449476669237634,0.0367449179673655,0.34329729163016864,3.6744917967365502,35.12894,-118.58115,grass
bb622fd1e21955a4,grass,half_saturation_PAR,AbvGrndWood,0.423676362529568,0.04341101706061092,0.04753181058013376,0.031127419672299372,4.753181058013376,35.12894,-118.58115,grass
bb622fd1e21955a4,temperate.deciduous,leafWHC,AbvGrndWood,0.29037619461217085,-0.0374664254217448,0.03671566440529446,-2.1905617510040685,3.671566440529446,35.12894,-118.58115,grass
bb622fd1e21955a4,grass,leaf_respiration_rate_m2,AbvGrndWood,0.3840637491809258,-0.03511696829874033,0.048284928462229294,-1.6873873988675996,4.82849284622293,35.12894,-118.58115,grass
bb622fd1e21955a4,temperate.deciduous,half_saturation_PAR,AbvGrndWood,0.4347845456434499,-0.03484424416348216,0.03669509135843125,-0.026450370455097794,3.669509135843125,35.12894,-118.58115,grass
bb622fd1e21955a4,grass,leafC,AbvGrndWood,0.08247397100078632,0.03465831402721953,0.05148642000140333,0.007265113300355841,5.148642000140333,35.12894,-118.58115,grass
bb622fd1e21955a4,grass,dVpdExp,AbvGrndWood,0.29059941459660293,-0.033766993719692155,0.04754039955950691,-0.18919542724365357,4.754039955950691,35.12894,-118.58115,grass
bb622fd1e21955a4,temperate.deciduous,leaf_respiration_rate_m2,AbvGrndWood,0.21091401741282062,-0.031871638611027125,0.03830178316604759,-0.5153550835872451,3.830178316604759,35.12894,-118.58115,grass
bb622fd1e21955a4,temperate.deciduous,leaf_turnover_rate,AbvGrndWood,0.19225231233445972,0.031847169455114954,0.03654352838496347,0.49090059502978534,3.654352838496347,35.12894,-118.58115,grass
bb622fd1e21955a4,grass,coarse_root_respiration_Q10,AbvGrndWood,0.3264722939727177,-0.03158889278732322,0.048190844312652005,-0.11013294102433324,4.819084431265201,35.12894,-118.58115,grass
bb622fd1e21955a4,grass,AmaxFrac,AbvGrndWood,0.11524047806471809,-0.030479818155139088,0.04765398260868355,-0.4595783474510853,4.765398260868356,35.12894,-118.58115,grass
bb622fd1e21955a4,temperate.deciduous,SLA,AbvGrndWood,0.064055337486117,0.02702946576057941,0.03872039593877382,0.0188180739249848,3.872039593877382,35.12894,-118.58115,grass
bb622fd1e21955a4,temperate.deciduous,fine_root_respiration_Q10,AbvGrndWood,0.3237854117070182,0.02575699919452937,0.036734916470823,0.0930632548670225,3.6734916470823,35.12894,-118.58115,grass
bb622fd1e21955a4,temperate.deciduous,extinction_coefficient,AbvGrndWood,0.13848825996617425,0.024527685724911496,0.03660448668695935,0.5747276145088875,3.6604486686959348,35.12894,-118.58115,grass
bb622fd1e21955a4,temperate.deciduous,stem_respiration_rate,AbvGrndWood,0.5711292346636633,0.017743634214069832,0.03689215125797836,0.004123491895260928,3.689215125797836,35.12894,-118.58115,grass
bb622fd1e21955a4,grass,extinction_coefficient,AbvGrndWood,0.13867003326405747,0.01717028006826931,0.04798876527502267,0.38436984332624036,4.798876527502267,35.12894,-118.58115,grass
bb622fd1e21955a4,temperate.deciduous,coarse_root_respiration_Q10,AbvGrndWood,0.3278886980598058,-0.016099909534821644,0.037041004782639844,-0.058982969055977996,3.7041004782639844,35.12894,-118.58115,grass
bb622fd1e21955a4,grass,GDD,AbvGrndWood,0.4655665225024222,-0.014250168401147515,0.04654862559713209,-3.3808065850116087e-4,4.654862559713209,35.12894,-118.58115,grass
bb622fd1e21955a4,temperate.deciduous,root_respiration_rate,AbvGrndWood,0.10964326006402972,0.012048301595278789,0.03891443313422063,0.014738801639577304,3.891443313422063,35.12894,-118.58115,grass
bb622fd1e21955a4,grass,root_respiration_rate,AbvGrndWood,1.1917426938281932,0.011793555015150194,0.051436109472843494,0.005395606885895077,5.143610947284349,35.12894,-118.58115,grass
bb622fd1e21955a4,grass,dVPDSlope,AbvGrndWood,0.5376789264257191,-0.002125366426057341,0.047995481301751484,-0.18349018370228976,4.799548130175149,35.12894,-118.58115,grass
bb622fd1e21955a4,temperate.deciduous,dVPDSlope,AbvGrndWood,0.5746719617679705,-0.0010744077372964297,0.036859291471761466,-0.24765234119524848,3.6859291471761466,35.12894,-118.58115,grass
bb622fd1e21955a4,temperate.deciduous,Vm_low_temp,AbvGrndWood,0.014776850424612655,0,0,0,0,35.12894,-118.58115,grass
bb622fd1e21955a4,temperate.deciduous,psnTOpt,AbvGrndWood,0.03377170479011718,0,0,0,0,35.12894,-118.58115,grass
bb622fd1e21955a4,temperate.deciduous,leafC,NPP,0.001901482640767582,3.348511583733803,0.03862954217650625,-1.8025598605857603e-9,3.862954217650625,35.12894,-118.58115,grass
bb622fd1e21955a4,grass,fracLeafFall,NPP,0.0028934835982409968,-2.6382611718493245,0.04631979478829587,6.671685973314004e-8,4.631979478829587,35.12894,-118.58115,grass
bb622fd1e21955a4,grass,psnTOpt,NPP,0.007592215788019588,2.0467210066388977,1.2028472679809334e-4,2.348570316267164e-10,0.012028472679809334,35.12894,-118.58115,grass
bb622fd1e21955a4,temperate.deciduous,AmaxFrac,NPP,0.04852317301715081,1.9016084554738135,0.038646800603493354,-5.5844342114006906e-8,3.8646800603493356,35.12894,-118.58115,grass
bb622fd1e21955a4,grass,stem_respiration_rate,NPP,0.5838660458481962,0.755063237663038,0.0750022589402495,-2.8493527338469203e-10,7.50022589402495,35.12894,-118.58115,grass
bb622fd1e21955a4,temperate.deciduous,fracLeafFall,NPP,0.0029051396029618685,-0.595252942039676,0.03665737307355743,1.6209459270505537e-8,3.665737307355743,35.12894,-118.58115,grass
bb622fd1e21955a4,grass,root_turnover_rate,NPP,3.6831164382354347,-0.5610379136893511,0.06581751996446254,7.405651870128065e-8,6.581751996446254,35.12894,-118.58115,grass
bb622fd1e21955a4,temperate.deciduous,leafGrowth,NPP,0.47439143012718543,-0.5368034141368037,0.03992786476757891,1.176371530746771e-10,3.992786476757891,35.12894,-118.58115,grass
bb622fd1e21955a4,grass,coarse_root_respiration_Q10,NPP,0.3264722939727177,0.526082073340915,0.05709603532731059,-4.0546561635093675e-9,5.709603532731059,35.12894,-118.58115,grass
bb622fd1e21955a4,temperate.deciduous,root_turnover_rate,NPP,1.2324634310283136,-0.5258445569133674,0.04246721717800761,8.705950172979448e-9,4.246721717800761,35.12894,-118.58115,grass
bb622fd1e21955a4,temperate.deciduous,GDD,NPP,0.044743576113003856,-0.5117527339497651,0.03869046238836136,2.6091371091956952e-11,3.8690462388361357,35.12894,-118.58115,grass
bb622fd1e21955a4,temperate.deciduous,wueConst,NPP,0.21332873211542983,-0.44857330979998894,0.04105202876919291,8.98216744236627e-10,4.105202876919291,35.12894,-118.58115,grass
bb622fd1e21955a4,temperate.deciduous,veg_respiration_Q10,NPP,0.11222092787454017,-0.4434199419003662,0.038640393869186905,6.173143202633231e-9,3.8640393869186904,35.12894,-118.58115,grass
bb622fd1e21955a4,temperate.deciduous,wood_turnover_rate,NPP,0.22606905087321985,-0.38728075180837185,0.040788649936255375,1.926433206080193e-6,4.078864993625538,35.12894,-118.58115,grass
bb622fd1e21955a4,grass,leaf_turnover_rate,NPP,0.8808446906983906,-0.3647458052938726,0.05016261191597566,8.297838872934585e-9,5.016261191597566,35.12894,-118.58115,grass
bb622fd1e21955a4,temperate.deciduous,root_allocation_fraction,NPP,0.23700134304228354,-0.29386914515041057,0.0409138564331826,1.0979545110301922e-7,4.09138564331826,35.12894,-118.58115,grass
bb622fd1e21955a4,grass,leafC,NPP,0.08247397100078632,-0.23206790401603702,0.04921902093878518,1.1645194767126794e-10,4.921902093878518,35.12894,-118.58115,grass
bb622fd1e21955a4,temperate.deciduous,growth_resp_factor,NPP,0.5240498102204209,-0.23189523116938554,0.037627022615857174,1.839091101946592e-8,3.7627022615857175,35.12894,-118.58115,grass
bb622fd1e21955a4,grass,leaf_respiration_rate_m2,NPP,0.3840637491809258,0.23162518368288385,0.04770340737722205,-2.533977717781846e-8,4.770340737722205,35.12894,-118.58115,grass
bb622fd1e21955a4,temperate.deciduous,Amax,NPP,0.23889915367635475,0.22093218743238083,0.03888011324185422,-8.722425700251706e-10,3.8880113241854217,35.12894,-118.58115,grass
bb622fd1e21955a4,grass,Vm_low_temp,NPP,0.0036882133453327802,0.21004278128505136,4.5063038727372747e-7,-3.1416019260775347e-11,4.506303872737275e-5,35.12894,-118.58115,grass
bb622fd1e21955a4,temperate.deciduous,leaf_allocation_fraction,NPP,0.11310585475501,-0.2035737406194604,0.040445909553511766,2.7584983321347793e-8,4.044590955351176,35.12894,-118.58115,grass
bb622fd1e21955a4,grass,SLA,NPP,0.5002905583119089,0.2029404017865129,0.052751430454002594,-4.839170651926274e-10,5.2751430454002595,35.12894,-118.58115,grass
bb622fd1e21955a4,grass,veg_respiration_Q10,NPP,0.17334308627468153,0.19402916132804723,0.04710544317939285,-2.620090674157793e-9,4.710544317939285,35.12894,-118.58115,grass
bb622fd1e21955a4,grass,leafGrowth,NPP,0.5821266051341962,0.16249312825036466,0.049002820524515815,-3.30119025244544e-11,4.9002820524515815,35.12894,-118.58115,grass
bb622fd1e21955a4,grass,growth_resp_factor,NPP,0.4121372404528765,-0.15438356901586364,0.04587711870865426,1.032187666993308e-8,4.5877118708654265,35.12894,-118.58115,grass
bb622fd1e21955a4,temperate.deciduous,wood_allocation_fraction,NPP,0.22557627473097958,-0.11881868354490929,0.040104133188556525,7.278874439004962e-9,4.010413318855653,35.12894,-118.58115,grass
bb622fd1e21955a4,grass,Amax,NPP,0.0925322802259662,-0.07629152322628537,0.04811106956961163,2.6451062870145224e-10,4.811106956961162,35.12894,-118.58115,grass
bb622fd1e21955a4,grass,root_respiration_rate,NPP,1.1917426938281932,0.061239102606391316,0.0494497876853057,-6.612263248115746e-11,4.944978768530571,35.12894,-118.58115,grass
bb622fd1e21955a4,grass,fine_root_respiration_Q10,NPP,0.32777992094136,-0.052872681744402565,0.04566082231826985,4.3565056717450126e-10,4.566082231826985,35.12894,-118.58115,grass
bb622fd1e21955a4,grass,half_saturation_PAR,NPP,0.423676362529568,0.04165622293114205,0.04488648507839125,-6.989642237167024e-11,4.488648507839125,35.12894,-118.58115,grass
bb622fd1e21955a4,grass,AmaxFrac,NPP,0.11524047806471809,-0.038585740557877245,0.04497549997491811,1.3583177676042224e-9,4.49754999749181,35.12894,-118.58115,grass
bb622fd1e21955a4,temperate.deciduous,dVpdExp,NPP,0.19225189014032568,0.03567159984904775,0.036725258439464836,-6.405671917098436e-10,3.6725258439464836,35.12894,-118.58115,grass
bb622fd1e21955a4,temperate.deciduous,leafWHC,NPP,0.29037619461217085,-0.030040625611095616,0.03669602052884307,4.087425165647148e-9,3.669602052884307,35.12894,-118.58115,grass
bb622fd1e21955a4,temperate.deciduous,half_saturation_PAR,NPP,0.4347845456434499,-0.02794491285646706,0.03667545848911801,4.9354422348195446e-11,3.667545848911801,35.12894,-118.58115,grass
bb622fd1e21955a4,temperate.deciduous,leaf_turnover_rate,NPP,0.19225231233445972,0.025524176724464113,0.03652397660595254,-9.159839685122661e-10,3.6523976605952537,35.12894,-118.58115,grass
bb622fd1e21955a4,temperate.deciduous,leaf_respiration_rate_m2,NPP,0.21091401741282062,-0.025119998562296877,0.03828129067303219,9.616142238095651e-10,3.8281290673032187,35.12894,-118.58115,grass
bb622fd1e21955a4,temperate.deciduous,SLA,NPP,0.064055337486117,0.021259090719249616,0.03869967947656919,-3.5113125158300924e-11,3.8699679476569186,35.12894,-118.58115,grass
bb622fd1e21955a4,temperate.deciduous,fine_root_respiration_Q10,NPP,0.3237854117070182,0.020644858294466665,0.03671526229399429,-1.7364910610995082e-10,3.6715262293994293,35.12894,-118.58115,grass
bb622fd1e21955a4,temperate.deciduous,extinction_coefficient,NPP,0.13848825996617425,0.01970402601160144,0.036584902293603214,-1.0723989469181817e-9,3.6584902293603214,35.12894,-118.58115,grass
bb622fd1e21955a4,temperate.deciduous,stem_respiration_rate,NPP,0.5711292346636633,0.014255833905213334,0.03687241295627319,-7.694128930766792e-12,3.6872412956273193,35.12894,-118.58115,grass
bb622fd1e21955a4,grass,extinction_coefficient,NPP,0.13867003326405747,0.01422741548515343,0.04622228115084043,-7.185226386071841e-10,4.6222281150840425,35.12894,-118.58115,grass
bb622fd1e21955a4,temperate.deciduous,coarse_root_respiration_Q10,NPP,0.3278886980598058,-0.012926393353869291,0.03702118684026099,1.1005782966560436e-10,3.702118684026099,35.12894,-118.58115,grass
bb622fd1e21955a4,grass,dVpdExp,NPP,0.29059941459660293,-0.012157891781477116,0.04509697558514991,1.5901878969371107e-10,4.509697558514992,35.12894,-118.58115,grass
bb622fd1e21955a4,grass,GDD,NPP,0.4655665225024222,-0.011454432572821381,0.043986737657753516,6.308333426085014e-13,4.398673765775351,35.12894,-118.58115,grass
bb622fd1e21955a4,temperate.deciduous,root_respiration_rate,NPP,0.10964326006402972,0.009486397299211807,0.03889361285685275,-2.7501506727886975e-11,3.889361285685275,35.12894,-118.58115,grass
bb622fd1e21955a4,grass,dVPDSlope,NPP,0.5376789264257191,0.008440793247629303,0.0454321435037074,-1.7083818040407148e-9,4.54321435037074,35.12894,-118.58115,grass
bb622fd1e21955a4,temperate.deciduous,dVPDSlope,NPP,0.5746719617679705,-8.608073497801832e-4,0.03683957075093332,4.6210083384722495e-10,3.683957075093332,35.12894,-118.58115,grass
bb622fd1e21955a4,temperate.deciduous,Vm_low_temp,NPP,0.014776850424612655,-0,0,0,0,35.12894,-118.58115,grass
bb622fd1e21955a4,temperate.deciduous,psnTOpt,NPP,0.03377170479011718,-0,0,0,0,35.12894,-118.58115,grass
bb622fd1e21955a4,temperate.deciduous,leafC,TotSoilCarb,0.001901482640767582,2.339760258997842,0.03867125685066153,0.5002940662935629,3.867125685066153,35.12894,-118.58115,grass
bb622fd1e21955a4,grass,fracLeafFall,TotSoilCarb,0.0028934835982409968,-2.015189641881491,0.04880663220415459,-20.759675273712674,4.880663220415459,35.12894,-118.58115,grass
bb622fd1e21955a4,temperate.deciduous,AmaxFrac,TotSoilCarb,0.04852317301715081,1.3316105306958652,0.03868853391441256,15.499398165132973,3.8688533914412555,35.12894,-118.58115,grass
bb622fd1e21955a4,temperate.deciduous,fracLeafFall,TotSoilCarb,0.0029051396029618685,-0.42541258708402063,0.036696958072162,-4.49887766180791,3.6696958072162,35.12894,-118.58115,grass
bb622fd1e21955a4,temperate.deciduous,leafGrowth,TotSoilCarb,0.47439143012718543,-0.37478854972771664,0.03997098145430756,-0.0326497726626418,3.997098145430756,35.12894,-118.58115,grass
bb622fd1e21955a4,temperate.deciduous,root_turnover_rate,TotSoilCarb,1.2324634310283136,-0.3689116948051072,0.042513076021448395,-2.416305448837438,4.2513076021448395,35.12894,-118.58115,grass
bb622fd1e21955a4,temperate.deciduous,GDD,TotSoilCarb,0.044743576113003856,-0.359293151265116,0.03873224284809533,-0.007241567075907035,3.873224284809533,35.12894,-118.58115,grass
bb622fd1e21955a4,temperate.deciduous,veg_respiration_Q10,TotSoilCarb,0.11222092787454017,-0.31025243951926956,0.03868212026170069,-1.7133338992993217,3.868212026170069,35.12894,-118.58115,grass
bb622fd1e21955a4,temperate.deciduous,wueConst,TotSoilCarb,0.21332873211542983,-0.302260533282127,0.04105277352828179,-0.24300432397182115,4.105277352828178,35.12894,-118.58115,grass
bb622fd1e21955a4,grass,root_turnover_rate,TotSoilCarb,3.6831164382354347,-0.25905190310723913,0.0632271282649734,-12.749330407560121,6.32271282649734,35.12894,-118.58115,grass
bb622fd1e21955a4,temperate.deciduous,wood_turnover_rate,TotSoilCarb,0.22606905087321985,-0.23156458012334985,0.0404337503850979,-464.84175081261264,4.04337503850979,35.12894,-118.58115,grass
bb622fd1e21955a4,grass,leaf_turnover_rate,TotSoilCarb,0.8808446906983906,-0.2291520697756125,0.051378716255257195,-2.063015279932647,5.13787162552572,35.12894,-118.58115,grass
bb622fd1e21955a4,temperate.deciduous,root_allocation_fraction,TotSoilCarb,0.23700134304228354,-0.20434873349800195,0.040237451581403835,-30.471011741464793,4.023745158140383,35.12894,-118.58115,grass
bb622fd1e21955a4,grass,Vm_low_temp,TotSoilCarb,0.0036882133453327802,-0.20033496347098875,3.385101769568304e-7,-0.007303383558794652,3.3851017695683045e-5,35.12894,-118.58115,grass
bb622fd1e21955a4,temperate.deciduous,growth_resp_factor,TotSoilCarb,0.5240498102204209,-0.1550043091680306,0.03750384161710738,-5.104331821624921,3.750384161710738,35.12894,-118.58115,grass
bb622fd1e21955a4,temperate.deciduous,Amax,TotSoilCarb,0.23889915367635475,0.15445720798234475,0.03892209849882655,0.24208781727250583,3.892209849882655,35.12894,-118.58115,grass
bb622fd1e21955a4,temperate.deciduous,leaf_allocation_fraction,TotSoilCarb,0.11310585475501,-0.14058850773590242,0.0404894890927784,-7.659307440788012,4.04894890927784,35.12894,-118.58115,grass
bb622fd1e21955a4,grass,growth_resp_factor,TotSoilCarb,0.4121372404528765,-0.10873644728002087,0.04912163257155047,-2.8648000900804362,4.912163257155047,35.12894,-118.58115,grass
bb622fd1e21955a4,temperate.deciduous,wood_allocation_fraction,TotSoilCarb,0.22557627473097958,-0.08237538452143665,0.040394603217057054,-2.021361173541031,4.039460321705706,35.12894,-118.58115,grass
bb622fd1e21955a4,grass,coarse_root_respiration_Q10,TotSoilCarb,0.3264722939727177,-0.046441435357177416,0.048579710271837086,-0.1488821036249388,4.857971027183709,35.12894,-118.58115,grass
bb622fd1e21955a4,grass,veg_respiration_Q10,TotSoilCarb,0.17334308627468153,-0.04525268197209596,0.048843234548875264,-0.2271238734024532,4.884323454887526,35.12894,-118.58115,grass
bb622fd1e21955a4,grass,leafGrowth,TotSoilCarb,0.5821266051341962,0.04138151553183095,0.04835238638149099,0.0033693832448506017,4.835238638149099,35.12894,-118.58115,grass
bb622fd1e21955a4,grass,Amax,TotSoilCarb,0.0925322802259662,-0.03753559040557854,0.05159304195393489,-0.052278483277471643,5.159304195393489,35.12894,-118.58115,grass
bb622fd1e21955a4,grass,dVpdExp,TotSoilCarb,0.29059941459660293,-0.02877490515859243,0.04810791972443608,-0.14836757183167748,4.810791972443608,35.12894,-118.58115,grass
bb622fd1e21955a4,grass,fine_root_respiration_Q10,TotSoilCarb,0.32777992094136,-0.028200961769371313,0.04829805649596352,-0.09076061988211359,4.829805649596352,35.12894,-118.58115,grass
bb622fd1e21955a4,temperate.deciduous,dVpdExp,TotSoilCarb,0.19225189014032568,0.02546718270630494,0.03676491674507123,0.17778714154359676,3.676491674507123,35.12894,-118.58115,grass
bb622fd1e21955a4,grass,half_saturation_PAR,TotSoilCarb,0.423676362529568,0.02326495150157017,0.048095076928977305,0.015321826061198085,4.80950769289773,35.12894,-118.58115,grass
bb622fd1e21955a4,grass,leafC,TotSoilCarb,0.08247397100078632,-0.02215850811567101,0.0521041712424851,-0.004474905765660453,5.21041712424851,35.12894,-118.58115,grass
bb622fd1e21955a4,grass,stem_respiration_rate,TotSoilCarb,0.5838660458481962,-0.021681047780015218,0.04839295043588961,-0.004533969281331887,4.839295043588962,35.12894,-118.58115,grass
bb622fd1e21955a4,temperate.deciduous,leafWHC,TotSoilCarb,0.29037619461217085,-0.021450067471486426,0.03673564726146552,-1.134450290115602,3.673564726146552,35.12894,-118.58115,grass
bb622fd1e21955a4,temperate.deciduous,half_saturation_PAR,TotSoilCarb,0.4347845456434499,-0.019959237642650136,0.03671506301752217,-0.013698144059484718,3.671506301752217,35.12894,-118.58115,grass
bb622fd1e21955a4,temperate.deciduous,leaf_turnover_rate,TotSoilCarb,0.19225231233445972,0.018216149368048128,0.03656341755443727,0.2542280865600759,3.656341755443727,35.12894,-118.58115,grass
bb622fd1e21955a4,temperate.deciduous,leaf_respiration_rate_m2,TotSoilCarb,0.21091401741282062,-0.017590393652238294,0.038322629282725576,-0.26689260132480896,3.8322629282725575,35.12894,-118.58115,grass
bb622fd1e21955a4,temperate.deciduous,SLA,TotSoilCarb,0.064055337486117,0.014852181519661818,0.03874146988951021,0.00974552277005225,3.8741469889510207,35.12894,-118.58115,grass
bb622fd1e21955a4,temperate.deciduous,fine_root_respiration_Q10,TotSoilCarb,0.3237854117070182,0.014735268397667265,0.036754909805117295,0.048195690641728905,3.6754909805117295,35.12894,-118.58115,grass
bb622fd1e21955a4,grass,psnTOpt,TotSoilCarb,0.007592215788019588,0.014692814145280637,1.1507298139786344e-8,6.16144156755656e-4,1.1507298139786344e-6,35.12894,-118.58115,grass
bb622fd1e21955a4,grass,leaf_respiration_rate_m2,TotSoilCarb,0.3840637491809258,0.014297917659647112,0.04853977491263484,0.6345525057547334,4.853977491263484,35.12894,-118.58115,grass
bb622fd1e21955a4,temperate.deciduous,extinction_coefficient,TotSoilCarb,0.13848825996617425,0.014100638938268396,0.03662440903357977,0.2976405064674452,3.6624409033579766,35.12894,-118.58115,grass
bb622fd1e21955a4,grass,AmaxFrac,TotSoilCarb,0.11524047806471809,-0.012809719700355698,0.0482169960218115,-0.1766912597981971,4.82169960218115,35.12894,-118.58115,grass
bb622fd1e21955a4,temperate.deciduous,stem_respiration_rate,TotSoilCarb,0.5711292346636633,0.010203201309683734,0.036912230168829364,0.0021354780684561397,3.6912230168829363,35.12894,-118.58115,grass
bb622fd1e21955a4,grass,extinction_coefficient,TotSoilCarb,0.13867003326405747,0.009674077573439238,0.04855469844263154,0.19890077479650614,4.855469844263154,35.12894,-118.58115,grass
bb622fd1e21955a4,temperate.deciduous,coarse_root_respiration_Q10,TotSoilCarb,0.3278886980598058,-0.00924437118908207,0.037061164708464205,-0.03054615845764852,3.7061164708464203,35.12894,-118.58115,grass
bb622fd1e21955a4,grass,GDD,TotSoilCarb,0.4655665225024222,-0.008202647002195928,0.047097560310337364,-1.7508554640987412e-4,4.709756031033736,35.12894,-118.58115,grass
bb622fd1e21955a4,grass,dVPDSlope,TotSoilCarb,0.5376789264257191,-0.007239988777121437,0.048600420010172396,-0.576102576784109,4.86004200101724,35.12894,-118.58115,grass
bb622fd1e21955a4,temperate.deciduous,root_respiration_rate,TotSoilCarb,0.10964326006402972,0.006635404058887191,0.0389356126915811,0.007632945196961671,3.89356126915811,35.12894,-118.58115,grass
bb622fd1e21955a4,grass,SLA,TotSoilCarb,0.5002905583119089,0.0029884851162786377,0.0517217489631235,0.0029222369833565853,5.172174896312351,35.12894,-118.58115,grass
bb622fd1e21955a4,grass,root_respiration_rate,TotSoilCarb,1.1917426938281932,-7.471454365538177e-4,0.052367794041988255,-3.256142112341709e-4,5.236779404198826,35.12894,-118.58115,grass
bb622fd1e21955a4,temperate.deciduous,dVPDSlope,TotSoilCarb,0.5746719617679705,-6.141074322224733e-4,0.036879352498355375,-0.12825443984309004,3.6879352498355376,35.12894,-118.58115,grass
bb622fd1e21955a4,temperate.deciduous,Vm_low_temp,TotSoilCarb,0.014776850424612655,0,0,0,0,35.12894,-118.58115,grass
bb622fd1e21955a4,temperate.deciduous,psnTOpt,TotSoilCarb,0.03377170479011718,0,0,0,0,35.12894,-118.58115,grass
