param,poolinitcond,met
1,11,6
2,16,3
3,6,8
4,8,4
5,18,9
6,13,2
7,3,7
8,14,9
9,4,4
10,9,6
11,19,1
12,17,7
13,7,2
14,2,10
15,12,5
16,7,8
17,17,3
18,12,6
19,2,1
20,5,7
21,15,2
22,20,10
23,10,5
24,19,1
25,9,6
26,4,4
27,14,9
28,11,5
29,1,10
30,6,3
31,16,8
32,1,5
33,11,10
34,16,2
35,6,7
36,9,1
37,19,6
38,14,3
39,4,8
40,15,8
41,5,3
42,10,10
43,20,5
44,18,9
45,8,4
46,3,7
47,13,2
48,7,7
49,17,2
50,12,9
51,2,4
52,5,8
53,15,3
54,20,6
55,10,1
56,18,5
57,8,10
58,3,3
59,13,8
60,11,1
61,1,6
62,6,4
63,16,9
64,14,5
65,4,10
66,9,3
67,19,8
68,16,2
69,6,7
70,1,4
71,11,9
72,3,7
73,13,2
74,18,10
75,8,5
76,10,9
77,20,4
78,15,6
79,5,1
80,19,8
81,9,3
82,4,10
83,14,5
84,12,9
85,2,4
86,7,6
87,17,1
88,6,4
89,16,9
90,11,2
91,1,7
92,3,1
93,13,6
94,18,3
95,8,8
96,13,1
97,3,6
98,8,4
99,18,9
100,16,5
101,6,10
102,1,2
103,11,7
104,2,8
105,12,3
106,17,6
107,7,1
108,10,7
109,20,2
110,15,9
111,5,4
112,20,9
113,10,4
114,5,7
115,15,2
116,13,8
117,3,3
118,8,10
119,18,5
120,7,1
121,17,6
122,12,3
123,2,8
124,4,5
125,14,10
126,19,2
127,9,7
128,17,9
129,7,4
130,2,7
131,12,2
132,15,8
133,5,3
134,10,10
135,20,5
136,9,1
137,19,6
138,14,4
139,4,9
140,1,5
141,11,10
142,16,2
143,6,7
144,12,1
145,2,6
146,7,4
147,17,9
148,19,5
149,9,10
150,4,3
151,14,8
152,5,8
153,15,3
154,20,6
155,10,1
156,8,7
157,18,2
158,13,10
159,3,5
160,18,7
161,8,2
162,3,10
163,13,5
164,15,9
165,5,4
166,10,6
167,20,1
168,9,4
169,19,9
170,14,2
171,4,7
172,1,1
173,11,6
174,16,3
175,6,8
176,11,5
177,1,10
178,6,3
179,16,8
180,18,2
181,8,7
182,3,4
183,13,9
184,4,7
185,14,2
186,19,10
187,9,5
188,7,8
189,17,3
190,12,6
191,2,1
192,10,7
193,20,2
194,15,9
195,5,4
196,3,8
197,13,3
198,18,6
199,8,1
200,17,5
201,7,10
202,2,2
203,12,7
204,14,1
205,4,6
206,9,4
207,19,9
208,3,5
209,13,10
210,18,2
211,8,7
212,6,1
213,16,6
214,11,3
215,1,8
216,12,8
217,2,3
218,7,10
219,17,5
220,20,9
221,10,4
222,5,6
223,15,1
224,9,9
225,19,4
226,14,6
227,4,1
228,2,7
229,12,2
230,17,10
231,7,5
232,16,2
233,6,7
234,1,4
235,11,9
236,13,5
237,3,10
238,8,3
239,18,8
240,4,1
241,14,6
242,19,3
243,9,8
244,6,4
245,16,9
246,11,2
247,1,7
248,12,9
249,2,4
250,7,6
251,17,1
252,20,8
253,10,3
254,5,10
255,15,5
256,6,10
257,11,6
258,6,8
259,16,3
260,13,2
261,3,7
262,18,9
263,8,4
264,17,9
265,7,4
266,12,1
267,2,6
268,9,10
269,19,5
270,4,2
271,14,7
272,19,7
273,9,2
274,14,5
275,4,10
276,6,6
277,16,1
278,1,3
279,11,8
280,5,5
281,15,10
282,10,8
283,20,3
284,12,4
285,2,9
286,17,6
287,7,1
288,6,1
289,16,6
290,1,8
291,11,3
292,18,2
293,8,7
294,13,9
295,3,4
296,12,9
297,2,4
298,17,1
299,7,6
300,5,10
301,15,5
302,10,3
303,20,8
304,14,7
305,4,2
306,19,5
307,9,10
308,1,6
309,11,1
310,6,3
311,16,8
312,10,5
313,20,10
314,5,8
315,15,3
316,18,4
317,8,9
318,13,7
319,3,2
320,8,7
321,18,2
322,3,4
323,13,9
324,20,6
325,10,1
326,15,3
327,5,8
328,11,5
329,1,10
330,16,7
331,6,2
332,4,4
333,14,9
334,9,6
335,19,1
336,14,1
337,4,6
338,19,8
339,9,3
340,2,2
341,12,7
342,7,10
343,17,5
344,8,9
345,18,4
346,3,2
347,13,7
348,16,10
349,6,5
350,11,3
351,1,8
352,3,7
353,13,2
354,8,4
355,18,9
356,15,6
357,5,1
358,20,3
359,10,8
360,17,5
361,7,10
362,12,8
363,2,3
364,9,4
365,19,9
366,4,6
367,14,1
368,20,1
369,10,6
370,15,9
371,5,4
372,7,2
373,17,7
374,2,10
375,12,5
376,3,9
377,13,4
378,8,2
379,18,7
380,11,10
381,1,5
382,16,3
383,6,8
384,16,4
385,6,9
386,11,7
387,1,2
388,9,3
389,19,8
390,4,6
391,14,1
392,3,7
393,13,2
394,8,5
395,18,10
396,15,6
397,5,1
398,20,4
399,10,9
400,3,8
401,13,3
402,8,1
403,18,6
404,11,10
405,1,5
406,16,2
407,6,7
408,19,2
409,9,7
410,14,9
411,4,4
412,7,3
413,17,8
414,2,10
415,12,5
416,12,5
417,2,10
418,17,7
419,7,2
420,4,3
421,14,8
422,9,6
423,19,1
424,8,8
425,18,3
426,3,5
427,13,10
428,20,6
429,10,1
430,15,4
431,5,9
432,9,9
433,19,4
434,4,1
435,14,6
436,16,10
437,6,5
438,11,2
439,1,7
440,15,2
441,5,7
442,20,9
443,10,4
444,2,3
445,12,8
446,7,10
447,17,5
448,12,8
449,2,3
450,17,1
451,7,6
452,4,9
453,14,4
454,9,2
455,19,7
456,6,1
457,16,6
458,1,9
459,11,4
460,18,2
461,8,7
462,13,10
463,3,5
464,10,5
465,20,10
466,5,7
467,15,2
468,17,3
469,7,8
470,12,6
471,2,1
472,14,8
473,4,3
474,19,5
475,9,10
476,1,6
477,11,1
478,6,4
479,16,9
480,17,8
481,7,3
482,12,1
483,2,6
484,10,9
485,20,4
486,5,2
487,15,7
488,1,1
489,11,6
490,6,9
491,16,4
492,13,3
493,3,8
494,18,10
495,8,5
496,5,5
497,15,10
498,10,7
499,20,2
500,13,4
501,3,9
502,18,6
503,8,1
504,19,8
505,9,3
506,14,5
507,4,10
508,7,7
509,17,2
510,2,4
511,12,9
512,11,8
513,11,6
514,16,3
515,6,8
516,8,4
517,18,9
518,13,2
519,3,7
520,14,9
521,4,4
522,9,6
523,19,1
524,17,7
525,7,2
526,2,10
527,12,5
528,7,8
529,17,3
530,12,6
531,2,1
532,5,7
533,15,2
534,20,10
535,10,5
536,19,1
537,9,6
538,4,4
539,14,9
540,11,5
541,1,10
542,6,3
543,16,8
544,1,5
545,11,10
546,16,2
547,6,7
548,9,1
549,19,6
550,14,3
551,4,8
552,15,8
553,5,3
554,10,10
555,20,5
556,18,9
557,8,4
558,3,7
559,13,2
560,7,7
561,17,2
562,12,9
563,2,4
564,5,8
565,15,3
566,20,6
567,10,1
568,18,5
569,8,10
570,3,3
571,13,8
572,11,1
573,1,6
574,6,4
575,16,9
576,14,5
577,4,10
578,9,3
579,19,8
580,16,2
581,6,7
582,1,4
583,11,9
584,3,7
585,13,2
586,18,10
587,8,5
588,10,9
589,20,4
590,15,6
591,5,1
592,19,8
593,9,3
594,4,10
595,14,5
596,12,9
597,2,4
598,7,6
599,17,1
600,6,4
601,16,9
602,11,2
603,1,7
604,3,1
605,13,6
606,18,3
607,8,8
608,13,1
609,3,6
610,8,4
611,18,9
612,16,5
613,6,10
614,1,2
615,11,7
616,2,8
617,12,3
618,17,6
619,7,1
620,10,7
621,20,2
622,15,9
623,5,4
624,20,9
625,10,4
626,5,7
627,15,2
628,13,8
629,3,3
630,8,10
631,18,5
632,7,1
633,17,6
634,12,3
635,2,8
636,4,5
637,14,10
638,19,2
639,9,7
640,17,9
641,7,4
642,2,7
643,12,2
644,15,8
645,5,3
646,10,10
647,20,5
648,9,1
649,19,6
650,14,4
651,4,9
652,1,5
653,11,10
654,16,2
655,6,7
656,12,1
657,2,6
658,7,4
659,17,9
660,19,5
661,9,10
662,4,3
663,14,8
664,5,8
665,15,3
666,20,6
667,10,1
668,8,7
669,18,2
670,13,10
671,3,5
672,18,7
673,8,2
674,3,10
675,13,5
676,15,9
677,5,4
678,10,6
679,20,1
680,9,4
681,19,9
682,14,2
683,4,7
684,1,1
685,11,6
686,16,3
687,6,8
688,11,5
689,1,10
690,6,3
691,16,8
692,18,2
693,8,7
694,3,4
695,13,9
696,4,7
697,14,2
698,19,10
699,9,5
700,7,8
701,17,3
702,12,6
703,2,1
704,10,7
705,20,2
706,15,9
707,5,4
708,3,8
709,13,3
710,18,6
711,8,1
712,17,5
713,7,10
714,2,2
715,12,7
716,14,1
717,4,6
718,9,4
719,19,9
720,3,5
721,13,10
722,18,2
723,8,7
724,6,1
725,16,6
726,11,3
727,1,8
728,12,8
729,2,3
730,7,10
731,17,5
732,20,9
733,10,4
734,5,6
735,15,1
736,9,9
737,19,4
738,14,6
739,4,1
740,2,7
741,12,2
742,17,10
743,7,5
744,16,2
745,6,7
746,1,4
747,11,9
748,13,5
749,3,10
750,8,3
751,18,8
752,4,1
753,14,6
754,19,3
755,9,8
756,6,4
757,16,9
758,11,2
759,1,7
760,12,9
761,2,4
762,7,6
763,17,1
764,20,8
765,10,3
766,5,10
767,15,5
768,6,10
769,11,6
770,16,3
771,6,8
772,8,4
773,18,9
774,13,2
775,3,7
776,14,9
777,4,4
778,9,6
779,19,1
780,17,7
781,7,2
782,2,10
783,12,5
784,7,8
785,17,3
786,12,6
787,2,1
788,5,7
789,15,2
790,20,10
791,10,5
792,19,1
793,9,6
794,4,4
795,14,9
796,11,5
797,1,10
798,6,3
799,16,8
800,1,5
801,11,10
802,16,2
803,6,7
804,9,1
805,19,6
806,14,3
807,4,8
808,15,8
809,5,3
810,10,10
811,20,5
812,18,9
813,8,4
814,3,7
815,13,2
816,7,7
817,17,2
818,12,9
819,2,4
820,5,8
821,15,3
822,20,6
823,10,1
824,18,5
825,8,10
826,3,3
827,13,8
828,11,1
829,1,6
830,6,4
831,16,9
832,14,5
833,4,10
834,9,3
835,19,8
836,16,2
837,6,7
838,1,4
839,11,9
840,3,7
841,13,2
842,18,10
843,8,5
844,10,9
845,20,4
846,15,6
847,5,1
848,19,8
849,9,3
850,4,10
851,14,5
852,12,9
853,2,4
854,7,6
855,17,1
856,6,4
857,16,9
858,11,2
859,1,7
860,3,1
861,13,6
862,18,3
863,8,8
864,13,1
865,3,6
866,8,4
867,18,9
868,16,5
869,6,10
870,1,2
871,11,7
872,2,8
873,12,3
874,17,6
875,7,1
876,10,7
877,20,2
878,15,9
879,5,4
880,20,9
881,10,4
882,5,7
883,15,2
884,13,8
885,3,3
886,8,10
887,18,5
888,7,1
889,17,6
890,12,3
891,2,8
892,4,5
893,14,10
894,19,2
895,9,7
896,17,9
897,7,4
898,2,7
899,12,2
900,15,8
901,5,3
902,10,10
903,20,5
904,9,1
905,19,6
906,14,4
907,4,9
908,1,5
909,11,10
910,16,2
911,6,7
912,12,1
913,2,6
914,7,4
915,17,9
916,19,5
917,9,10
918,4,3
919,14,8
920,5,8
921,15,3
922,20,6
923,10,1
924,8,7
925,18,2
926,13,10
927,3,5
928,18,7
929,8,2
930,3,10
931,13,5
932,15,9
933,5,4
934,10,6
935,20,1
936,9,4
937,19,9
938,14,2
939,4,7
940,1,1
941,11,6
942,16,3
943,6,8
944,11,5
945,1,10
946,6,3
947,16,8
948,18,2
949,8,7
950,3,4
951,13,9
952,4,7
953,14,2
954,19,10
955,9,5
956,7,8
957,17,3
958,12,6
959,2,1
960,10,7
961,20,2
962,15,9
963,5,4
964,3,8
965,13,3
966,18,6
967,8,1
968,17,5
969,7,10
970,2,2
971,12,7
972,14,1
973,4,6
974,9,4
975,19,9
976,3,5
977,13,10
978,18,2
979,8,7
980,6,1
981,16,6
982,11,3
983,1,8
984,12,8
985,2,3
986,7,10
987,17,5
988,20,9
989,10,4
990,5,6
991,15,1
992,9,9
993,19,4
994,14,6
995,4,1
996,2,7
997,12,2
998,17,10
999,7,5
1000,16,2
1001,6,7
1002,1,4
1003,11,9
1004,13,5
1005,3,10
1006,8,3
1007,18,8
1008,4,1
1009,14,6
1010,19,3
1011,9,8
1012,6,4
1013,16,9
1014,11,2
1015,1,7
1016,12,9
1017,2,4
1018,7,6
1019,17,1
1020,20,8
1021,10,3
1022,5,10
1023,15,5
1024,6,10
1025,11,6
1026,16,3
1027,6,8
1028,8,4
1029,18,9
1030,13,2
1031,3,7
1032,14,9
1033,4,4
1034,9,6
1035,19,1
1036,17,7
1037,7,2
1038,2,10
1039,12,5
1040,7,8
1041,17,3
1042,12,6
1043,2,1
1044,5,7
1045,15,2
1046,20,10
1047,10,5
1048,19,1
1049,9,6
1050,4,4
1051,14,9
1052,11,5
1053,1,10
1054,6,3
1055,16,8
1056,1,5
1057,11,10
1058,16,2
1059,6,7
1060,9,1
1061,19,6
1062,14,3
1063,4,8
1064,15,8
1065,5,3
1066,10,10
1067,20,5
1068,18,9
1069,8,4
1070,3,7
1071,13,2
1072,7,7
1073,17,2
1074,12,9
1075,2,4
1076,5,8
1077,15,3
1078,20,6
1079,10,1
1080,18,5
1081,8,10
1082,3,3
1083,13,8
1084,11,1
1085,1,6
1086,6,4
1087,16,9
1088,14,5
1089,4,10
1090,9,3
1091,19,8
1092,16,2
1093,6,7
1094,1,4
1095,11,9
1096,3,7
1097,13,2
1098,18,10
1099,8,5
1100,10,9
1101,20,4
1102,15,6
1103,5,1
1104,19,8
1105,9,3
1106,4,10
1107,14,5
1108,12,9
1109,2,4
1110,7,6
1111,17,1
1112,6,4
1113,16,9
1114,11,2
1115,1,7
1116,3,1
1117,13,6
1118,18,3
1119,8,8
1120,13,1
1121,3,6
1122,8,4
1123,18,9
1124,16,5
1125,6,10
1126,1,2
1127,11,7
1128,2,8
1129,12,3
1130,17,6
1131,7,1
1132,10,7
1133,20,2
1134,15,9
1135,5,4
1136,20,9
1137,10,4
1138,5,7
1139,15,2
1140,13,8
1141,3,3
1142,8,10
1143,18,5
1144,7,1
1145,17,6
1146,12,3
1147,2,8
1148,4,5
1149,14,10
1150,19,2
1151,9,7
1152,17,9
1153,7,4
1154,2,7
1155,12,2
1156,15,8
1157,5,3
1158,10,10
1159,20,5
1160,9,1
1161,19,6
1162,14,4
1163,4,9
1164,1,5
1165,11,10
1166,16,2
1167,6,7
1168,12,1
1169,2,6
1170,7,4
1171,17,9
1172,19,5
1173,9,10
1174,4,3
1175,14,8
1176,5,8
1177,15,3
1178,20,6
1179,10,1
1180,8,7
1181,18,2
1182,13,10
1183,3,5
1184,18,7
1185,8,2
1186,3,10
1187,13,5
1188,15,9
1189,5,4
1190,10,6
1191,20,1
1192,9,4
1193,19,9
1194,14,2
1195,4,7
1196,1,1
1197,11,6
1198,16,3
1199,6,8
1200,11,5
1201,1,10
1202,6,3
1203,16,8
1204,18,2
1205,8,7
1206,3,4
1207,13,9
1208,4,7
1209,14,2
1210,19,10
1211,9,5
1212,7,8
1213,17,3
1214,12,6
1215,2,1
1216,10,7
1217,20,2
1218,15,9
1219,5,4
1220,3,8
1221,13,3
1222,18,6
1223,8,1
1224,17,5
1225,7,10
1226,2,2
1227,12,7
1228,14,1
1229,4,6
1230,9,4
1231,19,9
1232,3,5
1233,13,10
1234,18,2
1235,8,7
1236,6,1
1237,16,6
1238,11,3
1239,1,8
1240,12,8
1241,2,3
1242,7,10
1243,17,5
1244,20,9
1245,10,4
1246,5,6
1247,15,1
1248,9,9
1249,19,4
1250,14,6
1251,4,1
1252,2,7
1253,12,2
1254,17,10
1255,7,5
1256,16,2
1257,6,7
1258,1,4
1259,11,9
1260,13,5
1261,3,10
1262,8,3
1263,18,8
1264,4,1
1265,14,6
1266,19,3
1267,9,8
1268,6,4
1269,16,9
1270,11,2
1271,1,7
1272,12,9
1273,2,4
1274,7,6
1275,17,1
1276,20,8
1277,10,3
1278,5,10
1279,15,5
1280,6,10
1281,11,6
1282,16,3
1283,6,8
1284,8,4
1285,18,9
1286,13,2
1287,3,7
1288,14,9
1289,4,4
1290,9,6
1291,19,1
1292,17,7
1293,7,2
1294,2,10
1295,12,5
1296,7,8
1297,17,3
1298,12,6
1299,2,1
1300,5,7
1301,15,2
1302,20,10
1303,10,5
1304,19,1
1305,9,6
1306,4,4
1307,14,9
1308,11,5
1309,1,10
1310,6,3
1311,16,8
1312,1,5
1313,11,10
1314,16,2
1315,6,7
1316,9,1
1317,19,6
1318,14,3
1319,4,8
1320,15,8
1321,5,3
1322,10,10
1323,20,5
1324,18,9
1325,8,4
1326,3,7
1327,13,2
1328,7,7
1329,17,2
1330,12,9
1331,2,4
1332,5,8
1333,15,3
1334,20,6
1335,10,1
1336,18,5
1337,8,10
1338,3,3
1339,13,8
1340,11,1
1341,1,6
1342,6,4
1343,16,9
1344,14,5
1345,4,10
1346,9,3
1347,19,8
1348,16,2
1349,6,7
1350,1,4
1351,11,9
1352,3,7
1353,13,2
1354,18,10
1355,8,5
1356,10,9
1357,20,4
1358,15,6
1359,5,1
1360,19,8
1361,9,3
1362,4,10
1363,14,5
1364,12,9
1365,2,4
1366,7,6
1367,17,1
1368,6,4
1369,16,9
1370,11,2
1371,1,7
1372,3,1
1373,13,6
1374,18,3
1375,8,8
1376,13,1
1377,3,6
1378,8,4
1379,18,9
1380,16,5
1381,6,10
1382,1,2
1383,11,7
1384,2,8
1385,12,3
1386,17,6
1387,7,1
1388,10,7
1389,20,2
1390,15,9
1391,5,4
1392,20,9
1393,10,4
1394,5,7
1395,15,2
1396,13,8
1397,3,3
1398,8,10
1399,18,5
1400,7,1
1401,17,6
1402,12,3
1403,2,8
1404,4,5
1405,14,10
1406,19,2
1407,9,7
1408,17,9
1409,7,4
1410,2,7
1411,12,2
1412,15,8
1413,5,3
1414,10,10
1415,20,5
1416,9,1
1417,19,6
1418,14,4
1419,4,9
1420,1,5
1421,11,10
1422,16,2
1423,6,7
1424,12,1
1425,2,6
1426,7,4
1427,17,9
1428,19,5
1429,9,10
1430,4,3
1431,14,8
1432,5,8
1433,15,3
1434,20,6
1435,10,1
1436,8,7
1437,18,2
1438,13,10
1439,3,5
1440,18,7
1441,8,2
1442,3,10
1443,13,5
1444,15,9
1445,5,4
1446,10,6
1447,20,1
1448,9,4
1449,19,9
1450,14,2
1451,4,7
1452,1,1
1453,11,6
1454,16,3
1455,6,8
1456,11,5
1457,1,10
1458,6,3
1459,16,8
1460,18,2
1461,8,7
1462,3,4
1463,13,9
1464,4,7
1465,14,2
1466,19,10
1467,9,5
1468,7,8
1469,17,3
1470,12,6
1471,2,1
1472,10,7
1473,20,2
1474,15,9
1475,5,4
1476,3,8
1477,13,3
1478,18,6
1479,8,1
1480,17,5
1481,7,10
1482,2,2
1483,12,7
1484,14,1
1485,4,6
1486,9,4
1487,19,9
1488,3,5
1489,13,10
1490,18,2
1491,8,7
1492,6,1
1493,16,6
1494,11,3
1495,1,8
1496,12,8
1497,2,3
1498,7,10
1499,17,5
1500,20,9
1501,10,4
1502,5,6
1503,15,1
1504,9,9
1505,19,4
1506,14,6
1507,4,1
1508,2,7
1509,12,2
1510,17,10
1511,7,5
1512,16,2
1513,6,7
1514,1,4
1515,11,9
1516,13,5
1517,3,10
1518,8,3
1519,18,8
1520,4,1
1521,14,6
1522,19,3
1523,9,8
1524,6,4
1525,16,9
1526,11,2
1527,1,7
1528,12,9
1529,2,4
1530,7,6
1531,17,1
1532,20,8
1533,10,3
1534,5,10
1535,15,5
1536,6,10
1537,11,6
1538,16,3
1539,6,8
1540,8,4
1541,18,9
1542,13,2
1543,3,7
1544,14,9
1545,4,4
1546,9,6
1547,19,1
1548,17,7
1549,7,2
1550,2,10
1551,12,5
1552,7,8
1553,17,3
1554,12,6
1555,2,1
1556,5,7
1557,15,2
1558,20,10
1559,10,5
1560,19,1
1561,9,6
1562,4,4
1563,14,9
1564,11,5
1565,1,10
1566,6,3
1567,16,8
1568,1,5
1569,11,10
1570,16,2
1571,6,7
1572,9,1
1573,19,6
1574,14,3
1575,4,8
1576,15,8
1577,5,3
1578,10,10
1579,20,5
1580,18,9
1581,8,4
1582,3,7
1583,13,2
1584,7,7
1585,17,2
1586,12,9
1587,2,4
1588,5,8
1589,15,3
1590,20,6
1591,10,1
1592,18,5
1593,8,10
1594,3,3
1595,13,8
1596,11,1
1597,1,6
1598,6,4
1599,16,9
1600,14,5
1601,4,10
1602,9,3
1603,19,8
1604,16,2
1605,6,7
1606,1,4
1607,11,9
1608,3,7
1609,13,2
1610,18,10
1611,8,5
1612,10,9
1613,20,4
1614,15,6
1615,5,1
1616,19,8
1617,9,3
1618,4,10
1619,14,5
1620,12,9
1621,2,4
1622,7,6
1623,17,1
1624,6,4
1625,16,9
1626,11,2
1627,1,7
1628,3,1
1629,13,6
1630,18,3
1631,8,8
1632,13,1
1633,3,6
1634,8,4
1635,18,9
1636,16,5
1637,6,10
1638,1,2
1639,11,7
1640,2,8
1641,12,3
1642,17,6
1643,7,1
1644,10,7
1645,20,2
1646,15,9
1647,5,4
1648,20,9
1649,10,4
1650,5,7
1651,15,2
1652,13,8
1653,3,3
1654,8,10
1655,18,5
1656,7,1
1657,17,6
1658,12,3
1659,2,8
1660,4,5
1661,14,10
1662,19,2
1663,9,7
1664,17,9
1665,7,4
1666,2,7
1667,12,2
1668,15,8
1669,5,3
1670,10,10
1671,20,5
1672,9,1
1673,19,6
1674,14,4
1675,4,9
1676,1,5
1677,11,10
1678,16,2
1679,6,7
1680,12,1
1681,2,6
1682,7,4
1683,17,9
1684,19,5
1685,9,10
1686,4,3
1687,14,8
1688,5,8
1689,15,3
1690,20,6
1691,10,1
1692,8,7
1693,18,2
1694,13,10
1695,3,5
1696,18,7
1697,8,2
1698,3,10
1699,13,5
1700,15,9
1701,5,4
1702,10,6
1703,20,1
1704,9,4
1705,19,9
1706,14,2
1707,4,7
1708,1,1
1709,11,6
1710,16,3
1711,6,8
1712,11,5
1713,1,10
1714,6,3
1715,16,8
1716,18,2
1717,8,7
1718,3,4
1719,13,9
1720,4,7
1721,14,2
1722,19,10
1723,9,5
1724,7,8
1725,17,3
1726,12,6
1727,2,1
1728,10,7
1729,20,2
1730,15,9
1731,5,4
1732,3,8
1733,13,3
1734,18,6
1735,8,1
1736,17,5
1737,7,10
1738,2,2
1739,12,7
1740,14,1
1741,4,6
1742,9,4
1743,19,9
1744,3,5
1745,13,10
1746,18,2
1747,8,7
1748,6,1
1749,16,6
1750,11,3
1751,1,8
1752,12,8
1753,2,3
1754,7,10
1755,17,5
1756,20,9
1757,10,4
1758,5,6
1759,15,1
1760,9,9
1761,19,4
1762,14,6
1763,4,1
1764,2,7
1765,12,2
1766,17,10
1767,7,5
1768,16,2
1769,6,7
1770,1,4
1771,11,9
1772,13,5
1773,3,10
1774,8,3
1775,18,8
1776,4,1
1777,14,6
1778,19,3
1779,9,8
1780,6,4
1781,16,9
1782,11,2
1783,1,7
1784,12,9
1785,2,4
1786,7,6
1787,17,1
1788,20,8
1789,10,3
1790,5,10
1791,15,5
1792,6,10
1793,11,6
1794,16,3
1795,6,8
1796,8,4
1797,18,9
1798,13,2
1799,3,7
1800,14,9
1801,4,4
1802,9,6
1803,19,1
1804,17,7
1805,7,2
1806,2,10
1807,12,5
1808,7,8
1809,17,3
1810,12,6
1811,2,1
1812,5,7
1813,15,2
1814,20,10
1815,10,5
1816,19,1
1817,9,6
1818,4,4
1819,14,9
1820,11,5
1821,1,10
1822,6,3
1823,16,8
1824,1,5
1825,11,10
1826,16,2
1827,6,7
1828,9,1
1829,19,6
1830,14,3
1831,4,8
1832,15,8
1833,5,3
1834,10,10
1835,20,5
1836,18,9
1837,8,4
1838,3,7
1839,13,2
1840,7,7
1841,17,2
1842,12,9
1843,2,4
1844,5,8
1845,15,3
1846,20,6
1847,10,1
1848,18,5
1849,8,10
1850,3,3
1851,13,8
1852,11,1
1853,1,6
1854,6,4
1855,16,9
1856,14,5
1857,4,10
1858,9,3
1859,19,8
1860,16,2
1861,6,7
1862,1,4
1863,11,9
1864,3,7
1865,13,2
1866,18,10
1867,8,5
1868,10,9
1869,20,4
1870,15,6
1871,5,1
1872,19,8
1873,9,3
1874,4,10
1875,14,5
1876,12,9
1877,2,4
1878,7,6
1879,17,1
1880,6,4
1881,16,9
1882,11,2
1883,1,7
1884,3,1
1885,13,6
1886,18,3
1887,8,8
1888,13,1
1889,3,6
1890,8,4
1891,18,9
1892,16,5
1893,6,10
1894,1,2
1895,11,7
1896,2,8
1897,12,3
1898,17,6
1899,7,1
1900,10,7
1901,20,2
1902,15,9
1903,5,4
1904,20,9
1905,10,4
1906,5,7
1907,15,2
1908,13,8
1909,3,3
1910,8,10
1911,18,5
1912,7,1
1913,17,6
1914,12,3
1915,2,8
1916,4,5
1917,14,10
1918,19,2
1919,9,7
1920,17,9
1921,7,4
1922,2,7
1923,12,2
1924,15,8
1925,5,3
1926,10,10
1927,20,5
1928,9,1
1929,19,6
1930,14,4
1931,4,9
1932,1,5
1933,11,10
1934,16,2
1935,6,7
1936,12,1
1937,2,6
1938,7,4
1939,17,9
1940,19,5
1941,9,10
1942,4,3
1943,14,8
1944,5,8
1945,15,3
1946,20,6
1947,10,1
1948,8,7
1949,18,2
1950,13,10
1951,3,5
1952,18,7
1953,8,2
1954,3,10
1955,13,5
1956,15,9
1957,5,4
1958,10,6
1959,20,1
1960,9,4
1961,19,9
1962,14,2
1963,4,7
1964,1,1
1965,11,6
1966,16,3
1967,6,8
1968,11,5
1969,1,10
1970,6,3
1971,16,8
1972,18,2
1973,8,7
1974,3,4
1975,13,9
1976,4,7
1977,14,2
1978,19,10
1979,9,5
1980,7,8
1981,17,3
1982,12,6
1983,2,1
1984,10,7
1985,20,2
1986,15,9
1987,5,4
1988,3,8
1989,13,3
1990,18,6
1991,8,1
1992,17,5
1993,7,10
1994,2,2
1995,12,7
1996,14,1
1997,4,6
1998,9,4
1999,19,9
2000,3,5
2001,13,10
2002,18,2
2003,8,7
2004,6,1
2005,16,6
2006,11,3
2007,1,8
2008,12,8
2009,2,3
2010,7,10
2011,17,5
2012,20,9
2013,10,4
2014,5,6
2015,15,1
2016,9,9
2017,19,4
2018,14,6
2019,4,1
2020,2,7
2021,12,2
2022,17,10
2023,7,5
2024,16,2
2025,6,7
2026,1,4
2027,11,9
2028,13,5
2029,3,10
2030,8,3
2031,18,8
2032,4,1
2033,14,6
2034,19,3
2035,9,8
2036,6,4
2037,16,9
2038,11,2
2039,1,7
2040,12,9
2041,2,4
2042,7,6
2043,17,1
2044,20,8
2045,10,3
2046,5,10
2047,15,5
2048,6,10
2049,11,6
2050,16,3
2051,6,8
2052,8,4
2053,18,9
2054,13,2
2055,3,7
2056,14,9
2057,4,4
2058,9,6
2059,19,1
2060,17,7
2061,7,2
2062,2,10
2063,12,5
2064,7,8
2065,17,3
2066,12,6
2067,2,1
2068,5,7
2069,15,2
2070,20,10
2071,10,5
2072,19,1
2073,9,6
2074,4,4
2075,14,9
2076,11,5
2077,1,10
2078,6,3
2079,16,8
2080,1,5
2081,11,10
2082,16,2
2083,6,7
2084,9,1
2085,19,6
2086,14,3
2087,4,8
2088,15,8
2089,5,3
2090,10,10
2091,20,5
2092,18,9
2093,8,4
2094,3,7
2095,13,2
2096,7,7
2097,17,2
2098,12,9
2099,2,4
2100,5,8
2101,15,3
2102,20,6
2103,10,1
2104,18,5
2105,8,10
2106,3,3
2107,13,8
2108,11,1
2109,1,6
2110,6,4
2111,16,9
2112,14,5
2113,4,10
2114,9,3
2115,19,8
2116,16,2
2117,6,7
2118,1,4
2119,11,9
2120,3,7
2121,13,2
2122,18,10
2123,8,5
2124,10,9
2125,20,4
2126,15,6
2127,5,1
2128,19,8
2129,9,3
2130,4,10
2131,14,5
2132,12,9
2133,2,4
2134,7,6
2135,17,1
2136,6,4
2137,16,9
2138,11,2
2139,1,7
2140,3,1
2141,13,6
2142,18,3
2143,8,8
2144,13,1
2145,3,6
2146,8,4
2147,18,9
2148,16,5
2149,6,10
2150,1,2
2151,11,7
2152,2,8
2153,12,3
2154,17,6
2155,7,1
2156,10,7
2157,20,2
2158,15,9
2159,5,4
2160,20,9
2161,10,4
2162,5,7
2163,15,2
2164,13,8
2165,3,3
2166,8,10
2167,18,5
2168,7,1
2169,17,6
2170,12,3
2171,2,8
2172,4,5
2173,14,10
2174,19,2
2175,9,7
2176,17,9
2177,7,4
2178,2,7
2179,12,2
2180,15,8
2181,5,3
2182,10,10
2183,20,5
2184,9,1
2185,19,6
2186,14,4
2187,4,9
2188,1,5
2189,11,10
2190,16,2
2191,6,7
2192,12,1
2193,2,6
2194,7,4
2195,17,9
2196,19,5
2197,9,10
2198,4,3
2199,14,8
2200,5,8
2201,15,3
2202,20,6
2203,10,1
2204,8,7
2205,18,2
2206,13,10
2207,3,5
2208,18,7
2209,8,2
2210,3,10
2211,13,5
2212,15,9
2213,5,4
2214,10,6
2215,20,1
2216,9,4
2217,19,9
2218,14,2
2219,4,7
2220,1,1
2221,11,6
2222,16,3
2223,6,8
2224,11,5
2225,1,10
2226,6,3
2227,16,8
2228,18,2
2229,8,7
2230,3,4
2231,13,9
2232,4,7
2233,14,2
2234,19,10
2235,9,5
2236,7,8
2237,17,3
2238,12,6
2239,2,1
2240,10,7
2241,20,2
2242,15,9
2243,5,4
2244,3,8
2245,13,3
2246,18,6
2247,8,1
2248,17,5
2249,7,10
2250,2,2
2251,12,7
2252,14,1
2253,4,6
2254,9,4
2255,19,9
2256,3,5
2257,13,10
2258,18,2
2259,8,7
2260,6,1
2261,16,6
2262,11,3
2263,1,8
2264,12,8
2265,2,3
2266,7,10
2267,17,5
2268,20,9
2269,10,4
2270,5,6
2271,15,1
2272,9,9
2273,19,4
2274,14,6
2275,4,1
2276,2,7
2277,12,2
2278,17,10
2279,7,5
2280,16,2
2281,6,7
2282,1,4
2283,11,9
2284,13,5
2285,3,10
2286,8,3
2287,18,8
2288,4,1
2289,14,6
2290,19,3
2291,9,8
2292,6,4
2293,16,9
2294,11,2
2295,1,7
2296,12,9
2297,2,4
2298,7,6
2299,17,1
2300,20,8
2301,10,3
2302,5,10
2303,15,5
2304,6,10
2305,11,6
2306,16,3
2307,6,8
2308,8,4
2309,18,9
2310,13,2
2311,3,7
2312,14,9
2313,4,4
2314,9,6
2315,19,1
2316,17,7
2317,7,2
2318,2,10
2319,12,5
2320,7,8
2321,17,3
2322,12,6
2323,2,1
2324,5,7
2325,15,2
2326,20,10
2327,10,5
2328,19,1
2329,9,6
2330,4,4
2331,14,9
2332,11,5
2333,1,10
2334,6,3
2335,16,8
2336,1,5
2337,11,10
2338,16,2
2339,6,7
2340,9,1
2341,19,6
2342,14,3
2343,4,8
2344,15,8
2345,5,3
2346,10,10
2347,20,5
2348,18,9
2349,8,4
2350,3,7
2351,13,2
2352,7,7
2353,17,2
2354,12,9
2355,2,4
2356,5,8
2357,15,3
2358,20,6
2359,10,1
2360,18,5
2361,8,10
2362,3,3
2363,13,8
2364,11,1
2365,1,6
2366,6,4
2367,16,9
2368,14,5
2369,4,10
2370,9,3
2371,19,8
2372,16,2
2373,6,7
2374,1,4
2375,11,9
2376,3,7
2377,13,2
2378,18,10
2379,8,5
2380,10,9
2381,20,4
2382,15,6
2383,5,1
2384,19,8
2385,9,3
2386,4,10
2387,14,5
2388,12,9
2389,2,4
2390,7,6
2391,17,1
2392,6,4
2393,16,9
2394,11,2
2395,1,7
2396,3,1
2397,13,6
2398,18,3
2399,8,8
2400,13,1
2401,3,6
2402,8,4
2403,18,9
2404,16,5
2405,6,10
2406,1,2
2407,11,7
2408,2,8
2409,12,3
2410,17,6
2411,7,1
2412,10,7
2413,20,2
2414,15,9
2415,5,4
2416,20,9
2417,10,4
2418,5,7
2419,15,2
2420,13,8
2421,3,3
2422,8,10
2423,18,5
2424,7,1
2425,17,6
2426,12,3
2427,2,8
2428,4,5
2429,14,10
2430,19,2
2431,9,7
2432,17,9
2433,7,4
2434,2,7
2435,12,2
2436,15,8
2437,5,3
2438,10,10
2439,20,5
2440,9,1
2441,19,6
2442,14,4
2443,4,9
2444,1,5
2445,11,10
2446,16,2
2447,6,7
2448,12,1
2449,2,6
2450,7,4
2451,17,9
2452,19,5
2453,9,10
2454,4,3
2455,14,8
2456,5,8
2457,15,3
2458,20,6
2459,10,1
2460,8,7
2461,18,2
2462,13,10
2463,3,5
2464,18,7
2465,8,2
2466,3,10
2467,13,5
2468,15,9
2469,5,4
2470,10,6
2471,20,1
2472,9,4
2473,19,9
2474,14,2
2475,4,7
2476,1,1
2477,11,6
2478,16,3
2479,6,8
2480,11,5
2481,1,10
2482,6,3
2483,16,8
2484,18,2
2485,8,7
2486,3,4
2487,13,9
2488,4,7
2489,14,2
2490,19,10
2491,9,5
2492,7,8
2493,17,3
2494,12,6
2495,2,1
2496,10,7
2497,20,2
2498,15,9
2499,5,4
2500,3,8
2501,13,3
2502,18,6
2503,8,1
2504,17,5
2505,7,10
2506,2,2
2507,12,7
2508,14,1
2509,4,6
2510,9,4
2511,19,9
2512,3,5
2513,13,10
2514,18,2
2515,8,7
2516,6,1
2517,16,6
2518,11,3
2519,1,8
2520,12,8
2521,2,3
2522,7,10
2523,17,5
2524,20,9
2525,10,4
2526,5,6
2527,15,1
2528,9,9
2529,19,4
2530,14,6
2531,4,1
2532,2,7
2533,12,2
2534,17,10
2535,7,5
2536,16,2
2537,6,7
2538,1,4
2539,11,9
2540,13,5
2541,3,10
2542,8,3
2543,18,8
2544,4,1
2545,14,6
2546,19,3
2547,9,8
2548,6,4
2549,16,9
2550,11,2
2551,1,7
2552,12,9
2553,2,4
2554,7,6
2555,17,1
2556,20,8
2557,10,3
2558,5,10
2559,15,5
2560,6,10
2561,11,6
2562,16,3
2563,6,8
2564,8,4
2565,18,9
2566,13,2
2567,3,7
2568,14,9
2569,4,4
2570,9,6
2571,19,1
2572,17,7
2573,7,2
2574,2,10
2575,12,5
2576,7,8
2577,17,3
2578,12,6
2579,2,1
2580,5,7
2581,15,2
2582,20,10
2583,10,5
2584,19,1
2585,9,6
2586,4,4
2587,14,9
2588,11,5
2589,1,10
2590,6,3
2591,16,8
2592,1,5
2593,11,10
2594,16,2
2595,6,7
2596,9,1
2597,19,6
2598,14,3
2599,4,8
2600,15,8
2601,5,3
2602,10,10
2603,20,5
2604,18,9
2605,8,4
2606,3,7
2607,13,2
2608,7,7
2609,17,2
2610,12,9
2611,2,4
2612,5,8
2613,15,3
2614,20,6
2615,10,1
2616,18,5
2617,8,10
2618,3,3
2619,13,8
2620,11,1
2621,1,6
2622,6,4
2623,16,9
2624,14,5
2625,4,10
2626,9,3
2627,19,8
2628,16,2
2629,6,7
2630,1,4
2631,11,9
2632,3,7
2633,13,2
2634,18,10
2635,8,5
2636,10,9
2637,20,4
2638,15,6
2639,5,1
2640,19,8
2641,9,3
2642,4,10
2643,14,5
2644,12,9
2645,2,4
2646,7,6
2647,17,1
2648,6,4
2649,16,9
2650,11,2
2651,1,7
2652,3,1
2653,13,6
2654,18,3
2655,8,8
2656,13,1
2657,3,6
2658,8,4
2659,18,9
2660,16,5
2661,6,10
2662,1,2
2663,11,7
2664,2,8
2665,12,3
2666,17,6
2667,7,1
2668,10,7
2669,20,2
2670,15,9
2671,5,4
2672,20,9
2673,10,4
2674,5,7
2675,15,2
2676,13,8
2677,3,3
2678,8,10
2679,18,5
2680,7,1
2681,17,6
2682,12,3
2683,2,8
2684,4,5
2685,14,10
2686,19,2
2687,9,7
2688,17,9
2689,7,4
2690,2,7
2691,12,2
2692,15,8
2693,5,3
2694,10,10
2695,20,5
2696,9,1
2697,19,6
2698,14,4
2699,4,9
2700,1,5
2701,11,10
2702,16,2
2703,6,7
2704,12,1
2705,2,6
2706,7,4
2707,17,9
2708,19,5
2709,9,10
2710,4,3
2711,14,8
2712,5,8
2713,15,3
2714,20,6
2715,10,1
2716,8,7
2717,18,2
2718,13,10
2719,3,5
2720,18,7
2721,8,2
2722,3,10
2723,13,5
2724,15,9
2725,5,4
2726,10,6
2727,20,1
2728,9,4
2729,19,9
2730,14,2
2731,4,7
2732,1,1
2733,11,6
2734,16,3
2735,6,8
2736,11,5
2737,1,10
2738,6,3
2739,16,8
2740,18,2
2741,8,7
2742,3,4
2743,13,9
2744,4,7
2745,14,2
2746,19,10
2747,9,5
2748,7,8
2749,17,3
2750,12,6
2751,2,1
2752,10,7
2753,20,2
2754,15,9
2755,5,4
2756,3,8
2757,13,3
2758,18,6
2759,8,1
2760,17,5
2761,7,10
2762,2,2
2763,12,7
2764,14,1
2765,4,6
2766,9,4
2767,19,9
2768,3,5
2769,13,10
2770,18,2
2771,8,7
2772,6,1
2773,16,6
2774,11,3
2775,1,8
2776,12,8
2777,2,3
2778,7,10
2779,17,5
2780,20,9
2781,10,4
2782,5,6
2783,15,1
2784,9,9
2785,19,4
2786,14,6
2787,4,1
2788,2,7
2789,12,2
2790,17,10
2791,7,5
2792,16,2
2793,6,7
2794,1,4
2795,11,9
2796,13,5
2797,3,10
2798,8,3
2799,18,8
2800,4,1
2801,14,6
2802,19,3
2803,9,8
2804,6,4
2805,16,9
2806,11,2
2807,1,7
2808,12,9
2809,2,4
2810,7,6
2811,17,1
2812,20,8
2813,10,3
2814,5,10
2815,15,5
2816,6,10
2817,11,6
2818,16,3
2819,6,8
2820,8,4
2821,18,9
2822,13,2
2823,3,7
2824,14,9
2825,4,4
2826,9,6
2827,19,1
2828,17,7
2829,7,2
2830,2,10
2831,12,5
2832,7,8
2833,17,3
2834,12,6
2835,2,1
2836,5,7
2837,15,2
2838,20,10
2839,10,5
2840,19,1
2841,9,6
2842,4,4
2843,14,9
2844,11,5
2845,1,10
2846,6,3
2847,16,8
2848,1,5
2849,11,10
2850,16,2
2851,6,7
2852,9,1
2853,19,6
2854,14,3
2855,4,8
2856,15,8
2857,5,3
2858,10,10
2859,20,5
2860,18,9
2861,8,4
2862,3,7
2863,13,2
2864,7,7
2865,17,2
2866,12,9
2867,2,4
2868,5,8
2869,15,3
2870,20,6
2871,10,1
2872,18,5
2873,8,10
2874,3,3
2875,13,8
2876,11,1
2877,1,6
2878,6,4
2879,16,9
2880,14,5
2881,4,10
2882,9,3
2883,19,8
2884,16,2
2885,6,7
2886,1,4
2887,11,9
2888,3,7
2889,13,2
2890,18,10
2891,8,5
2892,10,9
2893,20,4
2894,15,6
2895,5,1
2896,19,8
2897,9,3
2898,4,10
2899,14,5
2900,12,9
2901,2,4
2902,7,6
2903,17,1
2904,6,4
2905,16,9
2906,11,2
2907,1,7
2908,3,1
2909,13,6
2910,18,3
2911,8,8
2912,13,1
2913,3,6
2914,8,4
2915,18,9
2916,16,5
2917,6,10
2918,1,2
2919,11,7
2920,2,8
2921,12,3
2922,17,6
2923,7,1
2924,10,7
2925,20,2
2926,15,9
2927,5,4
2928,20,9
2929,10,4
2930,5,7
2931,15,2
2932,13,8
2933,3,3
2934,8,10
2935,18,5
2936,7,1
2937,17,6
2938,12,3
2939,2,8
2940,4,5
2941,14,10
2942,19,2
2943,9,7
2944,17,9
2945,7,4
2946,2,7
2947,12,2
2948,15,8
2949,5,3
2950,10,10
2951,20,5
2952,9,1
2953,19,6
2954,14,4
2955,4,9
2956,1,5
2957,11,10
2958,16,2
2959,6,7
2960,12,1
2961,2,6
2962,7,4
2963,17,9
2964,19,5
2965,9,10
2966,4,3
2967,14,8
2968,5,8
2969,15,3
2970,20,6
2971,10,1
2972,8,7
2973,18,2
2974,13,10
2975,3,5
2976,18,7
2977,8,2
2978,3,10
2979,13,5
2980,15,9
2981,5,4
2982,10,6
2983,20,1
2984,9,4
2985,19,9
2986,14,2
2987,4,7
2988,1,1
2989,11,6
2990,16,3
2991,6,8
2992,11,5
2993,1,10
2994,6,3
2995,16,8
2996,18,2
2997,8,7
2998,3,4
2999,13,9
3000,4,7
3001,14,2
3002,19,10
3003,9,5
3004,7,8
3005,17,3
3006,12,6
3007,2,1
3008,10,7
3009,20,2
3010,15,9
3011,5,4
3012,3,8
3013,13,3
3014,18,6
3015,8,1
3016,17,5
3017,7,10
3018,2,2
3019,12,7
3020,14,1
3021,4,6
3022,9,4
3023,19,9
3024,3,5
3025,13,10
3026,18,2
3027,8,7
3028,6,1
3029,16,6
3030,11,3
3031,1,8
3032,12,8
3033,2,3
3034,7,10
3035,17,5
3036,20,9
3037,10,4
3038,5,6
3039,15,1
3040,9,9
3041,19,4
3042,14,6
3043,4,1
3044,2,7
3045,12,2
3046,17,10
3047,7,5
3048,16,2
3049,6,7
3050,1,4
3051,11,9
3052,13,5
3053,3,10
3054,8,3
3055,18,8
3056,4,1
3057,14,6
3058,19,3
3059,9,8
3060,6,4
3061,16,9
3062,11,2
3063,1,7
3064,12,9
3065,2,4
3066,7,6
3067,17,1
3068,20,8
3069,10,3
3070,5,10
3071,15,5
3072,6,10
3073,11,6
3074,16,3
3075,6,8
3076,8,4
3077,18,9
3078,13,2
3079,3,7
3080,14,9
3081,4,4
3082,9,6
3083,19,1
3084,17,7
3085,7,2
3086,2,10
3087,12,5
3088,7,8
3089,17,3
3090,12,6
3091,2,1
3092,5,7
3093,15,2
3094,20,10
3095,10,5
3096,19,1
3097,9,6
3098,4,4
3099,14,9
3100,11,5
3101,1,10
3102,6,3
3103,16,8
3104,1,5
3105,11,10
3106,16,2
3107,6,7
3108,9,1
3109,19,6
3110,14,3
3111,4,8
3112,15,8
3113,5,3
3114,10,10
3115,20,5
3116,18,9
3117,8,4
3118,3,7
3119,13,2
3120,7,7
3121,17,2
3122,12,9
3123,2,4
3124,5,8
3125,15,3
3126,20,6
3127,10,1
3128,18,5
3129,8,10
3130,3,3
3131,13,8
3132,11,1
3133,1,6
3134,6,4
3135,16,9
3136,14,5
3137,4,10
3138,9,3
3139,19,8
3140,16,2
3141,6,7
3142,1,4
3143,11,9
3144,3,7
3145,13,2
3146,18,10
3147,8,5
3148,10,9
3149,20,4
3150,15,6
3151,5,1
3152,19,8
3153,9,3
3154,4,10
3155,14,5
3156,12,9
3157,2,4
3158,7,6
3159,17,1
3160,6,4
3161,16,9
3162,11,2
3163,1,7
3164,3,1
3165,13,6
3166,18,3
3167,8,8
3168,13,1
3169,3,6
3170,8,4
3171,18,9
3172,16,5
3173,6,10
3174,1,2
3175,11,7
3176,2,8
3177,12,3
3178,17,6
3179,7,1
3180,10,7
3181,20,2
3182,15,9
3183,5,4
3184,20,9
3185,10,4
3186,5,7
3187,15,2
3188,13,8
3189,3,3
3190,8,10
3191,18,5
3192,7,1
3193,17,6
3194,12,3
3195,2,8
3196,4,5
3197,14,10
3198,19,2
3199,9,7
3200,17,9
3201,7,4
3202,2,7
3203,12,2
3204,15,8
3205,5,3
3206,10,10
3207,20,5
3208,9,1
3209,19,6
3210,14,4
3211,4,9
3212,1,5
3213,11,10
3214,16,2
3215,6,7
3216,12,1
3217,2,6
3218,7,4
3219,17,9
3220,19,5
3221,9,10
3222,4,3
3223,14,8
3224,5,8
3225,15,3
3226,20,6
3227,10,1
3228,8,7
3229,18,2
3230,13,10
3231,3,5
3232,18,7
3233,8,2
3234,3,10
3235,13,5
3236,15,9
3237,5,4
3238,10,6
3239,20,1
3240,9,4
3241,19,9
3242,14,2
3243,4,7
3244,1,1
3245,11,6
3246,16,3
3247,6,8
3248,11,5
3249,1,10
3250,6,3
3251,16,8
3252,18,2
3253,8,7
3254,3,4
3255,13,9
3256,4,7
3257,14,2
3258,19,10
3259,9,5
3260,7,8
3261,17,3
3262,12,6
3263,2,1
3264,10,7
3265,20,2
3266,15,9
3267,5,4
3268,3,8
3269,13,3
3270,18,6
3271,8,1
3272,17,5
3273,7,10
3274,2,2
3275,12,7
3276,14,1
3277,4,6
3278,9,4
3279,19,9
3280,3,5
3281,13,10
3282,18,2
3283,8,7
3284,6,1
3285,16,6
3286,11,3
3287,1,8
3288,12,8
3289,2,3
3290,7,10
3291,17,5
3292,20,9
3293,10,4
3294,5,6
3295,15,1
3296,9,9
3297,19,4
3298,14,6
3299,4,1
3300,2,7
3301,12,2
3302,17,10
3303,7,5
3304,16,2
3305,6,7
3306,1,4
3307,11,9
3308,13,5
3309,3,10
3310,8,3
3311,18,8
3312,4,1
3313,14,6
3314,19,3
3315,9,8
3316,6,4
3317,16,9
3318,11,2
3319,1,7
3320,12,9
3321,2,4
3322,7,6
3323,17,1
3324,20,8
3325,10,3
3326,5,10
3327,15,5
3328,6,10
3329,11,6
3330,16,3
3331,6,8
3332,8,4
3333,18,9
3334,13,2
3335,3,7
3336,14,9
3337,4,4
3338,9,6
3339,19,1
3340,17,7
3341,7,2
3342,2,10
3343,12,5
3344,7,8
3345,17,3
3346,12,6
3347,2,1
3348,5,7
3349,15,2
3350,20,10
3351,10,5
3352,19,1
3353,9,6
3354,4,4
3355,14,9
3356,11,5
3357,1,10
3358,6,3
3359,16,8
3360,1,5
3361,11,10
3362,16,2
3363,6,7
3364,9,1
3365,19,6
3366,14,3
3367,4,8
3368,15,8
3369,5,3
3370,10,10
3371,20,5
3372,18,9
3373,8,4
3374,3,7
3375,13,2
3376,7,7
3377,17,2
3378,12,9
3379,2,4
3380,5,8
3381,15,3
3382,20,6
3383,10,1
3384,18,5
3385,8,10
3386,3,3
3387,13,8
3388,11,1
3389,1,6
3390,6,4
3391,16,9
3392,14,5
3393,4,10
3394,9,3
3395,19,8
3396,16,2
3397,6,7
3398,1,4
3399,11,9
3400,3,7
3401,13,2
3402,18,10
3403,8,5
3404,10,9
3405,20,4
3406,15,6
3407,5,1
3408,19,8
3409,9,3
3410,4,10
3411,14,5
3412,12,9
3413,2,4
3414,7,6
3415,17,1
3416,6,4
3417,16,9
3418,11,2
3419,1,7
3420,3,1
3421,13,6
3422,18,3
3423,8,8
3424,13,1
3425,3,6
3426,8,4
3427,18,9
3428,16,5
3429,6,10
3430,1,2
3431,11,7
3432,2,8
3433,12,3
3434,17,6
3435,7,1
3436,10,7
3437,20,2
3438,15,9
3439,5,4
3440,20,9
3441,10,4
3442,5,7
3443,15,2
3444,13,8
3445,3,3
3446,8,10
3447,18,5
3448,7,1
3449,17,6
3450,12,3
3451,2,8
3452,4,5
3453,14,10
3454,19,2
3455,9,7
3456,17,9
3457,7,4
3458,2,7
3459,12,2
3460,15,8
3461,5,3
3462,10,10
3463,20,5
3464,9,1
3465,19,6
3466,14,4
3467,4,9
3468,1,5
3469,11,10
3470,16,2
3471,6,7
3472,12,1
3473,2,6
3474,7,4
3475,17,9
3476,19,5
3477,9,10
3478,4,3
3479,14,8
3480,5,8
3481,15,3
3482,20,6
3483,10,1
3484,8,7
3485,18,2
3486,13,10
3487,3,5
3488,18,7
3489,8,2
3490,3,10
3491,13,5
3492,15,9
3493,5,4
3494,10,6
3495,20,1
3496,9,4
3497,19,9
3498,14,2
3499,4,7
3500,1,1
3501,11,6
3502,16,3
3503,6,8
3504,11,5
3505,1,10
3506,6,3
3507,16,8
3508,18,2
3509,8,7
3510,3,4
3511,13,9
3512,4,7
3513,14,2
3514,19,10
3515,9,5
3516,7,8
3517,17,3
3518,12,6
3519,2,1
3520,10,7
3521,20,2
3522,15,9
3523,5,4
3524,3,8
3525,13,3
3526,18,6
3527,8,1
3528,17,5
3529,7,10
3530,2,2
3531,12,7
3532,14,1
3533,4,6
3534,9,4
3535,19,9
3536,3,5
3537,13,10
3538,18,2
3539,8,7
3540,6,1
3541,16,6
3542,11,3
3543,1,8
3544,12,8
3545,2,3
3546,7,10
3547,17,5
3548,20,9
3549,10,4
3550,5,6
3551,15,1
3552,9,9
3553,19,4
3554,14,6
3555,4,1
3556,2,7
3557,12,2
3558,17,10
3559,7,5
3560,16,2
3561,6,7
3562,1,4
3563,11,9
3564,13,5
3565,3,10
3566,8,3
3567,18,8
3568,4,1
3569,14,6
3570,19,3
3571,9,8
3572,6,4
3573,16,9
3574,11,2
3575,1,7
3576,12,9
3577,2,4
3578,7,6
3579,17,1
3580,20,8
3581,10,3
3582,5,10
3583,15,5
3584,6,10
3585,11,6
3586,16,3
3587,6,8
3588,8,4
3589,18,9
3590,13,2
3591,3,7
3592,14,9
3593,4,4
3594,9,6
3595,19,1
3596,17,7
3597,7,2
3598,2,10
3599,12,5
3600,7,8
3601,17,3
3602,12,6
3603,2,1
3604,5,7
3605,15,2
3606,20,10
3607,10,5
3608,19,1
3609,9,6
3610,4,4
3611,14,9
3612,11,5
3613,1,10
3614,6,3
3615,16,8
3616,1,5
3617,11,10
3618,16,2
3619,6,7
3620,9,1
3621,19,6
3622,14,3
3623,4,8
3624,15,8
3625,5,3
3626,10,10
3627,20,5
3628,18,9
3629,8,4
3630,3,7
3631,13,2
3632,7,7
3633,17,2
3634,12,9
3635,2,4
3636,5,8
3637,15,3
3638,20,6
3639,10,1
3640,18,5
3641,8,10
3642,3,3
3643,13,8
3644,11,1
3645,1,6
3646,6,4
3647,16,9
3648,14,5
3649,4,10
3650,9,3
3651,19,8
3652,16,2
3653,6,7
3654,1,4
3655,11,9
3656,3,7
3657,13,2
3658,18,10
3659,8,5
3660,10,9
3661,20,4
3662,15,6
3663,5,1
3664,19,8
3665,9,3
3666,4,10
3667,14,5
3668,12,9
3669,2,4
3670,7,6
3671,17,1
3672,6,4
3673,16,9
3674,11,2
3675,1,7
3676,3,1
3677,13,6
3678,18,3
3679,8,8
3680,13,1
3681,3,6
3682,8,4
3683,18,9
3684,16,5
3685,6,10
3686,1,2
3687,11,7
3688,2,8
3689,12,3
3690,17,6
3691,7,1
3692,10,7
3693,20,2
3694,15,9
3695,5,4
3696,20,9
3697,10,4
3698,5,7
3699,15,2
3700,13,8
3701,3,3
3702,8,10
3703,18,5
3704,7,1
3705,17,6
3706,12,3
3707,2,8
3708,4,5
3709,14,10
3710,19,2
3711,9,7
3712,17,9
3713,7,4
3714,2,7
3715,12,2
3716,15,8
3717,5,3
3718,10,10
3719,20,5
3720,9,1
3721,19,6
3722,14,4
3723,4,9
3724,1,5
3725,11,10
3726,16,2
3727,6,7
3728,12,1
3729,2,6
3730,7,4
3731,17,9
3732,19,5
3733,9,10
3734,4,3
3735,14,8
3736,5,8
3737,15,3
3738,20,6
3739,10,1
3740,8,7
3741,18,2
3742,13,10
3743,3,5
3744,18,7
3745,8,2
3746,3,10
3747,13,5
3748,15,9
3749,5,4
3750,10,6
3751,20,1
3752,9,4
3753,19,9
3754,14,2
3755,4,7
3756,1,1
3757,11,6
3758,16,3
3759,6,8
3760,11,5
3761,1,10
3762,6,3
3763,16,8
3764,18,2
3765,8,7
3766,3,4
3767,13,9
3768,4,7
3769,14,2
3770,19,10
3771,9,5
3772,7,8
3773,17,3
3774,12,6
3775,2,1
3776,10,7
3777,20,2
3778,15,9
3779,5,4
3780,3,8
3781,13,3
3782,18,6
3783,8,1
3784,17,5
3785,7,10
3786,2,2
3787,12,7
3788,14,1
3789,4,6
3790,9,4
3791,19,9
3792,3,5
3793,13,10
3794,18,2
3795,8,7
3796,6,1
3797,16,6
3798,11,3
3799,1,8
3800,12,8
3801,2,3
3802,7,10
3803,17,5
3804,20,9
3805,10,4
3806,5,6
3807,15,1
3808,9,9
3809,19,4
3810,14,6
3811,4,1
3812,2,7
3813,12,2
3814,17,10
3815,7,5
3816,16,2
3817,6,7
3818,1,4
3819,11,9
3820,13,5
3821,3,10
3822,8,3
3823,18,8
3824,4,1
3825,14,6
3826,19,3
3827,9,8
3828,6,4
3829,16,9
3830,11,2
3831,1,7
3832,12,9
3833,2,4
3834,7,6
3835,17,1
3836,20,8
3837,10,3
3838,5,10
3839,15,5
3840,6,10
3841,11,6
3842,16,3
3843,6,8
3844,8,4
3845,18,9
3846,13,2
3847,3,7
3848,14,9
3849,4,4
3850,9,6
3851,19,1
3852,17,7
3853,7,2
3854,2,10
3855,12,5
3856,7,8
3857,17,3
3858,12,6
3859,2,1
3860,5,7
3861,15,2
3862,20,10
3863,10,5
3864,19,1
3865,9,6
3866,4,4
3867,14,9
3868,11,5
3869,1,10
3870,6,3
3871,16,8
3872,1,5
3873,11,10
3874,16,2
3875,6,7
3876,9,1
3877,19,6
3878,14,3
3879,4,8
3880,15,8
3881,5,3
3882,10,10
3883,20,5
3884,18,9
3885,8,4
3886,3,7
3887,13,2
3888,7,7
3889,17,2
3890,12,9
3891,2,4
3892,5,8
3893,15,3
3894,20,6
3895,10,1
3896,18,5
3897,8,10
3898,3,3
3899,13,8
3900,11,1
3901,1,6
3902,6,4
3903,16,9
3904,14,5
3905,4,10
3906,9,3
3907,19,8
3908,16,2
3909,6,7
3910,1,4
3911,11,9
3912,3,7
3913,13,2
3914,18,10
3915,8,5
3916,10,9
3917,20,4
3918,15,6
3919,5,1
3920,19,8
3921,9,3
3922,4,10
3923,14,5
3924,12,9
3925,2,4
3926,7,6
3927,17,1
3928,6,4
3929,16,9
3930,11,2
3931,1,7
3932,3,1
3933,13,6
3934,18,3
3935,8,8
3936,13,1
3937,3,6
3938,8,4
3939,18,9
3940,16,5
3941,6,10
3942,1,2
3943,11,7
3944,2,8
3945,12,3
3946,17,6
3947,7,1
3948,10,7
3949,20,2
3950,15,9
3951,5,4
3952,20,9
3953,10,4
3954,5,7
3955,15,2
3956,13,8
3957,3,3
3958,8,10
3959,18,5
3960,7,1
3961,17,6
3962,12,3
3963,2,8
3964,4,5
3965,14,10
3966,19,2
3967,9,7
3968,17,9
3969,7,4
3970,2,7
3971,12,2
3972,15,8
3973,5,3
3974,10,10
3975,20,5
3976,9,1
3977,19,6
3978,14,4
3979,4,9
3980,1,5
3981,11,10
3982,16,2
3983,6,7
3984,12,1
3985,2,6
3986,7,4
3987,17,9
3988,19,5
3989,9,10
3990,4,3
3991,14,8
3992,5,8
3993,15,3
3994,20,6
3995,10,1
3996,8,7
3997,18,2
3998,13,10
3999,3,5
4000,18,7
4001,8,2
4002,3,10
4003,13,5
4004,15,9
4005,5,4
4006,10,6
4007,20,1
4008,9,4
4009,19,9
4010,14,2
4011,4,7
4012,1,1
4013,11,6
4014,16,3
4015,6,8
4016,11,5
4017,1,10
4018,6,3
4019,16,8
4020,18,2
4021,8,7
4022,3,4
4023,13,9
4024,4,7
4025,14,2
4026,19,10
4027,9,5
4028,7,8
4029,17,3
4030,12,6
4031,2,1
4032,10,7
4033,20,2
4034,15,9
4035,5,4
4036,3,8
4037,13,3
4038,18,6
4039,8,1
4040,17,5
4041,7,10
4042,2,2
4043,12,7
4044,14,1
4045,4,6
4046,9,4
4047,19,9
4048,3,5
4049,13,10
4050,18,2
4051,8,7
4052,6,1
4053,16,6
4054,11,3
4055,1,8
4056,12,8
4057,2,3
4058,7,10
4059,17,5
4060,20,9
4061,10,4
4062,5,6
4063,15,1
4064,9,9
4065,19,4
4066,14,6
4067,4,1
4068,2,7
4069,12,2
4070,17,10
4071,7,5
4072,16,2
4073,6,7
4074,1,4
4075,11,9
4076,13,5
4077,3,10
4078,8,3
4079,18,8
4080,4,1
4081,14,6
4082,19,3
4083,9,8
4084,6,4
4085,16,9
4086,11,2
4087,1,7
4088,12,9
4089,2,4
4090,7,6
4091,17,1
4092,20,8
4093,10,3
4094,5,10
4095,15,5
4096,6,10
4097,11,6
4098,16,3
4099,6,8
4100,8,4
4101,18,9
4102,13,2
4103,3,7
4104,14,9
4105,4,4
4106,9,6
4107,19,1
4108,17,7
4109,7,2
4110,2,10
4111,12,5
4112,7,8
4113,17,3
4114,12,6
4115,2,1
4116,5,7
4117,15,2
4118,20,10
4119,10,5
4120,19,1
4121,9,6
4122,4,4
4123,14,9
4124,11,5
4125,1,10
4126,6,3
4127,16,8
4128,1,5
4129,11,10
4130,16,2
4131,6,7
4132,9,1
4133,19,6
4134,14,3
4135,4,8
4136,15,8
4137,5,3
4138,10,10
4139,20,5
4140,18,9
4141,8,4
4142,3,7
4143,13,2
4144,7,7
4145,17,2
4146,12,9
4147,2,4
4148,5,8
4149,15,3
4150,20,6
4151,10,1
4152,18,5
4153,8,10
4154,3,3
4155,13,8
4156,11,1
4157,1,6
4158,6,4
4159,16,9
4160,14,5
4161,4,10
4162,9,3
4163,19,8
4164,16,2
4165,6,7
4166,1,4
4167,11,9
4168,3,7
4169,13,2
4170,18,10
4171,8,5
4172,10,9
4173,20,4
4174,15,6
4175,5,1
4176,19,8
4177,9,3
4178,4,10
4179,14,5
4180,12,9
4181,2,4
4182,7,6
4183,17,1
4184,6,4
4185,16,9
4186,11,2
4187,1,7
4188,3,1
4189,13,6
4190,18,3
4191,8,8
4192,13,1
4193,3,6
4194,8,4
4195,18,9
4196,16,5
4197,6,10
4198,1,2
4199,11,7
4200,2,8
4201,12,3
4202,17,6
4203,7,1
4204,10,7
4205,20,2
4206,15,9
4207,5,4
4208,20,9
4209,10,4
4210,5,7
4211,15,2
4212,13,8
4213,3,3
4214,8,10
4215,18,5
4216,7,1
4217,17,6
4218,12,3
4219,2,8
4220,4,5
4221,14,10
4222,19,2
4223,9,7
4224,17,9
4225,7,4
4226,2,7
4227,12,2
4228,15,8
4229,5,3
4230,10,10
4231,20,5
4232,9,1
4233,19,6
4234,14,4
4235,4,9
4236,1,5
4237,11,10
4238,16,2
4239,6,7
4240,12,1
4241,2,6
4242,7,4
4243,17,9
4244,19,5
4245,9,10
4246,4,3
4247,14,8
4248,5,8
4249,15,3
4250,20,6
4251,10,1
4252,8,7
4253,18,2
4254,13,10
4255,3,5
4256,18,7
4257,8,2
4258,3,10
4259,13,5
4260,15,9
4261,5,4
4262,10,6
4263,20,1
4264,9,4
4265,19,9
4266,14,2
4267,4,7
4268,1,1
4269,11,6
4270,16,3
4271,6,8
4272,11,5
4273,1,10
4274,6,3
4275,16,8
4276,18,2
4277,8,7
4278,3,4
4279,13,9
4280,4,7
4281,14,2
4282,19,10
4283,9,5
4284,7,8
4285,17,3
4286,12,6
4287,2,1
4288,10,7
4289,20,2
4290,15,9
4291,5,4
4292,3,8
4293,13,3
4294,18,6
4295,8,1
4296,17,5
4297,7,10
4298,2,2
4299,12,7
4300,14,1
4301,4,6
4302,9,4
4303,19,9
4304,3,5
4305,13,10
4306,18,2
4307,8,7
4308,6,1
4309,16,6
4310,11,3
4311,1,8
4312,12,8
4313,2,3
4314,7,10
4315,17,5
4316,20,9
4317,10,4
4318,5,6
4319,15,1
4320,9,9
4321,19,4
4322,14,6
4323,4,1
4324,2,7
4325,12,2
4326,17,10
4327,7,5
4328,16,2
4329,6,7
4330,1,4
4331,11,9
4332,13,5
4333,3,10
4334,8,3
4335,18,8
4336,4,1
4337,14,6
4338,19,3
4339,9,8
4340,6,4
4341,16,9
4342,11,2
4343,1,7
4344,12,9
4345,2,4
4346,7,6
4347,17,1
4348,20,8
4349,10,3
4350,5,10
4351,15,5
4352,6,10
4353,11,6
4354,16,3
4355,6,8
4356,8,4
4357,18,9
4358,13,2
4359,3,7
4360,14,9
4361,4,4
4362,9,6
4363,19,1
4364,17,7
4365,7,2
4366,2,10
4367,12,5
4368,7,8
4369,17,3
4370,12,6
4371,2,1
4372,5,7
4373,15,2
4374,20,10
4375,10,5
4376,19,1
4377,9,6
4378,4,4
4379,14,9
4380,11,5
4381,1,10
4382,6,3
4383,16,8
4384,1,5
4385,11,10
4386,16,2
4387,6,7
4388,9,1
4389,19,6
4390,14,3
4391,4,8
4392,15,8
4393,5,3
4394,10,10
4395,20,5
4396,18,9
4397,8,4
4398,3,7
4399,13,2
4400,7,7
4401,17,2
4402,12,9
4403,2,4
4404,5,8
4405,15,3
4406,20,6
4407,10,1
4408,18,5
4409,8,10
4410,3,3
4411,13,8
4412,11,1
4413,1,6
4414,6,4
4415,16,9
4416,14,5
4417,4,10
4418,9,3
4419,19,8
4420,16,2
4421,6,7
4422,1,4
4423,11,9
4424,3,7
4425,13,2
4426,18,10
4427,8,5
4428,10,9
4429,20,4
4430,15,6
4431,5,1
4432,19,8
4433,9,3
4434,4,10
4435,14,5
4436,12,9
4437,2,4
4438,7,6
4439,17,1
4440,6,4
4441,16,9
4442,11,2
4443,1,7
4444,3,1
4445,13,6
4446,18,3
4447,8,8
4448,13,1
4449,3,6
4450,8,4
4451,18,9
4452,16,5
4453,6,10
4454,1,2
4455,11,7
4456,2,8
4457,12,3
4458,17,6
4459,7,1
4460,10,7
4461,20,2
4462,15,9
4463,5,4
4464,20,9
4465,10,4
4466,5,7
4467,15,2
4468,13,8
4469,3,3
4470,8,10
4471,18,5
4472,7,1
4473,17,6
4474,12,3
4475,2,8
4476,4,5
4477,14,10
4478,19,2
4479,9,7
4480,17,9
4481,7,4
4482,2,7
4483,12,2
4484,15,8
4485,5,3
4486,10,10
4487,20,5
4488,9,1
4489,19,6
4490,14,4
4491,4,9
4492,1,5
4493,11,10
4494,16,2
4495,6,7
4496,12,1
4497,2,6
4498,7,4
4499,17,9
4500,19,5
4501,9,10
4502,4,3
4503,14,8
4504,5,8
4505,15,3
4506,20,6
4507,10,1
4508,8,7
4509,18,2
4510,13,10
4511,3,5
4512,18,7
4513,8,2
4514,3,10
4515,13,5
4516,15,9
4517,5,4
4518,10,6
4519,20,1
4520,9,4
4521,19,9
4522,14,2
4523,4,7
4524,1,1
4525,11,6
4526,16,3
4527,6,8
4528,11,5
4529,1,10
4530,6,3
4531,16,8
4532,18,2
4533,8,7
4534,3,4
4535,13,9
4536,4,7
4537,14,2
4538,19,10
4539,9,5
4540,7,8
4541,17,3
4542,12,6
4543,2,1
4544,10,7
4545,20,2
4546,15,9
4547,5,4
4548,3,8
4549,13,3
4550,18,6
4551,8,1
4552,17,5
4553,7,10
4554,2,2
4555,12,7
4556,14,1
4557,4,6
4558,9,4
4559,19,9
4560,3,5
4561,13,10
4562,18,2
4563,8,7
4564,6,1
4565,16,6
4566,11,3
4567,1,8
4568,12,8
4569,2,3
4570,7,10
4571,17,5
4572,20,9
4573,10,4
4574,5,6
4575,15,1
4576,9,9
4577,19,4
4578,14,6
4579,4,1
4580,2,7
4581,12,2
4582,17,10
4583,7,5
4584,16,2
4585,6,7
4586,1,4
4587,11,9
4588,13,5
4589,3,10
4590,8,3
4591,18,8
4592,4,1
4593,14,6
4594,19,3
4595,9,8
4596,6,4
4597,16,9
4598,11,2
4599,1,7
4600,12,9
4601,2,4
4602,7,6
4603,17,1
4604,20,8
4605,10,3
4606,5,10
4607,15,5
4608,6,10
4609,11,6
4610,16,3
4611,6,8
4612,8,4
4613,18,9
4614,13,2
4615,3,7
4616,14,9
4617,4,4
4618,9,6
4619,19,1
4620,17,7
4621,7,2
4622,2,10
4623,12,5
4624,7,8
4625,17,3
4626,12,6
4627,2,1
4628,5,7
4629,15,2
4630,20,10
4631,10,5
4632,19,1
4633,9,6
4634,4,4
4635,14,9
4636,11,5
4637,1,10
4638,6,3
4639,16,8
4640,1,5
4641,11,10
4642,16,2
4643,6,7
4644,9,1
4645,19,6
4646,14,3
4647,4,8
4648,15,8
4649,5,3
4650,10,10
4651,20,5
4652,18,9
4653,8,4
4654,3,7
4655,13,2
4656,7,7
4657,17,2
4658,12,9
4659,2,4
4660,5,8
4661,15,3
4662,20,6
4663,10,1
4664,18,5
4665,8,10
4666,3,3
4667,13,8
4668,11,1
4669,1,6
4670,6,4
4671,16,9
4672,14,5
4673,4,10
4674,9,3
4675,19,8
4676,16,2
4677,6,7
4678,1,4
4679,11,9
4680,3,7
4681,13,2
4682,18,10
4683,8,5
4684,10,9
4685,20,4
4686,15,6
4687,5,1
4688,19,8
4689,9,3
4690,4,10
4691,14,5
4692,12,9
4693,2,4
4694,7,6
4695,17,1
4696,6,4
4697,16,9
4698,11,2
4699,1,7
4700,3,1
4701,13,6
4702,18,3
4703,8,8
4704,13,1
4705,3,6
4706,8,4
4707,18,9
4708,16,5
4709,6,10
4710,1,2
4711,11,7
4712,2,8
4713,12,3
4714,17,6
4715,7,1
4716,10,7
4717,20,2
4718,15,9
4719,5,4
4720,20,9
4721,10,4
4722,5,7
4723,15,2
4724,13,8
4725,3,3
4726,8,10
4727,18,5
4728,7,1
4729,17,6
4730,12,3
4731,2,8
4732,4,5
4733,14,10
4734,19,2
4735,9,7
4736,17,9
4737,7,4
4738,2,7
4739,12,2
4740,15,8
4741,5,3
4742,10,10
4743,20,5
4744,9,1
4745,19,6
4746,14,4
4747,4,9
4748,1,5
4749,11,10
4750,16,2
4751,6,7
4752,12,1
4753,2,6
4754,7,4
4755,17,9
4756,19,5
4757,9,10
4758,4,3
4759,14,8
4760,5,8
4761,15,3
4762,20,6
4763,10,1
4764,8,7
4765,18,2
4766,13,10
4767,3,5
4768,18,7
4769,8,2
4770,3,10
4771,13,5
4772,15,9
4773,5,4
4774,10,6
4775,20,1
4776,9,4
4777,19,9
4778,14,2
4779,4,7
4780,1,1
4781,11,6
4782,16,3
4783,6,8
4784,11,5
4785,1,10
4786,6,3
4787,16,8
4788,18,2
4789,8,7
4790,3,4
4791,13,9
4792,4,7
4793,14,2
4794,19,10
4795,9,5
4796,7,8
4797,17,3
4798,12,6
4799,2,1
4800,10,7
4801,20,2
4802,15,9
4803,5,4
4804,3,8
4805,13,3
4806,18,6
4807,8,1
4808,17,5
4809,7,10
4810,2,2
4811,12,7
4812,14,1
4813,4,6
4814,9,4
4815,19,9
4816,3,5
4817,13,10
4818,18,2
4819,8,7
4820,6,1
4821,16,6
4822,11,3
4823,1,8
4824,12,8
4825,2,3
4826,7,10
4827,17,5
4828,20,9
4829,10,4
4830,5,6
4831,15,1
4832,9,9
4833,19,4
4834,14,6
4835,4,1
4836,2,7
4837,12,2
4838,17,10
4839,7,5
4840,16,2
4841,6,7
4842,1,4
4843,11,9
4844,13,5
4845,3,10
4846,8,3
4847,18,8
4848,4,1
4849,14,6
4850,19,3
4851,9,8
4852,6,4
4853,16,9
4854,11,2
4855,1,7
4856,12,9
4857,2,4
4858,7,6
4859,17,1
4860,20,8
4861,10,3
4862,5,10
4863,15,5
4864,6,10
4865,11,6
4866,16,3
4867,6,8
4868,8,4
4869,18,9
4870,13,2
4871,3,7
4872,14,9
4873,4,4
4874,9,6
4875,19,1
4876,17,7
4877,7,2
4878,2,10
4879,12,5
4880,7,8
4881,17,3
4882,12,6
4883,2,1
4884,5,7
4885,15,2
4886,20,10
4887,10,5
4888,19,1
4889,9,6
4890,4,4
4891,14,9
4892,11,5
4893,1,10
4894,6,3
4895,16,8
4896,1,5
4897,11,10
4898,16,2
4899,6,7
4900,9,1
4901,19,6
4902,14,3
4903,4,8
4904,15,8
4905,5,3
4906,10,10
4907,20,5
4908,18,9
4909,8,4
4910,3,7
4911,13,2
4912,7,7
4913,17,2
4914,12,9
4915,2,4
4916,5,8
4917,15,3
4918,20,6
4919,10,1
4920,18,5
4921,8,10
4922,3,3
4923,13,8
4924,11,1
4925,1,6
4926,6,4
4927,16,9
4928,14,5
4929,4,10
4930,9,3
4931,19,8
4932,16,2
4933,6,7
4934,1,4
4935,11,9
4936,3,7
4937,13,2
4938,18,10
4939,8,5
4940,10,9
4941,20,4
4942,15,6
4943,5,1
4944,19,8
4945,9,3
4946,4,10
4947,14,5
4948,12,9
4949,2,4
4950,7,6
4951,17,1
4952,6,4
4953,16,9
4954,11,2
4955,1,7
4956,3,1
4957,13,6
4958,18,3
4959,8,8
4960,13,1
4961,3,6
4962,8,4
4963,18,9
4964,16,5
4965,6,10
4966,1,2
4967,11,7
4968,2,8
4969,12,3
4970,17,6
4971,7,1
4972,10,7
4973,20,2
4974,15,9
4975,5,4
4976,20,9
4977,10,4
4978,5,7
4979,15,2
4980,13,8
4981,3,3
4982,8,10
4983,18,5
4984,7,1
4985,17,6
4986,12,3
4987,2,8
4988,4,5
4989,14,10
4990,19,2
4991,9,7
4992,17,9
4993,7,4
4994,2,7
4995,12,2
4996,15,8
4997,5,3
4998,10,10
4999,20,5
5000,9,1
5001,19,6
5002,14,4
5003,4,9
5004,1,5
5005,11,10
5006,16,2
5007,6,7
5008,12,1
5009,2,6
5010,7,4
5011,17,9
5012,19,5
5013,9,10
5014,4,3
5015,14,8
5016,5,8
5017,15,3
5018,20,6
5019,10,1
5020,8,7
5021,18,2
5022,13,10
5023,3,5
5024,18,7
5025,8,2
5026,3,10
5027,13,5
5028,15,9
5029,5,4
5030,10,6
5031,20,1
5032,9,4
5033,19,9
5034,14,2
5035,4,7
5036,1,1
5037,11,6
5038,16,3
5039,6,8
5040,11,5
5041,1,10
5042,6,3
5043,16,8
5044,18,2
5045,8,7
5046,3,4
5047,13,9
5048,4,7
5049,14,2
5050,19,10
5051,9,5
5052,7,8
5053,17,3
5054,12,6
5055,2,1
5056,10,7
5057,20,2
5058,15,9
5059,5,4
5060,3,8
5061,13,3
5062,18,6
5063,8,1
5064,17,5
5065,7,10
5066,2,2
5067,12,7
5068,14,1
5069,4,6
5070,9,4
5071,19,9
5072,3,5
5073,13,10
5074,18,2
5075,8,7
5076,6,1
5077,16,6
5078,11,3
5079,1,8
5080,12,8
5081,2,3
5082,7,10
5083,17,5
5084,20,9
5085,10,4
5086,5,6
5087,15,1
5088,9,9
5089,19,4
5090,14,6
5091,4,1
5092,2,7
5093,12,2
5094,17,10
5095,7,5
5096,16,2
5097,6,7
5098,1,4
5099,11,9
5100,13,5
5101,3,10
5102,8,3
5103,18,8
5104,4,1
5105,14,6
5106,19,3
5107,9,8
5108,6,4
5109,16,9
5110,11,2
5111,1,7
5112,12,9
5113,2,4
5114,7,6
5115,17,1
5116,20,8
5117,10,3
5118,5,10
5119,15,5
5120,6,10
5121,11,6
5122,16,3
5123,6,8
5124,8,4
5125,18,9
5126,13,2
5127,3,7
5128,14,9
5129,4,4
5130,9,6
5131,19,1
5132,17,7
5133,7,2
5134,2,10
5135,12,5
5136,7,8
5137,17,3
5138,12,6
5139,2,1
5140,5,7
5141,15,2
5142,20,10
5143,10,5
5144,19,1
5145,9,6
5146,4,4
5147,14,9
5148,11,5
5149,1,10
5150,6,3
5151,16,8
5152,1,5
5153,11,10
5154,16,2
5155,6,7
5156,9,1
5157,19,6
5158,14,3
5159,4,8
5160,15,8
5161,5,3
5162,10,10
5163,20,5
5164,18,9
5165,8,4
5166,3,7
5167,13,2
5168,7,7
5169,17,2
5170,12,9
5171,2,4
5172,5,8
5173,15,3
5174,20,6
5175,10,1
5176,18,5
5177,8,10
5178,3,3
5179,13,8
5180,11,1
5181,1,6
5182,6,4
5183,16,9
5184,14,5
5185,4,10
5186,9,3
5187,19,8
5188,16,2
5189,6,7
5190,1,4
5191,11,9
5192,3,7
5193,13,2
5194,18,10
5195,8,5
5196,10,9
5197,20,4
5198,15,6
5199,5,1
5200,19,8
5201,9,3
5202,4,10
5203,14,5
5204,12,9
5205,2,4
5206,7,6
5207,17,1
5208,6,4
5209,16,9
5210,11,2
5211,1,7
5212,3,1
5213,13,6
5214,18,3
5215,8,8
5216,13,1
5217,3,6
5218,8,4
5219,18,9
5220,16,5
5221,6,10
5222,1,2
5223,11,7
5224,2,8
5225,12,3
5226,17,6
5227,7,1
5228,10,7
5229,20,2
5230,15,9
5231,5,4
5232,20,9
5233,10,4
5234,5,7
5235,15,2
5236,13,8
5237,3,3
5238,8,10
5239,18,5
5240,7,1
5241,17,6
5242,12,3
5243,2,8
5244,4,5
5245,14,10
5246,19,2
5247,9,7
5248,17,9
5249,7,4
5250,2,7
5251,12,2
5252,15,8
5253,5,3
5254,10,10
5255,20,5
5256,9,1
5257,19,6
5258,14,4
5259,4,9
5260,1,5
5261,11,10
5262,16,2
5263,6,7
5264,12,1
5265,2,6
5266,7,4
5267,17,9
5268,19,5
5269,9,10
5270,4,3
5271,14,8
5272,5,8
5273,15,3
5274,20,6
5275,10,1
5276,8,7
5277,18,2
5278,13,10
5279,3,5
5280,18,7
5281,8,2
5282,3,10
5283,13,5
5284,15,9
5285,5,4
5286,10,6
5287,20,1
5288,9,4
5289,19,9
5290,14,2
5291,4,7
5292,1,1
5293,11,6
5294,16,3
5295,6,8
5296,11,5
5297,1,10
5298,6,3
5299,16,8
5300,18,2
5301,8,7
5302,3,4
5303,13,9
5304,4,7
5305,14,2
5306,19,10
5307,9,5
5308,7,8
5309,17,3
5310,12,6
5311,2,1
5312,10,7
5313,20,2
5314,15,9
5315,5,4
5316,3,8
5317,13,3
5318,18,6
5319,8,1
5320,17,5
5321,7,10
5322,2,2
5323,12,7
5324,14,1
5325,4,6
5326,9,4
5327,19,9
5328,3,5
5329,13,10
5330,18,2
5331,8,7
5332,6,1
5333,16,6
5334,11,3
5335,1,8
5336,12,8
5337,2,3
5338,7,10
5339,17,5
5340,20,9
5341,10,4
5342,5,6
5343,15,1
5344,9,9
5345,19,4
5346,14,6
5347,4,1
5348,2,7
5349,12,2
5350,17,10
5351,7,5
5352,16,2
5353,6,7
5354,1,4
5355,11,9
5356,13,5
5357,3,10
5358,8,3
5359,18,8
5360,4,1
5361,14,6
5362,19,3
5363,9,8
5364,6,4
5365,16,9
5366,11,2
5367,1,7
5368,12,9
5369,2,4
5370,7,6
5371,17,1
5372,20,8
5373,10,3
5374,5,10
5375,15,5
5376,6,10
5377,11,6
5378,16,3
5379,6,8
5380,8,4
5381,18,9
5382,13,2
5383,3,7
5384,14,9
5385,4,4
5386,9,6
5387,19,1
5388,17,7
5389,7,2
5390,2,10
5391,12,5
5392,7,8
5393,17,3
5394,12,6
5395,2,1
5396,5,7
5397,15,2
5398,20,10
5399,10,5
5400,19,1
5401,9,6
5402,4,4
5403,14,9
5404,11,5
5405,1,10
5406,6,3
5407,16,8
5408,1,5
5409,11,10
5410,16,2
5411,6,7
5412,9,1
5413,19,6
5414,14,3
5415,4,8
5416,15,8
5417,5,3
5418,10,10
5419,20,5
5420,18,9
5421,8,4
5422,3,7
5423,13,2
5424,7,7
5425,17,2
5426,12,9
5427,2,4
5428,5,8
5429,15,3
5430,20,6
5431,10,1
5432,18,5
5433,8,10
5434,3,3
5435,13,8
5436,11,1
5437,1,6
5438,6,4
5439,16,9
5440,14,5
5441,4,10
5442,9,3
5443,19,8
5444,16,2
5445,6,7
5446,1,4
5447,11,9
5448,3,7
5449,13,2
5450,18,10
5451,8,5
5452,10,9
5453,20,4
5454,15,6
5455,5,1
5456,19,8
5457,9,3
5458,4,10
5459,14,5
5460,12,9
5461,2,4
5462,7,6
5463,17,1
5464,6,4
5465,16,9
5466,11,2
5467,1,7
5468,3,1
5469,13,6
5470,18,3
5471,8,8
5472,13,1
5473,3,6
5474,8,4
5475,18,9
5476,16,5
5477,6,10
5478,1,2
5479,11,7
5480,2,8
5481,12,3
5482,17,6
5483,7,1
5484,10,7
5485,20,2
5486,15,9
5487,5,4
5488,20,9
5489,10,4
5490,5,7
5491,15,2
5492,13,8
5493,3,3
5494,8,10
5495,18,5
5496,7,1
5497,17,6
5498,12,3
5499,2,8
5500,4,5
5501,14,10
5502,19,2
5503,9,7
5504,17,9
5505,7,4
5506,2,7
5507,12,2
5508,15,8
5509,5,3
5510,10,10
5511,20,5
5512,9,1
5513,19,6
5514,14,4
5515,4,9
5516,1,5
5517,11,10
5518,16,2
5519,6,7
5520,12,1
5521,2,6
5522,7,4
5523,17,9
5524,19,5
5525,9,10
5526,4,3
5527,14,8
5528,5,8
5529,15,3
5530,20,6
5531,10,1
5532,8,7
5533,18,2
5534,13,10
5535,3,5
5536,18,7
5537,8,2
5538,3,10
5539,13,5
5540,15,9
5541,5,4
5542,10,6
5543,20,1
5544,9,4
5545,19,9
5546,14,2
5547,4,7
5548,1,1
5549,11,6
5550,16,3
5551,6,8
5552,11,5
5553,1,10
5554,6,3
5555,16,8
5556,18,2
5557,8,7
5558,3,4
5559,13,9
5560,4,7
5561,14,2
5562,19,10
5563,9,5
5564,7,8
5565,17,3
5566,12,6
5567,2,1
5568,10,7
5569,20,2
5570,15,9
5571,5,4
5572,3,8
5573,13,3
5574,18,6
5575,8,1
5576,17,5
5577,7,10
5578,2,2
5579,12,7
5580,14,1
5581,4,6
5582,9,4
5583,19,9
5584,3,5
5585,13,10
5586,18,2
5587,8,7
5588,6,1
5589,16,6
5590,11,3
5591,1,8
5592,12,8
5593,2,3
5594,7,10
5595,17,5
5596,20,9
5597,10,4
5598,5,6
5599,15,1
5600,9,9
5601,19,4
5602,14,6
5603,4,1
5604,2,7
5605,12,2
5606,17,10
5607,7,5
5608,16,2
5609,6,7
5610,1,4
5611,11,9
5612,13,5
5613,3,10
5614,8,3
5615,18,8
5616,4,1
5617,14,6
5618,19,3
5619,9,8
5620,6,4
5621,16,9
5622,11,2
5623,1,7
5624,12,9
5625,2,4
5626,7,6
5627,17,1
5628,20,8
5629,10,3
5630,5,10
5631,15,5
5632,6,10
5633,11,6
5634,16,3
5635,6,8
5636,8,4
5637,18,9
5638,13,2
5639,3,7
5640,14,9
5641,4,4
5642,9,6
5643,19,1
5644,17,7
5645,7,2
5646,2,10
5647,12,5
5648,7,8
5649,17,3
5650,12,6
5651,2,1
5652,5,7
5653,15,2
5654,20,10
5655,10,5
5656,19,1
5657,9,6
5658,4,4
5659,14,9
5660,11,5
5661,1,10
5662,6,3
5663,16,8
5664,1,5
5665,11,10
5666,16,2
5667,6,7
5668,9,1
5669,19,6
5670,14,3
5671,4,8
5672,15,8
5673,5,3
5674,10,10
5675,20,5
5676,18,9
5677,8,4
5678,3,7
5679,13,2
5680,7,7
5681,17,2
5682,12,9
5683,2,4
5684,5,8
5685,15,3
5686,20,6
5687,10,1
5688,18,5
5689,8,10
5690,3,3
5691,13,8
5692,11,1
5693,1,6
5694,6,4
5695,16,9
5696,14,5
5697,4,10
5698,9,3
5699,19,8
5700,16,2
5701,6,7
5702,1,4
5703,11,9
5704,3,7
5705,13,2
5706,18,10
5707,8,5
5708,10,9
5709,20,4
5710,15,6
5711,5,1
5712,19,8
5713,9,3
5714,4,10
5715,14,5
5716,12,9
5717,2,4
5718,7,6
5719,17,1
5720,6,4
5721,16,9
5722,11,2
5723,1,7
5724,3,1
5725,13,6
5726,18,3
5727,8,8
5728,13,1
5729,3,6
5730,8,4
5731,18,9
5732,16,5
5733,6,10
5734,1,2
5735,11,7
5736,2,8
5737,12,3
5738,17,6
5739,7,1
5740,10,7
5741,20,2
5742,15,9
5743,5,4
5744,20,9
5745,10,4
5746,5,7
5747,15,2
5748,13,8
5749,3,3
5750,8,10
5751,18,5
5752,7,1
5753,17,6
5754,12,3
5755,2,8
5756,4,5
5757,14,10
5758,19,2
5759,9,7
5760,17,9
5761,7,4
5762,2,7
5763,12,2
5764,15,8
5765,5,3
5766,10,10
5767,20,5
5768,9,1
5769,19,6
5770,14,4
5771,4,9
5772,1,5
5773,11,10
5774,16,2
5775,6,7
5776,12,1
5777,2,6
5778,7,4
5779,17,9
5780,19,5
5781,9,10
5782,4,3
5783,14,8
5784,5,8
5785,15,3
5786,20,6
5787,10,1
5788,8,7
5789,18,2
5790,13,10
5791,3,5
5792,18,7
5793,8,2
5794,3,10
5795,13,5
5796,15,9
5797,5,4
5798,10,6
5799,20,1
5800,9,4
5801,19,9
5802,14,2
5803,4,7
5804,1,1
5805,11,6
5806,16,3
5807,6,8
5808,11,5
5809,1,10
5810,6,3
5811,16,8
5812,18,2
5813,8,7
5814,3,4
5815,13,9
5816,4,7
5817,14,2
5818,19,10
5819,9,5
5820,7,8
5821,17,3
5822,12,6
5823,2,1
5824,10,7
5825,20,2
5826,15,9
5827,5,4
5828,3,8
5829,13,3
5830,18,6
5831,8,1
5832,17,5
5833,7,10
5834,2,2
5835,12,7
5836,14,1
5837,4,6
5838,9,4
5839,19,9
5840,3,5
5841,13,10
5842,18,2
5843,8,7
5844,6,1
5845,16,6
5846,11,3
5847,1,8
5848,12,8
5849,2,3
5850,7,10
5851,17,5
5852,20,9
5853,10,4
5854,5,6
5855,15,1
5856,9,9
5857,19,4
5858,14,6
5859,4,1
5860,2,7
5861,12,2
5862,17,10
5863,7,5
5864,16,2
5865,6,7
5866,1,4
5867,11,9
5868,13,5
5869,3,10
5870,8,3
5871,18,8
5872,4,1
5873,14,6
5874,19,3
5875,9,8
5876,6,4
5877,16,9
5878,11,2
5879,1,7
5880,12,9
5881,2,4
5882,7,6
5883,17,1
5884,20,8
5885,10,3
5886,5,10
5887,15,5
5888,6,10
5889,11,6
5890,16,3
5891,6,8
5892,8,4
5893,18,9
5894,13,2
5895,3,7
5896,14,9
5897,4,4
5898,9,6
5899,19,1
5900,17,7
5901,7,2
5902,2,10
5903,12,5
5904,7,8
5905,17,3
5906,12,6
5907,2,1
5908,5,7
5909,15,2
5910,20,10
5911,10,5
5912,19,1
5913,9,6
5914,4,4
5915,14,9
5916,11,5
5917,1,10
5918,6,3
5919,16,8
5920,1,5
5921,11,10
5922,16,2
5923,6,7
5924,9,1
5925,19,6
5926,14,3
5927,4,8
5928,15,8
5929,5,3
5930,10,10
5931,20,5
5932,18,9
5933,8,4
5934,3,7
5935,13,2
5936,7,7
5937,17,2
5938,12,9
5939,2,4
5940,5,8
5941,15,3
5942,20,6
5943,10,1
5944,18,5
5945,8,10
5946,3,3
5947,13,8
5948,11,1
5949,1,6
5950,6,4
5951,16,9
5952,14,5
5953,4,10
5954,9,3
5955,19,8
5956,16,2
5957,6,7
5958,1,4
5959,11,9
5960,3,7
5961,13,2
5962,18,10
5963,8,5
5964,10,9
5965,20,4
5966,15,6
5967,5,1
5968,19,8
5969,9,3
5970,4,10
5971,14,5
5972,12,9
5973,2,4
5974,7,6
5975,17,1
5976,6,4
5977,16,9
5978,11,2
5979,1,7
5980,3,1
5981,13,6
5982,18,3
5983,8,8
5984,13,1
5985,3,6
5986,8,4
5987,18,9
5988,16,5
5989,6,10
5990,1,2
5991,11,7
5992,2,8
5993,12,3
5994,17,6
5995,7,1
5996,10,7
5997,20,2
5998,15,9
5999,5,4
6000,20,9
6001,10,4
6002,5,7
6003,15,2
6004,13,8
6005,3,3
6006,8,10
6007,18,5
6008,7,1
6009,17,6
6010,12,3
6011,2,8
6012,4,5
6013,14,10
6014,19,2
6015,9,7
6016,17,9
6017,7,4
6018,2,7
6019,12,2
6020,15,8
6021,5,3
6022,10,10
6023,20,5
6024,9,1
6025,19,6
6026,14,4
6027,4,9
6028,1,5
6029,11,10
6030,16,2
6031,6,7
6032,12,1
6033,2,6
6034,7,4
6035,17,9
6036,19,5
6037,9,10
6038,4,3
6039,14,8
6040,5,8
6041,15,3
6042,20,6
6043,10,1
6044,8,7
6045,18,2
6046,13,10
6047,3,5
6048,18,7
6049,8,2
6050,3,10
6051,13,5
6052,15,9
6053,5,4
6054,10,6
6055,20,1
6056,9,4
6057,19,9
6058,14,2
6059,4,7
6060,1,1
6061,11,6
6062,16,3
6063,6,8
6064,11,5
6065,1,10
6066,6,3
6067,16,8
6068,18,2
6069,8,7
6070,3,4
6071,13,9
6072,4,7
6073,14,2
6074,19,10
6075,9,5
6076,7,8
6077,17,3
6078,12,6
6079,2,1
6080,10,7
6081,20,2
6082,15,9
6083,5,4
6084,3,8
6085,13,3
6086,18,6
6087,8,1
6088,17,5
6089,7,10
6090,2,2
6091,12,7
6092,14,1
6093,4,6
6094,9,4
6095,19,9
6096,3,5
6097,13,10
6098,18,2
6099,8,7
6100,6,1
6101,16,6
6102,11,3
6103,1,8
6104,12,8
6105,2,3
6106,7,10
6107,17,5
6108,20,9
6109,10,4
6110,5,6
6111,15,1
6112,9,9
6113,19,4
6114,14,6
6115,4,1
6116,2,7
6117,12,2
6118,17,10
6119,7,5
6120,16,2
6121,6,7
6122,1,4
6123,11,9
6124,13,5
6125,3,10
6126,8,3
6127,18,8
6128,4,1
6129,14,6
6130,19,3
6131,9,8
6132,6,4
6133,16,9
6134,11,2
6135,1,7
6136,12,9
6137,2,4
6138,7,6
6139,17,1
6140,20,8
6141,10,3
6142,5,10
6143,15,5
6144,6,10
6145,11,6
6146,16,3
6147,6,8
6148,8,4
6149,18,9
6150,13,2
6151,3,7
6152,14,9
6153,4,4
6154,9,6
6155,19,1
6156,17,7
6157,7,2
6158,2,10
6159,12,5
6160,7,8
6161,17,3
6162,12,6
6163,2,1
6164,5,7
6165,15,2
6166,20,10
6167,10,5
6168,19,1
6169,9,6
6170,4,4
6171,14,9
6172,11,5
6173,1,10
6174,6,3
6175,16,8
6176,1,5
6177,11,10
6178,16,2
6179,6,7
6180,9,1
6181,19,6
6182,14,3
6183,4,8
6184,15,8
6185,5,3
6186,10,10
6187,20,5
6188,18,9
6189,8,4
6190,3,7
6191,13,2
6192,7,7
6193,17,2
6194,12,9
6195,2,4
6196,5,8
6197,15,3
6198,20,6
6199,10,1
6200,18,5
6201,8,10
6202,3,3
6203,13,8
6204,11,1
6205,1,6
6206,6,4
6207,16,9
6208,14,5
6209,4,10
6210,9,3
6211,19,8
6212,16,2
6213,6,7
6214,1,4
6215,11,9
6216,3,7
6217,13,2
6218,18,10
6219,8,5
6220,10,9
6221,20,4
6222,15,6
6223,5,1
6224,19,8
6225,9,3
6226,4,10
6227,14,5
6228,12,9
6229,2,4
6230,7,6
6231,17,1
6232,6,4
6233,16,9
6234,11,2
6235,1,7
6236,3,1
6237,13,6
6238,18,3
6239,8,8
6240,13,1
6241,3,6
6242,8,4
6243,18,9
6244,16,5
6245,6,10
6246,1,2
6247,11,7
6248,2,8
6249,12,3
6250,17,6
6251,7,1
6252,10,7
6253,20,2
6254,15,9
6255,5,4
6256,20,9
6257,10,4
6258,5,7
6259,15,2
6260,13,8
6261,3,3
6262,8,10
6263,18,5
6264,7,1
6265,17,6
6266,12,3
6267,2,8
6268,4,5
6269,14,10
6270,19,2
6271,9,7
6272,17,9
6273,7,4
6274,2,7
6275,12,2
6276,15,8
6277,5,3
6278,10,10
6279,20,5
6280,9,1
6281,19,6
6282,14,4
6283,4,9
6284,1,5
6285,11,10
6286,16,2
6287,6,7
6288,12,1
6289,2,6
6290,7,4
6291,17,9
6292,19,5
6293,9,10
6294,4,3
6295,14,8
6296,5,8
6297,15,3
6298,20,6
6299,10,1
6300,8,7
6301,18,2
6302,13,10
6303,3,5
6304,18,7
6305,8,2
6306,3,10
6307,13,5
6308,15,9
6309,5,4
6310,10,6
6311,20,1
6312,9,4
6313,19,9
6314,14,2
6315,4,7
6316,1,1
6317,11,6
6318,16,3
6319,6,8
6320,11,5
6321,1,10
6322,6,3
6323,16,8
6324,18,2
6325,8,7
6326,3,4
6327,13,9
6328,4,7
6329,14,2
6330,19,10
6331,9,5
6332,7,8
6333,17,3
6334,12,6
6335,2,1
6336,10,7
6337,20,2
6338,15,9
6339,5,4
6340,3,8
6341,13,3
6342,18,6
6343,8,1
6344,17,5
6345,7,10
6346,2,2
6347,12,7
6348,14,1
6349,4,6
6350,9,4
6351,19,9
6352,3,5
6353,13,10
6354,18,2
6355,8,7
6356,6,1
6357,16,6
6358,11,3
6359,1,8
6360,12,8
6361,2,3
6362,7,10
6363,17,5
6364,20,9
6365,10,4
6366,5,6
6367,15,1
6368,9,9
6369,19,4
6370,14,6
6371,4,1
6372,2,7
6373,12,2
6374,17,10
6375,7,5
6376,16,2
6377,6,7
6378,1,4
6379,11,9
6380,13,5
6381,3,10
6382,8,3
6383,18,8
6384,4,1
6385,14,6
6386,19,3
6387,9,8
6388,6,4
6389,16,9
6390,11,2
6391,1,7
6392,12,9
6393,2,4
6394,7,6
6395,17,1
6396,20,8
6397,10,3
6398,5,10
6399,15,5
6400,6,10
6401,11,6
6402,16,3
6403,6,8
6404,8,4
6405,18,9
6406,13,2
6407,3,7
6408,14,9
6409,4,4
6410,9,6
6411,19,1
6412,17,7
6413,7,2
6414,2,10
6415,12,5
6416,7,8
6417,17,3
6418,12,6
6419,2,1
6420,5,7
6421,15,2
6422,20,10
6423,10,5
6424,19,1
6425,9,6
6426,4,4
6427,14,9
6428,11,5
6429,1,10
6430,6,3
6431,16,8
6432,1,5
6433,11,10
6434,16,2
6435,6,7
6436,9,1
6437,19,6
6438,14,3
6439,4,8
6440,15,8
6441,5,3
6442,10,10
6443,20,5
6444,18,9
6445,8,4
6446,3,7
6447,13,2
6448,7,7
6449,17,2
6450,12,9
6451,2,4
6452,5,8
6453,15,3
6454,20,6
6455,10,1
6456,18,5
6457,8,10
6458,3,3
6459,13,8
6460,11,1
6461,1,6
6462,6,4
6463,16,9
6464,14,5
6465,4,10
6466,9,3
6467,19,8
6468,16,2
6469,6,7
6470,1,4
6471,11,9
6472,3,7
6473,13,2
6474,18,10
6475,8,5
6476,10,9
6477,20,4
6478,15,6
6479,5,1
6480,19,8
6481,9,3
6482,4,10
6483,14,5
6484,12,9
6485,2,4
6486,7,6
6487,17,1
6488,6,4
6489,16,9
6490,11,2
6491,1,7
6492,3,1
6493,13,6
6494,18,3
6495,8,8
6496,13,1
6497,3,6
6498,8,4
6499,18,9
6500,16,5
6501,6,10
6502,1,2
6503,11,7
6504,2,8
6505,12,3
6506,17,6
6507,7,1
6508,10,7
6509,20,2
6510,15,9
6511,5,4
6512,20,9
6513,10,4
6514,5,7
6515,15,2
6516,13,8
6517,3,3
6518,8,10
6519,18,5
6520,7,1
6521,17,6
6522,12,3
6523,2,8
6524,4,5
6525,14,10
6526,19,2
6527,9,7
6528,17,9
6529,7,4
6530,2,7
6531,12,2
6532,15,8
6533,5,3
6534,10,10
6535,20,5
6536,9,1
6537,19,6
6538,14,4
6539,4,9
6540,1,5
6541,11,10
6542,16,2
6543,6,7
6544,12,1
6545,2,6
6546,7,4
6547,17,9
6548,19,5
6549,9,10
6550,4,3
6551,14,8
6552,5,8
6553,15,3
6554,20,6
6555,10,1
6556,8,7
6557,18,2
6558,13,10
6559,3,5
6560,18,7
6561,8,2
6562,3,10
6563,13,5
6564,15,9
6565,5,4
6566,10,6
6567,20,1
6568,9,4
6569,19,9
6570,14,2
6571,4,7
6572,1,1
6573,11,6
6574,16,3
6575,6,8
6576,11,5
6577,1,10
6578,6,3
6579,16,8
6580,18,2
6581,8,7
6582,3,4
6583,13,9
6584,4,7
6585,14,2
6586,19,10
6587,9,5
6588,7,8
6589,17,3
6590,12,6
6591,2,1
6592,10,7
6593,20,2
6594,15,9
6595,5,4
6596,3,8
6597,13,3
6598,18,6
6599,8,1
6600,17,5
6601,7,10
6602,2,2
6603,12,7
6604,14,1
6605,4,6
6606,9,4
6607,19,9
6608,3,5
6609,13,10
6610,18,2
6611,8,7
6612,6,1
6613,16,6
6614,11,3
6615,1,8
6616,12,8
6617,2,3
6618,7,10
6619,17,5
6620,20,9
6621,10,4
6622,5,6
6623,15,1
6624,9,9
6625,19,4
6626,14,6
6627,4,1
6628,2,7
6629,12,2
6630,17,10
6631,7,5
6632,16,2
6633,6,7
6634,1,4
6635,11,9
6636,13,5
6637,3,10
6638,8,3
6639,18,8
6640,4,1
6641,14,6
6642,19,3
6643,9,8
6644,6,4
6645,16,9
6646,11,2
6647,1,7
6648,12,9
6649,2,4
6650,7,6
6651,17,1
6652,20,8
6653,10,3
6654,5,10
6655,15,5
6656,6,10
6657,11,6
6658,16,3
6659,6,8
6660,8,4
6661,18,9
6662,13,2
6663,3,7
6664,14,9
6665,4,4
6666,9,6
6667,19,1
6668,17,7
6669,7,2
6670,2,10
6671,12,5
6672,7,8
6673,17,3
6674,12,6
6675,2,1
6676,5,7
6677,15,2
6678,20,10
6679,10,5
6680,19,1
6681,9,6
6682,4,4
6683,14,9
6684,11,5
6685,1,10
6686,6,3
6687,16,8
6688,1,5
6689,11,10
6690,16,2
6691,6,7
6692,9,1
6693,19,6
6694,14,3
6695,4,8
6696,15,8
6697,5,3
6698,10,10
6699,20,5
6700,18,9
6701,8,4
6702,3,7
6703,13,2
6704,7,7
6705,17,2
6706,12,9
6707,2,4
6708,5,8
6709,15,3
6710,20,6
6711,10,1
6712,18,5
6713,8,10
6714,3,3
6715,13,8
6716,11,1
6717,1,6
6718,6,4
6719,16,9
6720,14,5
6721,4,10
6722,9,3
6723,19,8
6724,16,2
6725,6,7
6726,1,4
6727,11,9
6728,3,7
6729,13,2
6730,18,10
6731,8,5
6732,10,9
6733,20,4
6734,15,6
6735,5,1
6736,19,8
6737,9,3
6738,4,10
6739,14,5
6740,12,9
6741,2,4
6742,7,6
6743,17,1
6744,6,4
6745,16,9
6746,11,2
6747,1,7
6748,3,1
6749,13,6
6750,18,3
6751,8,8
6752,13,1
6753,3,6
6754,8,4
6755,18,9
6756,16,5
6757,6,10
6758,1,2
6759,11,7
6760,2,8
6761,12,3
6762,17,6
6763,7,1
6764,10,7
6765,20,2
6766,15,9
6767,5,4
6768,20,9
6769,10,4
6770,5,7
6771,15,2
6772,13,8
6773,3,3
6774,8,10
6775,18,5
6776,7,1
6777,17,6
6778,12,3
6779,2,8
6780,4,5
6781,14,10
6782,19,2
6783,9,7
6784,17,9
6785,7,4
6786,2,7
6787,12,2
6788,15,8
6789,5,3
6790,10,10
6791,20,5
6792,9,1
6793,19,6
6794,14,4
6795,4,9
6796,1,5
6797,11,10
6798,16,2
6799,6,7
6800,12,1
6801,2,6
6802,7,4
6803,17,9
6804,19,5
6805,9,10
6806,4,3
6807,14,8
6808,5,8
6809,15,3
6810,20,6
6811,10,1
6812,8,7
6813,18,2
6814,13,10
6815,3,5
6816,18,7
6817,8,2
6818,3,10
6819,13,5
6820,15,9
6821,5,4
6822,10,6
6823,20,1
6824,9,4
6825,19,9
6826,14,2
6827,4,7
6828,1,1
6829,11,6
6830,16,3
6831,6,8
6832,11,5
6833,1,10
6834,6,3
6835,16,8
6836,18,2
6837,8,7
6838,3,4
6839,13,9
6840,4,7
6841,14,2
6842,19,10
6843,9,5
6844,7,8
6845,17,3
6846,12,6
6847,2,1
6848,10,7
6849,20,2
6850,15,9
6851,5,4
6852,3,8
6853,13,3
6854,18,6
6855,8,1
6856,17,5
6857,7,10
6858,2,2
6859,12,7
6860,14,1
6861,4,6
6862,9,4
6863,19,9
6864,3,5
6865,13,10
6866,18,2
6867,8,7
6868,6,1
6869,16,6
6870,11,3
6871,1,8
6872,12,8
6873,2,3
6874,7,10
6875,17,5
6876,20,9
6877,10,4
6878,5,6
6879,15,1
6880,9,9
6881,19,4
6882,14,6
6883,4,1
6884,2,7
6885,12,2
6886,17,10
6887,7,5
6888,16,2
6889,6,7
6890,1,4
6891,11,9
6892,13,5
6893,3,10
6894,8,3
6895,18,8
6896,4,1
6897,14,6
6898,19,3
6899,9,8
6900,6,4
6901,16,9
6902,11,2
6903,1,7
6904,12,9
6905,2,4
6906,7,6
6907,17,1
6908,20,8
6909,10,3
6910,5,10
6911,15,5
6912,6,10
6913,11,6
6914,16,3
6915,6,8
6916,8,4
6917,18,9
6918,13,2
6919,3,7
6920,14,9
6921,4,4
6922,9,6
6923,19,1
6924,17,7
6925,7,2
6926,2,10
6927,12,5
6928,7,8
6929,17,3
6930,12,6
6931,2,1
6932,5,7
6933,15,2
6934,20,10
6935,10,5
6936,19,1
6937,9,6
6938,4,4
6939,14,9
6940,11,5
6941,1,10
6942,6,3
6943,16,8
6944,1,5
6945,11,10
6946,16,2
6947,6,7
6948,9,1
6949,19,6
6950,14,3
6951,4,8
6952,15,8
6953,5,3
6954,10,10
6955,20,5
6956,18,9
6957,8,4
6958,3,7
6959,13,2
6960,7,7
6961,17,2
6962,12,9
6963,2,4
6964,5,8
6965,15,3
6966,20,6
6967,10,1
6968,18,5
6969,8,10
6970,3,3
6971,13,8
6972,11,1
6973,1,6
6974,6,4
6975,16,9
6976,14,5
6977,4,10
6978,9,3
6979,19,8
6980,16,2
6981,6,7
6982,1,4
6983,11,9
6984,3,7
6985,13,2
6986,18,10
6987,8,5
6988,10,9
6989,20,4
6990,15,6
6991,5,1
6992,19,8
6993,9,3
6994,4,10
6995,14,5
6996,12,9
6997,2,4
6998,7,6
6999,17,1
7000,6,4
7001,16,9
7002,11,2
7003,1,7
7004,3,1
7005,13,6
7006,18,3
7007,8,8
7008,13,1
7009,3,6
7010,8,4
7011,18,9
7012,16,5
7013,6,10
7014,1,2
7015,11,7
7016,2,8
7017,12,3
7018,17,6
7019,7,1
7020,10,7
7021,20,2
7022,15,9
7023,5,4
7024,20,9
7025,10,4
7026,5,7
7027,15,2
7028,13,8
7029,3,3
7030,8,10
7031,18,5
7032,7,1
7033,17,6
7034,12,3
7035,2,8
7036,4,5
7037,14,10
7038,19,2
7039,9,7
7040,17,9
7041,7,4
7042,2,7
7043,12,2
7044,15,8
7045,5,3
7046,10,10
7047,20,5
7048,9,1
7049,19,6
7050,14,4
7051,4,9
7052,1,5
7053,11,10
7054,16,2
7055,6,7
7056,12,1
7057,2,6
7058,7,4
7059,17,9
7060,19,5
7061,9,10
7062,4,3
7063,14,8
7064,5,8
7065,15,3
7066,20,6
7067,10,1
7068,8,7
7069,18,2
7070,13,10
7071,3,5
7072,18,7
7073,8,2
7074,3,10
7075,13,5
7076,15,9
7077,5,4
7078,10,6
7079,20,1
7080,9,4
7081,19,9
7082,14,2
7083,4,7
7084,1,1
7085,11,6
7086,16,3
7087,6,8
7088,11,5
7089,1,10
7090,6,3
7091,16,8
7092,18,2
7093,8,7
7094,3,4
7095,13,9
7096,4,7
7097,14,2
7098,19,10
7099,9,5
7100,7,8
7101,17,3
7102,12,6
7103,2,1
7104,10,7
7105,20,2
7106,15,9
7107,5,4
7108,3,8
7109,13,3
7110,18,6
7111,8,1
7112,17,5
7113,7,10
7114,2,2
7115,12,7
7116,14,1
7117,4,6
7118,9,4
7119,19,9
7120,3,5
7121,13,10
7122,18,2
7123,8,7
7124,6,1
7125,16,6
7126,11,3
7127,1,8
7128,12,8
7129,2,3
7130,7,10
7131,17,5
7132,20,9
7133,10,4
7134,5,6
7135,15,1
7136,9,9
7137,19,4
7138,14,6
7139,4,1
7140,2,7
7141,12,2
7142,17,10
7143,7,5
7144,16,2
7145,6,7
7146,1,4
7147,11,9
7148,13,5
7149,3,10
7150,8,3
7151,18,8
7152,4,1
7153,14,6
7154,19,3
7155,9,8
7156,6,4
7157,16,9
7158,11,2
7159,1,7
7160,12,9
7161,2,4
7162,7,6
7163,17,1
7164,20,8
7165,10,3
7166,5,10
7167,15,5
7168,6,10
7169,11,6
7170,16,3
7171,6,8
7172,8,4
7173,18,9
7174,13,2
7175,3,7
7176,14,9
7177,4,4
7178,9,6
7179,19,1
7180,17,7
7181,7,2
7182,2,10
7183,12,5
7184,7,8
7185,17,3
7186,12,6
7187,2,1
7188,5,7
7189,15,2
7190,20,10
7191,10,5
7192,19,1
7193,9,6
7194,4,4
7195,14,9
7196,11,5
7197,1,10
7198,6,3
7199,16,8
7200,1,5
7201,11,10
7202,16,2
7203,6,7
7204,9,1
7205,19,6
7206,14,3
7207,4,8
7208,15,8
7209,5,3
7210,10,10
7211,20,5
7212,18,9
7213,8,4
7214,3,7
7215,13,2
7216,7,7
7217,17,2
7218,12,9
7219,2,4
7220,5,8
7221,15,3
7222,20,6
7223,10,1
7224,18,5
7225,8,10
7226,3,3
7227,13,8
7228,11,1
7229,1,6
7230,6,4
7231,16,9
7232,14,5
7233,4,10
7234,9,3
7235,19,8
7236,16,2
7237,6,7
7238,1,4
7239,11,9
7240,3,7
7241,13,2
7242,18,10
7243,8,5
7244,10,9
7245,20,4
7246,15,6
7247,5,1
7248,19,8
7249,9,3
7250,4,10
7251,14,5
7252,12,9
7253,2,4
7254,7,6
7255,17,1
7256,6,4
7257,16,9
7258,11,2
7259,1,7
7260,3,1
7261,13,6
7262,18,3
7263,8,8
7264,13,1
7265,3,6
7266,8,4
7267,18,9
7268,16,5
7269,6,10
7270,1,2
7271,11,7
7272,2,8
7273,12,3
7274,17,6
7275,7,1
7276,10,7
7277,20,2
7278,15,9
7279,5,4
7280,20,9
7281,10,4
7282,5,7
7283,15,2
7284,13,8
7285,3,3
7286,8,10
7287,18,5
7288,7,1
7289,17,6
7290,12,3
7291,2,8
7292,4,5
7293,14,10
7294,19,2
7295,9,7
7296,17,9
7297,7,4
7298,2,7
7299,12,2
7300,15,8
7301,5,3
7302,10,10
7303,20,5
7304,9,1
7305,19,6
7306,14,4
7307,4,9
7308,1,5
7309,11,10
7310,16,2
7311,6,7
7312,12,1
7313,2,6
7314,7,4
7315,17,9
7316,19,5
7317,9,10
7318,4,3
7319,14,8
7320,5,8
7321,15,3
7322,20,6
7323,10,1
7324,8,7
7325,18,2
7326,13,10
7327,3,5
7328,18,7
7329,8,2
7330,3,10
7331,13,5
7332,15,9
7333,5,4
7334,10,6
7335,20,1
7336,9,4
7337,19,9
7338,14,2
7339,4,7
7340,1,1
7341,11,6
7342,16,3
7343,6,8
7344,11,5
7345,1,10
7346,6,3
7347,16,8
7348,18,2
7349,8,7
7350,3,4
7351,13,9
7352,4,7
7353,14,2
7354,19,10
7355,9,5
7356,7,8
7357,17,3
7358,12,6
7359,2,1
7360,10,7
7361,20,2
7362,15,9
7363,5,4
7364,3,8
7365,13,3
7366,18,6
7367,8,1
7368,17,5
7369,7,10
7370,2,2
7371,12,7
7372,14,1
7373,4,6
7374,9,4
7375,19,9
7376,3,5
7377,13,10
7378,18,2
7379,8,7
7380,6,1
7381,16,6
7382,11,3
7383,1,8
7384,12,8
7385,2,3
7386,7,10
7387,17,5
7388,20,9
7389,10,4
7390,5,6
7391,15,1
7392,9,9
7393,19,4
7394,14,6
7395,4,1
7396,2,7
7397,12,2
7398,17,10
7399,7,5
7400,16,2
7401,6,7
7402,1,4
7403,11,9
7404,13,5
7405,3,10
7406,8,3
7407,18,8
7408,4,1
7409,14,6
7410,19,3
7411,9,8
7412,6,4
7413,16,9
7414,11,2
7415,1,7
7416,12,9
7417,2,4
7418,7,6
7419,17,1
7420,20,8
7421,10,3
7422,5,10
7423,15,5
7424,6,10
7425,11,6
7426,16,3
7427,6,8
7428,8,4
7429,18,9
7430,13,2
7431,3,7
7432,14,9
7433,4,4
7434,9,6
7435,19,1
7436,17,7
7437,7,2
7438,2,10
7439,12,5
7440,7,8
7441,17,3
7442,12,6
7443,2,1
7444,5,7
7445,15,2
7446,20,10
7447,10,5
7448,19,1
7449,9,6
7450,4,4
7451,14,9
7452,11,5
7453,1,10
7454,6,3
7455,16,8
7456,1,5
7457,11,10
7458,16,2
7459,6,7
7460,9,1
7461,19,6
7462,14,3
7463,4,8
7464,15,8
7465,5,3
7466,10,10
7467,20,5
7468,18,9
7469,8,4
7470,3,7
7471,13,2
7472,7,7
7473,17,2
7474,12,9
7475,2,4
7476,5,8
7477,15,3
7478,20,6
7479,10,1
7480,18,5
7481,8,10
7482,3,3
7483,13,8
7484,11,1
7485,1,6
7486,6,4
7487,16,9
7488,14,5
7489,4,10
7490,9,3
7491,19,8
7492,16,2
7493,6,7
7494,1,4
7495,11,9
7496,3,7
7497,13,2
7498,18,10
7499,8,5
7500,10,9
7501,20,4
7502,15,6
7503,5,1
7504,19,8
7505,9,3
7506,4,10
7507,14,5
7508,12,9
7509,2,4
7510,7,6
7511,17,1
7512,6,4
7513,16,9
7514,11,2
7515,1,7
7516,3,1
7517,13,6
7518,18,3
7519,8,8
7520,13,1
7521,3,6
7522,8,4
7523,18,9
7524,16,5
7525,6,10
7526,1,2
7527,11,7
7528,2,8
7529,12,3
7530,17,6
7531,7,1
7532,10,7
7533,20,2
7534,15,9
7535,5,4
7536,20,9
7537,10,4
7538,5,7
7539,15,2
7540,13,8
7541,3,3
7542,8,10
7543,18,5
7544,7,1
7545,17,6
7546,12,3
7547,2,8
7548,4,5
7549,14,10
7550,19,2
7551,9,7
7552,17,9
7553,7,4
7554,2,7
7555,12,2
7556,15,8
7557,5,3
7558,10,10
7559,20,5
7560,9,1
7561,19,6
7562,14,4
7563,4,9
7564,1,5
7565,11,10
7566,16,2
7567,6,7
7568,12,1
7569,2,6
7570,7,4
7571,17,9
7572,19,5
7573,9,10
7574,4,3
7575,14,8
7576,5,8
7577,15,3
7578,20,6
7579,10,1
7580,8,7
7581,18,2
7582,13,10
7583,3,5
7584,18,7
7585,8,2
7586,3,10
7587,13,5
7588,15,9
7589,5,4
7590,10,6
7591,20,1
7592,9,4
7593,19,9
7594,14,2
7595,4,7
7596,1,1
7597,11,6
7598,16,3
7599,6,8
7600,11,5
7601,1,10
7602,6,3
7603,16,8
7604,18,2
7605,8,7
7606,3,4
7607,13,9
7608,4,7
7609,14,2
7610,19,10
7611,9,5
7612,7,8
7613,17,3
7614,12,6
7615,2,1
7616,10,7
7617,20,2
7618,15,9
7619,5,4
7620,3,8
7621,13,3
7622,18,6
7623,8,1
7624,17,5
7625,7,10
7626,2,2
7627,12,7
7628,14,1
7629,4,6
7630,9,4
7631,19,9
7632,3,5
7633,13,10
7634,18,2
7635,8,7
7636,6,1
7637,16,6
7638,11,3
7639,1,8
7640,12,8
7641,2,3
7642,7,10
7643,17,5
7644,20,9
7645,10,4
7646,5,6
7647,15,1
7648,9,9
7649,19,4
7650,14,6
7651,4,1
7652,2,7
7653,12,2
7654,17,10
7655,7,5
7656,16,2
7657,6,7
7658,1,4
7659,11,9
7660,13,5
7661,3,10
7662,8,3
7663,18,8
7664,4,1
7665,14,6
7666,19,3
7667,9,8
7668,6,4
7669,16,9
7670,11,2
7671,1,7
7672,12,9
7673,2,4
7674,7,6
7675,17,1
7676,20,8
7677,10,3
7678,5,10
7679,15,5
7680,6,10
7681,11,6
7682,16,3
7683,6,8
7684,8,4
7685,18,9
7686,13,2
7687,3,7
7688,14,9
7689,4,4
7690,9,6
7691,19,1
7692,17,7
7693,7,2
7694,2,10
7695,12,5
7696,7,8
7697,17,3
7698,12,6
7699,2,1
7700,5,7
7701,15,2
7702,20,10
7703,10,5
7704,19,1
7705,9,6
7706,4,4
7707,14,9
7708,11,5
7709,1,10
7710,6,3
7711,16,8
7712,1,5
7713,11,10
7714,16,2
7715,6,7
7716,9,1
7717,19,6
7718,14,3
7719,4,8
7720,15,8
7721,5,3
7722,10,10
7723,20,5
7724,18,9
7725,8,4
7726,3,7
7727,13,2
7728,7,7
7729,17,2
7730,12,9
7731,2,4
7732,5,8
7733,15,3
7734,20,6
7735,10,1
7736,18,5
7737,8,10
7738,3,3
7739,13,8
7740,11,1
7741,1,6
7742,6,4
7743,16,9
7744,14,5
7745,4,10
7746,9,3
7747,19,8
7748,16,2
7749,6,7
7750,1,4
7751,11,9
7752,3,7
7753,13,2
7754,18,10
7755,8,5
7756,10,9
7757,20,4
7758,15,6
7759,5,1
7760,19,8
7761,9,3
7762,4,10
7763,14,5
7764,12,9
7765,2,4
7766,7,6
7767,17,1
7768,6,4
7769,16,9
7770,11,2
7771,1,7
7772,3,1
7773,13,6
7774,18,3
7775,8,8
7776,13,1
7777,3,6
7778,8,4
7779,18,9
7780,16,5
7781,6,10
7782,1,2
7783,11,7
7784,2,8
7785,12,3
7786,17,6
7787,7,1
7788,10,7
7789,20,2
7790,15,9
7791,5,4
7792,20,9
7793,10,4
7794,5,7
7795,15,2
7796,13,8
7797,3,3
7798,8,10
7799,18,5
7800,7,1
7801,17,6
7802,12,3
7803,2,8
7804,4,5
7805,14,10
7806,19,2
7807,9,7
7808,17,9
7809,7,4
7810,2,7
7811,12,2
7812,15,8
7813,5,3
7814,10,10
7815,20,5
7816,9,1
7817,19,6
7818,14,4
7819,4,9
7820,1,5
7821,11,10
7822,16,2
7823,6,7
7824,12,1
7825,2,6
7826,7,4
7827,17,9
7828,19,5
7829,9,10
7830,4,3
7831,14,8
7832,5,8
7833,15,3
7834,20,6
7835,10,1
7836,8,7
7837,18,2
7838,13,10
7839,3,5
7840,18,7
7841,8,2
7842,3,10
7843,13,5
7844,15,9
7845,5,4
7846,10,6
7847,20,1
7848,9,4
7849,19,9
7850,14,2
7851,4,7
7852,1,1
7853,11,6
7854,16,3
7855,6,8
7856,11,5
7857,1,10
7858,6,3
7859,16,8
7860,18,2
7861,8,7
7862,3,4
7863,13,9
7864,4,7
7865,14,2
7866,19,10
7867,9,5
7868,7,8
7869,17,3
7870,12,6
7871,2,1
7872,10,7
7873,20,2
7874,15,9
7875,5,4
7876,3,8
7877,13,3
7878,18,6
7879,8,1
7880,17,5
7881,7,10
7882,2,2
7883,12,7
7884,14,1
7885,4,6
7886,9,4
7887,19,9
7888,3,5
7889,13,10
7890,18,2
7891,8,7
7892,6,1
7893,16,6
7894,11,3
7895,1,8
7896,12,8
7897,2,3
7898,7,10
7899,17,5
7900,20,9
7901,10,4
7902,5,6
7903,15,1
7904,9,9
7905,19,4
7906,14,6
7907,4,1
7908,2,7
7909,12,2
7910,17,10
7911,7,5
7912,16,2
7913,6,7
7914,1,4
7915,11,9
7916,13,5
7917,3,10
7918,8,3
7919,18,8
7920,4,1
7921,14,6
7922,19,3
7923,9,8
7924,6,4
7925,16,9
7926,11,2
7927,1,7
7928,12,9
7929,2,4
7930,7,6
7931,17,1
7932,20,8
7933,10,3
7934,5,10
7935,15,5
7936,6,10
7937,11,6
7938,16,3
7939,6,8
7940,8,4
7941,18,9
7942,13,2
7943,3,7
7944,14,9
7945,4,4
7946,9,6
7947,19,1
7948,17,7
7949,7,2
7950,2,10
7951,12,5
7952,7,8
7953,17,3
7954,12,6
7955,2,1
7956,5,7
7957,15,2
7958,20,10
7959,10,5
7960,19,1
7961,9,6
7962,4,4
7963,14,9
7964,11,5
7965,1,10
7966,6,3
7967,16,8
7968,1,5
7969,11,10
7970,16,2
7971,6,7
7972,9,1
7973,19,6
7974,14,3
7975,4,8
7976,15,8
7977,5,3
7978,10,10
7979,20,5
7980,18,9
7981,8,4
7982,3,7
7983,13,2
7984,7,7
7985,17,2
7986,12,9
7987,2,4
7988,5,8
7989,15,3
7990,20,6
7991,10,1
7992,18,5
7993,8,10
7994,3,3
7995,13,8
7996,11,1
7997,1,6
7998,6,4
7999,16,9
8000,14,5
8001,4,10
8002,9,3
8003,19,8
8004,16,2
8005,6,7
8006,1,4
8007,11,9
8008,3,7
8009,13,2
8010,18,10
8011,8,5
8012,10,9
8013,20,4
8014,15,6
8015,5,1
8016,19,8
8017,9,3
8018,4,10
8019,14,5
8020,12,9
8021,2,4
8022,7,6
8023,17,1
8024,6,4
8025,16,9
8026,11,2
8027,1,7
8028,3,1
8029,13,6
8030,18,3
8031,8,8
8032,13,1
8033,3,6
8034,8,4
8035,18,9
8036,16,5
8037,6,10
8038,1,2
8039,11,7
8040,2,8
8041,12,3
8042,17,6
8043,7,1
8044,10,7
8045,20,2
8046,15,9
8047,5,4
8048,20,9
8049,10,4
8050,5,7
8051,15,2
8052,13,8
8053,3,3
8054,8,10
8055,18,5
8056,7,1
8057,17,6
8058,12,3
8059,2,8
8060,4,5
8061,14,10
8062,19,2
8063,9,7
8064,17,9
8065,7,4
8066,2,7
8067,12,2
8068,15,8
8069,5,3
8070,10,10
8071,20,5
8072,9,1
8073,19,6
8074,14,4
8075,4,9
8076,1,5
8077,11,10
8078,16,2
8079,6,7
8080,12,1
8081,2,6
8082,7,4
8083,17,9
8084,19,5
8085,9,10
8086,4,3
8087,14,8
8088,5,8
8089,15,3
8090,20,6
8091,10,1
8092,8,7
8093,18,2
8094,13,10
8095,3,5
8096,18,7
8097,8,2
8098,3,10
8099,13,5
8100,15,9
8101,5,4
8102,10,6
8103,20,1
8104,9,4
8105,19,9
8106,14,2
8107,4,7
8108,1,1
8109,11,6
8110,16,3
8111,6,8
8112,11,5
8113,1,10
8114,6,3
8115,16,8
8116,18,2
8117,8,7
8118,3,4
8119,13,9
8120,4,7
8121,14,2
8122,19,10
8123,9,5
8124,7,8
8125,17,3
8126,12,6
8127,2,1
8128,10,7
8129,20,2
8130,15,9
8131,5,4
8132,3,8
8133,13,3
8134,18,6
8135,8,1
8136,17,5
8137,7,10
8138,2,2
8139,12,7
8140,14,1
8141,4,6
8142,9,4
8143,19,9
8144,3,5
8145,13,10
8146,18,2
8147,8,7
8148,6,1
8149,16,6
8150,11,3
8151,1,8
8152,12,8
8153,2,3
8154,7,10
8155,17,5
8156,20,9
8157,10,4
8158,5,6
8159,15,1
8160,9,9
8161,19,4
8162,14,6
8163,4,1
8164,2,7
8165,12,2
8166,17,10
8167,7,5
8168,16,2
8169,6,7
8170,1,4
8171,11,9
8172,13,5
8173,3,10
8174,8,3
8175,18,8
8176,4,1
8177,14,6
8178,19,3
8179,9,8
8180,6,4
8181,16,9
8182,11,2
8183,1,7
8184,12,9
8185,2,4
8186,7,6
8187,17,1
8188,20,8
8189,10,3
8190,5,10
8191,15,5
8192,6,10
8193,11,6
8194,16,3
8195,6,8
8196,8,4
8197,18,9
8198,13,2
8199,3,7
8200,14,9
8201,4,4
8202,9,6
8203,19,1
8204,17,7
8205,7,2
8206,2,10
8207,12,5
8208,7,8
8209,17,3
8210,12,6
8211,2,1
8212,5,7
8213,15,2
8214,20,10
8215,10,5
8216,19,1
8217,9,6
8218,4,4
8219,14,9
8220,11,5
8221,1,10
8222,6,3
8223,16,8
8224,1,5
8225,11,10
8226,16,2
8227,6,7
8228,9,1
8229,19,6
8230,14,3
8231,4,8
8232,15,8
8233,5,3
8234,10,10
8235,20,5
8236,18,9
8237,8,4
8238,3,7
8239,13,2
8240,7,7
8241,17,2
8242,12,9
8243,2,4
8244,5,8
8245,15,3
8246,20,6
8247,10,1
8248,18,5
8249,8,10
8250,3,3
8251,13,8
8252,11,1
8253,1,6
8254,6,4
8255,16,9
8256,14,5
8257,4,10
8258,9,3
8259,19,8
8260,16,2
8261,6,7
8262,1,4
8263,11,9
8264,3,7
8265,13,2
8266,18,10
8267,8,5
8268,10,9
8269,20,4
8270,15,6
8271,5,1
8272,19,8
8273,9,3
8274,4,10
8275,14,5
8276,12,9
8277,2,4
8278,7,6
8279,17,1
8280,6,4
8281,16,9
8282,11,2
8283,1,7
8284,3,1
8285,13,6
8286,18,3
8287,8,8
8288,13,1
8289,3,6
8290,8,4
8291,18,9
8292,16,5
8293,6,10
8294,1,2
8295,11,7
8296,2,8
8297,12,3
8298,17,6
8299,7,1
8300,10,7
8301,20,2
8302,15,9
8303,5,4
8304,20,9
8305,10,4
8306,5,7
8307,15,2
8308,13,8
8309,3,3
8310,8,10
8311,18,5
8312,7,1
8313,17,6
8314,12,3
8315,2,8
8316,4,5
8317,14,10
8318,19,2
8319,9,7
8320,17,9
8321,7,4
8322,2,7
8323,12,2
8324,15,8
8325,5,3
8326,10,10
8327,20,5
8328,9,1
8329,19,6
8330,14,4
8331,4,9
8332,1,5
8333,11,10
8334,16,2
8335,6,7
8336,12,1
8337,2,6
8338,7,4
8339,17,9
8340,19,5
8341,9,10
8342,4,3
8343,14,8
8344,5,8
8345,15,3
8346,20,6
8347,10,1
8348,8,7
8349,18,2
8350,13,10
8351,3,5
8352,18,7
8353,8,2
8354,3,10
8355,13,5
8356,15,9
8357,5,4
8358,10,6
8359,20,1
8360,9,4
8361,19,9
8362,14,2
8363,4,7
8364,1,1
8365,11,6
8366,16,3
8367,6,8
8368,11,5
8369,1,10
8370,6,3
8371,16,8
8372,18,2
8373,8,7
8374,3,4
8375,13,9
8376,4,7
8377,14,2
8378,19,10
8379,9,5
8380,7,8
8381,17,3
8382,12,6
8383,2,1
8384,10,7
8385,20,2
8386,15,9
8387,5,4
8388,3,8
8389,13,3
8390,18,6
8391,8,1
8392,17,5
8393,7,10
8394,2,2
8395,12,7
8396,14,1
8397,4,6
8398,9,4
8399,19,9
8400,3,5
8401,13,10
8402,18,2
8403,8,7
8404,6,1
8405,16,6
8406,11,3
8407,1,8
8408,12,8
8409,2,3
8410,7,10
8411,17,5
8412,20,9
8413,10,4
8414,5,6
8415,15,1
8416,9,9
8417,19,4
8418,14,6
8419,4,1
8420,2,7
8421,12,2
8422,17,10
8423,7,5
8424,16,2
8425,6,7
8426,1,4
8427,11,9
8428,13,5
8429,3,10
8430,8,3
8431,18,8
8432,4,1
8433,14,6
8434,19,3
8435,9,8
8436,6,4
8437,16,9
8438,11,2
8439,1,7
8440,12,9
8441,2,4
8442,7,6
8443,17,1
8444,20,8
8445,10,3
8446,5,10
8447,15,5
8448,6,10
8449,11,6
8450,16,3
8451,6,8
8452,8,4
8453,18,9
8454,13,2
8455,3,7
8456,14,9
8457,4,4
8458,9,6
8459,19,1
8460,17,7
8461,7,2
8462,2,10
8463,12,5
8464,7,8
8465,17,3
8466,12,6
8467,2,1
8468,5,7
8469,15,2
8470,20,10
8471,10,5
8472,19,1
8473,9,6
8474,4,4
8475,14,9
8476,11,5
8477,1,10
8478,6,3
8479,16,8
8480,1,5
8481,11,10
8482,16,2
8483,6,7
8484,9,1
8485,19,6
8486,14,3
8487,4,8
8488,15,8
8489,5,3
8490,10,10
8491,20,5
8492,18,9
8493,8,4
8494,3,7
8495,13,2
8496,7,7
8497,17,2
8498,12,9
8499,2,4
8500,5,8
8501,15,3
8502,20,6
8503,10,1
8504,18,5
8505,8,10
8506,3,3
8507,13,8
8508,11,1
8509,1,6
8510,6,4
8511,16,9
8512,14,5
8513,4,10
8514,9,3
8515,19,8
8516,16,2
8517,6,7
8518,1,4
8519,11,9
8520,3,7
8521,13,2
8522,18,10
8523,8,5
8524,10,9
8525,20,4
8526,15,6
8527,5,1
8528,19,8
8529,9,3
8530,4,10
8531,14,5
8532,12,9
8533,2,4
8534,7,6
8535,17,1
8536,6,4
8537,16,9
8538,11,2
8539,1,7
8540,3,1
8541,13,6
8542,18,3
8543,8,8
8544,13,1
8545,3,6
8546,8,4
8547,18,9
8548,16,5
8549,6,10
8550,1,2
8551,11,7
8552,2,8
8553,12,3
8554,17,6
8555,7,1
8556,10,7
8557,20,2
8558,15,9
8559,5,4
8560,20,9
8561,10,4
8562,5,7
8563,15,2
8564,13,8
8565,3,3
8566,8,10
8567,18,5
8568,7,1
8569,17,6
8570,12,3
8571,2,8
8572,4,5
8573,14,10
8574,19,2
8575,9,7
8576,17,9
8577,7,4
8578,2,7
8579,12,2
8580,15,8
8581,5,3
8582,10,10
8583,20,5
8584,9,1
8585,19,6
8586,14,4
8587,4,9
8588,1,5
8589,11,10
8590,16,2
8591,6,7
8592,12,1
8593,2,6
8594,7,4
8595,17,9
8596,19,5
8597,9,10
8598,4,3
8599,14,8
8600,5,8
8601,15,3
8602,20,6
8603,10,1
8604,8,7
8605,18,2
8606,13,10
8607,3,5
8608,18,7
8609,8,2
8610,3,10
8611,13,5
8612,15,9
8613,5,4
8614,10,6
8615,20,1
8616,9,4
8617,19,9
8618,14,2
8619,4,7
8620,1,1
8621,11,6
8622,16,3
8623,6,8
8624,11,5
8625,1,10
8626,6,3
8627,16,8
8628,18,2
8629,8,7
8630,3,4
8631,13,9
8632,4,7
8633,14,2
8634,19,10
8635,9,5
8636,7,8
8637,17,3
8638,12,6
8639,2,1
8640,10,7
8641,20,2
8642,15,9
8643,5,4
8644,3,8
8645,13,3
8646,18,6
8647,8,1
8648,17,5
8649,7,10
8650,2,2
8651,12,7
8652,14,1
8653,4,6
8654,9,4
8655,19,9
8656,3,5
8657,13,10
8658,18,2
8659,8,7
8660,6,1
8661,16,6
8662,11,3
8663,1,8
8664,12,8
8665,2,3
8666,7,10
8667,17,5
8668,20,9
8669,10,4
8670,5,6
8671,15,1
8672,9,9
8673,19,4
8674,14,6
8675,4,1
8676,2,7
8677,12,2
8678,17,10
8679,7,5
8680,16,2
8681,6,7
8682,1,4
8683,11,9
8684,13,5
8685,3,10
8686,8,3
8687,18,8
8688,4,1
8689,14,6
8690,19,3
8691,9,8
8692,6,4
8693,16,9
8694,11,2
8695,1,7
8696,12,9
8697,2,4
8698,7,6
8699,17,1
8700,20,8
8701,10,3
8702,5,10
8703,15,5
8704,6,10
8705,11,6
8706,16,3
8707,6,8
8708,8,4
8709,18,9
8710,13,2
8711,3,7
8712,14,9
8713,4,4
8714,9,6
8715,19,1
8716,17,7
8717,7,2
8718,2,10
8719,12,5
8720,7,8
8721,17,3
8722,12,6
8723,2,1
8724,5,7
8725,15,2
8726,20,10
8727,10,5
8728,19,1
8729,9,6
8730,4,4
8731,14,9
8732,11,5
8733,1,10
8734,6,3
8735,16,8
8736,1,5
8737,11,10
8738,16,2
8739,6,7
8740,9,1
8741,19,6
8742,14,3
8743,4,8
8744,15,8
8745,5,3
8746,10,10
8747,20,5
8748,18,9
8749,8,4
8750,3,7
8751,13,2
8752,7,7
8753,17,2
8754,12,9
8755,2,4
8756,5,8
8757,15,3
8758,20,6
8759,10,1
8760,18,5
8761,8,10
8762,3,3
8763,13,8
8764,11,1
8765,1,6
8766,6,4
8767,16,9
8768,14,5
8769,4,10
8770,9,3
8771,19,8
8772,16,2
8773,6,7
8774,1,4
8775,11,9
8776,3,7
8777,13,2
8778,18,10
8779,8,5
8780,10,9
8781,20,4
8782,15,6
8783,5,1
8784,19,8
8785,9,3
8786,4,10
8787,14,5
8788,12,9
8789,2,4
8790,7,6
8791,17,1
8792,6,4
8793,16,9
8794,11,2
8795,1,7
8796,3,1
8797,13,6
8798,18,3
8799,8,8
8800,13,1
8801,3,6
8802,8,4
8803,18,9
8804,16,5
8805,6,10
8806,1,2
8807,11,7
8808,2,8
8809,12,3
8810,17,6
8811,7,1
8812,10,7
8813,20,2
8814,15,9
8815,5,4
8816,20,9
8817,10,4
8818,5,7
8819,15,2
8820,13,8
8821,3,3
8822,8,10
8823,18,5
8824,7,1
8825,17,6
8826,12,3
8827,2,8
8828,4,5
8829,14,10
8830,19,2
8831,9,7
8832,17,9
8833,7,4
8834,2,7
8835,12,2
8836,15,8
8837,5,3
8838,10,10
8839,20,5
8840,9,1
8841,19,6
8842,14,4
8843,4,9
8844,1,5
8845,11,10
8846,16,2
8847,6,7
8848,12,1
8849,2,6
8850,7,4
8851,17,9
8852,19,5
8853,9,10
8854,4,3
8855,14,8
8856,5,8
8857,15,3
8858,20,6
8859,10,1
8860,8,7
8861,18,2
8862,13,10
8863,3,5
8864,18,7
8865,8,2
8866,3,10
8867,13,5
8868,15,9
8869,5,4
8870,10,6
8871,20,1
8872,9,4
8873,19,9
8874,14,2
8875,4,7
8876,1,1
8877,11,6
8878,16,3
8879,6,8
8880,11,5
8881,1,10
8882,6,3
8883,16,8
8884,18,2
8885,8,7
8886,3,4
8887,13,9
8888,4,7
8889,14,2
8890,19,10
8891,9,5
8892,7,8
8893,17,3
8894,12,6
8895,2,1
8896,10,7
8897,20,2
8898,15,9
8899,5,4
8900,3,8
8901,13,3
8902,18,6
8903,8,1
8904,17,5
8905,7,10
8906,2,2
8907,12,7
8908,14,1
8909,4,6
8910,9,4
8911,19,9
8912,3,5
8913,13,10
8914,18,2
8915,8,7
8916,6,1
8917,16,6
8918,11,3
8919,1,8
8920,12,8
8921,2,3
8922,7,10
8923,17,5
8924,20,9
8925,10,4
8926,5,6
8927,15,1
8928,9,9
8929,19,4
8930,14,6
8931,4,1
8932,2,7
8933,12,2
8934,17,10
8935,7,5
8936,16,2
8937,6,7
8938,1,4
8939,11,9
8940,13,5
8941,3,10
8942,8,3
8943,18,8
8944,4,1
8945,14,6
8946,19,3
8947,9,8
8948,6,4
8949,16,9
8950,11,2
8951,1,7
8952,12,9
8953,2,4
8954,7,6
8955,17,1
8956,20,8
8957,10,3
8958,5,10
8959,15,5
8960,6,10
8961,11,6
8962,16,3
8963,6,8
8964,8,4
8965,18,9
8966,13,2
8967,3,7
8968,14,9
8969,4,4
8970,9,6
8971,19,1
8972,17,7
8973,7,2
8974,2,10
8975,12,5
8976,7,8
8977,17,3
8978,12,6
8979,2,1
8980,5,7
8981,15,2
8982,20,10
8983,10,5
8984,19,1
8985,9,6
8986,4,4
8987,14,9
8988,11,5
8989,1,10
8990,6,3
8991,16,8
8992,1,5
8993,11,10
8994,16,2
8995,6,7
8996,9,1
8997,19,6
8998,14,3
8999,4,8
9000,15,8
9001,5,3
9002,10,10
9003,20,5
9004,18,9
9005,8,4
9006,3,7
9007,13,2
9008,7,7
9009,17,2
9010,12,9
9011,2,4
9012,5,8
9013,15,3
9014,20,6
9015,10,1
9016,18,5
9017,8,10
9018,3,3
9019,13,8
9020,11,1
9021,1,6
9022,6,4
9023,16,9
9024,14,5
9025,4,10
9026,9,3
9027,19,8
9028,16,2
9029,6,7
9030,1,4
9031,11,9
9032,3,7
9033,13,2
9034,18,10
9035,8,5
9036,10,9
9037,20,4
9038,15,6
9039,5,1
9040,19,8
9041,9,3
9042,4,10
9043,14,5
9044,12,9
9045,2,4
9046,7,6
9047,17,1
9048,6,4
9049,16,9
9050,11,2
9051,1,7
9052,3,1
9053,13,6
9054,18,3
9055,8,8
9056,13,1
9057,3,6
9058,8,4
9059,18,9
9060,16,5
9061,6,10
9062,1,2
9063,11,7
9064,2,8
9065,12,3
9066,17,6
9067,7,1
9068,10,7
9069,20,2
9070,15,9
9071,5,4
9072,20,9
9073,10,4
9074,5,7
9075,15,2
9076,13,8
9077,3,3
9078,8,10
9079,18,5
9080,7,1
9081,17,6
9082,12,3
9083,2,8
9084,4,5
9085,14,10
9086,19,2
9087,9,7
9088,17,9
9089,7,4
9090,2,7
9091,12,2
9092,15,8
9093,5,3
9094,10,10
9095,20,5
9096,9,1
9097,19,6
9098,14,4
9099,4,9
9100,1,5
9101,11,10
9102,16,2
9103,6,7
9104,12,1
9105,2,6
9106,7,4
9107,17,9
9108,19,5
9109,9,10
9110,4,3
9111,14,8
9112,5,8
9113,15,3
9114,20,6
9115,10,1
9116,8,7
9117,18,2
9118,13,10
9119,3,5
9120,18,7
9121,8,2
9122,3,10
9123,13,5
9124,15,9
9125,5,4
9126,10,6
9127,20,1
9128,9,4
9129,19,9
9130,14,2
9131,4,7
9132,1,1
9133,11,6
9134,16,3
9135,6,8
9136,11,5
9137,1,10
9138,6,3
9139,16,8
9140,18,2
9141,8,7
9142,3,4
9143,13,9
9144,4,7
9145,14,2
9146,19,10
9147,9,5
9148,7,8
9149,17,3
9150,12,6
9151,2,1
9152,10,7
9153,20,2
9154,15,9
9155,5,4
9156,3,8
9157,13,3
9158,18,6
9159,8,1
9160,17,5
9161,7,10
9162,2,2
9163,12,7
9164,14,1
9165,4,6
9166,9,4
9167,19,9
9168,3,5
9169,13,10
9170,18,2
9171,8,7
9172,6,1
9173,16,6
9174,11,3
9175,1,8
9176,12,8
9177,2,3
9178,7,10
9179,17,5
9180,20,9
9181,10,4
9182,5,6
9183,15,1
9184,9,9
9185,19,4
9186,14,6
9187,4,1
9188,2,7
9189,12,2
9190,17,10
9191,7,5
9192,16,2
9193,6,7
9194,1,4
9195,11,9
9196,13,5
9197,3,10
9198,8,3
9199,18,8
9200,4,1
9201,14,6
9202,19,3
9203,9,8
9204,6,4
9205,16,9
9206,11,2
9207,1,7
9208,12,9
9209,2,4
9210,7,6
9211,17,1
9212,20,8
9213,10,3
9214,5,10
9215,15,5
9216,6,10
9217,11,6
9218,16,3
9219,6,8
9220,8,4
9221,18,9
9222,13,2
9223,3,7
9224,14,9
9225,4,4
9226,9,6
9227,19,1
9228,17,7
9229,7,2
9230,2,10
9231,12,5
9232,7,8
9233,17,3
9234,12,6
9235,2,1
9236,5,7
9237,15,2
9238,20,10
9239,10,5
9240,19,1
9241,9,6
9242,4,4
9243,14,9
9244,11,5
9245,1,10
9246,6,3
9247,16,8
9248,1,5
9249,11,10
9250,16,2
9251,6,7
9252,9,1
9253,19,6
9254,14,3
9255,4,8
9256,15,8
9257,5,3
9258,10,10
9259,20,5
9260,18,9
9261,8,4
9262,3,7
9263,13,2
9264,7,7
9265,17,2
9266,12,9
9267,2,4
9268,5,8
9269,15,3
9270,20,6
9271,10,1
9272,18,5
9273,8,10
9274,3,3
9275,13,8
9276,11,1
9277,1,6
9278,6,4
9279,16,9
9280,14,5
9281,4,10
9282,9,3
9283,19,8
9284,16,2
9285,6,7
9286,1,4
9287,11,9
9288,3,7
9289,13,2
9290,18,10
9291,8,5
9292,10,9
9293,20,4
9294,15,6
9295,5,1
9296,19,8
9297,9,3
9298,4,10
9299,14,5
9300,12,9
9301,2,4
9302,7,6
9303,17,1
9304,6,4
9305,16,9
9306,11,2
9307,1,7
9308,3,1
9309,13,6
9310,18,3
9311,8,8
9312,13,1
9313,3,6
9314,8,4
9315,18,9
9316,16,5
9317,6,10
9318,1,2
9319,11,7
9320,2,8
9321,12,3
9322,17,6
9323,7,1
9324,10,7
9325,20,2
9326,15,9
9327,5,4
9328,20,9
9329,10,4
9330,5,7
9331,15,2
9332,13,8
9333,3,3
9334,8,10
9335,18,5
9336,7,1
9337,17,6
9338,12,3
9339,2,8
9340,4,5
9341,14,10
9342,19,2
9343,9,7
9344,17,9
9345,7,4
9346,2,7
9347,12,2
9348,15,8
9349,5,3
9350,10,10
9351,20,5
9352,9,1
9353,19,6
9354,14,4
9355,4,9
9356,1,5
9357,11,10
9358,16,2
9359,6,7
9360,12,1
9361,2,6
9362,7,4
9363,17,9
9364,19,5
9365,9,10
9366,4,3
9367,14,8
9368,5,8
9369,15,3
9370,20,6
9371,10,1
9372,8,7
9373,18,2
9374,13,10
9375,3,5
9376,18,7
9377,8,2
9378,3,10
9379,13,5
9380,15,9
9381,5,4
9382,10,6
9383,20,1
9384,9,4
9385,19,9
9386,14,2
9387,4,7
9388,1,1
9389,11,6
9390,16,3
9391,6,8
9392,11,5
9393,1,10
9394,6,3
9395,16,8
9396,18,2
9397,8,7
9398,3,4
9399,13,9
9400,4,7
9401,14,2
9402,19,10
9403,9,5
9404,7,8
9405,17,3
9406,12,6
9407,2,1
9408,10,7
9409,20,2
9410,15,9
9411,5,4
9412,3,8
9413,13,3
9414,18,6
9415,8,1
9416,17,5
9417,7,10
9418,2,2
9419,12,7
9420,14,1
9421,4,6
9422,9,4
9423,19,9
9424,3,5
9425,13,10
9426,18,2
9427,8,7
9428,6,1
9429,16,6
9430,11,3
9431,1,8
9432,12,8
9433,2,3
9434,7,10
9435,17,5
9436,20,9
9437,10,4
9438,5,6
9439,15,1
9440,9,9
9441,19,4
9442,14,6
9443,4,1
9444,2,7
9445,12,2
9446,17,10
9447,7,5
9448,16,2
9449,6,7
9450,1,4
9451,11,9
9452,13,5
9453,3,10
9454,8,3
9455,18,8
9456,4,1
9457,14,6
9458,19,3
9459,9,8
9460,6,4
9461,16,9
9462,11,2
9463,1,7
9464,12,9
9465,2,4
9466,7,6
9467,17,1
9468,20,8
9469,10,3
9470,5,10
9471,15,5
9472,6,10
9473,11,6
9474,16,3
9475,6,8
9476,8,4
9477,18,9
9478,13,2
9479,3,7
9480,14,9
9481,4,4
9482,9,6
9483,19,1
9484,17,7
9485,7,2
9486,2,10
9487,12,5
9488,7,8
9489,17,3
9490,12,6
9491,2,1
9492,5,7
9493,15,2
9494,20,10
9495,10,5
9496,19,1
9497,9,6
9498,4,4
9499,14,9
9500,11,5
9501,1,10
9502,6,3
9503,16,8
9504,1,5
9505,11,10
9506,16,2
9507,6,7
9508,9,1
9509,19,6
9510,14,3
9511,4,8
9512,15,8
9513,5,3
9514,10,10
9515,20,5
9516,18,9
9517,8,4
9518,3,7
9519,13,2
9520,7,7
9521,17,2
9522,12,9
9523,2,4
9524,5,8
9525,15,3
9526,20,6
9527,10,1
9528,18,5
9529,8,10
9530,3,3
9531,13,8
9532,11,1
9533,1,6
9534,6,4
9535,16,9
9536,14,5
9537,4,10
9538,9,3
9539,19,8
9540,16,2
9541,6,7
9542,1,4
9543,11,9
9544,3,7
9545,13,2
9546,18,10
9547,8,5
9548,10,9
9549,20,4
9550,15,6
9551,5,1
9552,19,8
9553,9,3
9554,4,10
9555,14,5
9556,12,9
9557,2,4
9558,7,6
9559,17,1
9560,6,4
9561,16,9
9562,11,2
9563,1,7
9564,3,1
9565,13,6
9566,18,3
9567,8,8
9568,13,1
9569,3,6
9570,8,4
9571,18,9
9572,16,5
9573,6,10
9574,1,2
9575,11,7
9576,2,8
9577,12,3
9578,17,6
9579,7,1
9580,10,7
9581,20,2
9582,15,9
9583,5,4
9584,20,9
9585,10,4
9586,5,7
9587,15,2
9588,13,8
9589,3,3
9590,8,10
9591,18,5
9592,7,1
9593,17,6
9594,12,3
9595,2,8
9596,4,5
9597,14,10
9598,19,2
9599,9,7
9600,17,9
9601,7,4
9602,2,7
9603,12,2
9604,15,8
9605,5,3
9606,10,10
9607,20,5
9608,9,1
9609,19,6
9610,14,4
9611,4,9
9612,1,5
9613,11,10
9614,16,2
9615,6,7
9616,12,1
9617,2,6
9618,7,4
9619,17,9
9620,19,5
9621,9,10
9622,4,3
9623,14,8
9624,5,8
9625,15,3
9626,20,6
9627,10,1
9628,8,7
9629,18,2
9630,13,10
9631,3,5
9632,18,7
9633,8,2
9634,3,10
9635,13,5
9636,15,9
9637,5,4
9638,10,6
9639,20,1
9640,9,4
9641,19,9
9642,14,2
9643,4,7
9644,1,1
9645,11,6
9646,16,3
9647,6,8
9648,11,5
9649,1,10
9650,6,3
9651,16,8
9652,18,2
9653,8,7
9654,3,4
9655,13,9
9656,4,7
9657,14,2
9658,19,10
9659,9,5
9660,7,8
9661,17,3
9662,12,6
9663,2,1
9664,10,7
9665,20,2
9666,15,9
9667,5,4
9668,3,8
9669,13,3
9670,18,6
9671,8,1
9672,17,5
9673,7,10
9674,2,2
9675,12,7
9676,14,1
9677,4,6
9678,9,4
9679,19,9
9680,3,5
9681,13,10
9682,18,2
9683,8,7
9684,6,1
9685,16,6
9686,11,3
9687,1,8
9688,12,8
9689,2,3
9690,7,10
9691,17,5
9692,20,9
9693,10,4
9694,5,6
9695,15,1
9696,9,9
9697,19,4
9698,14,6
9699,4,1
9700,2,7
9701,12,2
9702,17,10
9703,7,5
9704,16,2
9705,6,7
9706,1,4
9707,11,9
9708,13,5
9709,3,10
9710,8,3
9711,18,8
9712,4,1
9713,14,6
9714,19,3
9715,9,8
9716,6,4
9717,16,9
9718,11,2
9719,1,7
9720,12,9
9721,2,4
9722,7,6
9723,17,1
9724,20,8
9725,10,3
9726,5,10
9727,15,5
9728,6,10
9729,11,6
9730,16,3
9731,6,8
9732,8,4
9733,18,9
9734,13,2
9735,3,7
9736,14,9
9737,4,4
9738,9,6
9739,19,1
9740,17,7
9741,7,2
9742,2,10
9743,12,5
9744,7,8
9745,17,3
9746,12,6
9747,2,1
9748,5,7
9749,15,2
9750,20,10
9751,10,5
9752,19,1
9753,9,6
9754,4,4
9755,14,9
9756,11,5
9757,1,10
9758,6,3
9759,16,8
9760,1,5
9761,11,10
9762,16,2
9763,6,7
9764,9,1
9765,19,6
9766,14,3
9767,4,8
9768,15,8
9769,5,3
9770,10,10
9771,20,5
9772,18,9
9773,8,4
9774,3,7
9775,13,2
9776,7,7
9777,17,2
9778,12,9
9779,2,4
9780,5,8
9781,15,3
9782,20,6
9783,10,1
9784,18,5
9785,8,10
9786,3,3
9787,13,8
9788,11,1
9789,1,6
9790,6,4
9791,16,9
9792,14,5
9793,4,10
9794,9,3
9795,19,8
9796,16,2
9797,6,7
9798,1,4
9799,11,9
9800,3,7
9801,13,2
9802,18,10
9803,8,5
9804,10,9
9805,20,4
9806,15,6
9807,5,1
9808,19,8
9809,9,3
9810,4,10
9811,14,5
9812,12,9
9813,2,4
9814,7,6
9815,17,1
9816,6,4
9817,16,9
9818,11,2
9819,1,7
9820,3,1
9821,13,6
9822,18,3
9823,8,8
9824,13,1
9825,3,6
9826,8,4
9827,18,9
9828,16,5
9829,6,10
9830,1,2
9831,11,7
9832,2,8
9833,12,3
9834,17,6
9835,7,1
9836,10,7
9837,20,2
9838,15,9
9839,5,4
9840,20,9
9841,10,4
9842,5,7
9843,15,2
9844,13,8
9845,3,3
9846,8,10
9847,18,5
9848,7,1
9849,17,6
9850,12,3
9851,2,8
9852,4,5
9853,14,10
9854,19,2
9855,9,7
9856,17,9
9857,7,4
9858,2,7
9859,12,2
9860,15,8
9861,5,3
9862,10,10
9863,20,5
9864,9,1
9865,19,6
9866,14,4
9867,4,9
9868,1,5
9869,11,10
9870,16,2
9871,6,7
9872,12,1
9873,2,6
9874,7,4
9875,17,9
9876,19,5
9877,9,10
9878,4,3
9879,14,8
9880,5,8
9881,15,3
9882,20,6
9883,10,1
9884,8,7
9885,18,2
9886,13,10
9887,3,5
9888,18,7
9889,8,2
9890,3,10
9891,13,5
9892,15,9
9893,5,4
9894,10,6
9895,20,1
9896,9,4
9897,19,9
9898,14,2
9899,4,7
9900,1,1
9901,11,6
9902,16,3
9903,6,8
9904,11,5
9905,1,10
9906,6,3
9907,16,8
9908,18,2
9909,8,7
9910,3,4
9911,13,9
9912,4,7
9913,14,2
9914,19,10
9915,9,5
9916,7,8
9917,17,3
9918,12,6
9919,2,1
9920,10,7
9921,20,2
9922,15,9
9923,5,4
9924,3,8
9925,13,3
9926,18,6
9927,8,1
9928,17,5
9929,7,10
9930,2,2
9931,12,7
9932,14,1
9933,4,6
9934,9,4
9935,19,9
9936,3,5
9937,13,10
9938,18,2
9939,8,7
9940,6,1
9941,16,6
9942,11,3
9943,1,8
9944,12,8
9945,2,3
9946,7,10
9947,17,5
9948,20,9
9949,10,4
9950,5,6
9951,15,1
9952,9,9
9953,19,4
9954,14,6
9955,4,1
9956,2,7
9957,12,2
9958,17,10
9959,7,5
9960,16,2
9961,6,7
9962,1,4
9963,11,9
9964,13,5
9965,3,10
9966,8,3
9967,18,8
9968,4,1
9969,14,6
9970,19,3
9971,9,8
9972,6,4
9973,16,9
9974,11,2
9975,1,7
9976,12,9
9977,2,4
9978,7,6
9979,17,1
9980,20,8
9981,10,3
9982,5,10
9983,15,5
9984,6,10
9985,11,6
9986,16,3
9987,6,8
9988,8,4
9989,18,9
9990,13,2
9991,3,7
9992,14,9
9993,4,4
9994,9,6
9995,19,1
9996,17,7
9997,7,2
9998,2,10
9999,12,5
10000,7,8
10001,17,3
10002,12,6
10003,2,1
10004,5,7
10005,15,2
10006,20,10
10007,10,5
10008,19,1
10009,9,6
10010,4,4
10011,14,9
10012,11,5
10013,1,10
10014,6,3
10015,16,8
10016,1,5
10017,11,10
10018,16,2
10019,6,7
10020,9,1
10021,19,6
10022,14,3
10023,4,8
10024,15,8
10025,5,3
10026,10,10
10027,20,5
10028,18,9
10029,8,4
10030,3,7
10031,13,2
10032,7,7
10033,17,2
10034,12,9
10035,2,4
10036,5,8
10037,15,3
10038,20,6
10039,10,1
10040,18,5
10041,8,10
10042,3,3
10043,13,8
10044,11,1
10045,1,6
10046,6,4
10047,16,9
10048,14,5
10049,4,10
10050,9,3
10051,19,8
10052,16,2
10053,6,7
10054,1,4
10055,11,9
10056,3,7
10057,13,2
10058,18,10
10059,8,5
10060,10,9
10061,20,4
10062,15,6
10063,5,1
10064,19,8
10065,9,3
10066,4,10
10067,14,5
10068,12,9
10069,2,4
10070,7,6
10071,17,1
10072,6,4
10073,16,9
10074,11,2
10075,1,7
10076,3,1
10077,13,6
10078,18,3
10079,8,8
10080,13,1
10081,3,6
10082,8,4
10083,18,9
10084,16,5
10085,6,10
10086,1,2
10087,11,7
10088,2,8
10089,12,3
10090,17,6
10091,7,1
10092,10,7
10093,20,2
10094,15,9
10095,5,4
10096,20,9
10097,10,4
10098,5,7
10099,15,2
10100,13,8
10101,3,3
10102,8,10
10103,18,5
10104,7,1
10105,17,6
10106,12,3
10107,2,8
10108,4,5
10109,14,10
10110,19,2
10111,9,7
10112,17,9
10113,7,4
10114,2,7
10115,12,2
10116,15,8
10117,5,3
10118,10,10
10119,20,5
10120,9,1
10121,19,6
10122,14,4
10123,4,9
10124,1,5
10125,11,10
10126,16,2
10127,6,7
10128,12,1
10129,2,6
10130,7,4
10131,17,9
10132,19,5
10133,9,10
10134,4,3
10135,14,8
10136,5,8
10137,15,3
10138,20,6
10139,10,1
10140,8,7
10141,18,2
10142,13,10
10143,3,5
10144,18,7
10145,8,2
10146,3,10
10147,13,5
10148,15,9
10149,5,4
10150,10,6
10151,20,1
10152,9,4
10153,19,9
10154,14,2
10155,4,7
10156,1,1
10157,11,6
10158,16,3
10159,6,8
10160,11,5
10161,1,10
10162,6,3
10163,16,8
10164,18,2
10165,8,7
10166,3,4
10167,13,9
10168,4,7
10169,14,2
10170,19,10
10171,9,5
10172,7,8
10173,17,3
10174,12,6
10175,2,1
10176,10,7
10177,20,2
10178,15,9
10179,5,4
10180,3,8
10181,13,3
10182,18,6
10183,8,1
10184,17,5
10185,7,10
10186,2,2
10187,12,7
10188,14,1
10189,4,6
10190,9,4
10191,19,9
10192,3,5
10193,13,10
10194,18,2
10195,8,7
10196,6,1
10197,16,6
10198,11,3
10199,1,8
10200,12,8
10201,2,3
10202,7,10
10203,17,5
10204,20,9
10205,10,4
10206,5,6
10207,15,1
10208,9,9
10209,19,4
10210,14,6
10211,4,1
10212,2,7
10213,12,2
10214,17,10
10215,7,5
10216,16,2
10217,6,7
10218,1,4
10219,11,9
10220,13,5
10221,3,10
10222,8,3
10223,18,8
10224,4,1
10225,14,6
10226,19,3
10227,9,8
10228,6,4
10229,16,9
10230,11,2
10231,1,7
10232,12,9
10233,2,4
10234,7,6
10235,17,1
10236,20,8
10237,10,3
10238,5,10
10239,15,5
10240,6,10
10241,11,6
10242,16,3
10243,6,8
10244,8,4
10245,18,9
10246,13,2
10247,3,7
10248,14,9
10249,4,4
10250,9,6
10251,19,1
10252,17,7
10253,7,2
10254,2,10
10255,12,5
10256,7,8
10257,17,3
10258,12,6
10259,2,1
10260,5,7
10261,15,2
10262,20,10
10263,10,5
10264,19,1
10265,9,6
10266,4,4
10267,14,9
10268,11,5
10269,1,10
10270,6,3
10271,16,8
10272,1,5
10273,11,10
10274,16,2
10275,6,7
10276,9,1
10277,19,6
10278,14,3
10279,4,8
10280,15,8
10281,5,3
10282,10,10
10283,20,5
10284,18,9
10285,8,4
10286,3,7
10287,13,2
10288,7,7
10289,17,2
10290,12,9
10291,2,4
10292,5,8
10293,15,3
10294,20,6
10295,10,1
10296,18,5
10297,8,10
10298,3,3
10299,13,8
10300,11,1
10301,1,6
10302,6,4
10303,16,9
10304,14,5
10305,4,10
10306,9,3
10307,19,8
10308,16,2
10309,6,7
10310,1,4
10311,11,9
10312,3,7
10313,13,2
10314,18,10
10315,8,5
10316,10,9
10317,20,4
10318,15,6
10319,5,1
10320,19,8
10321,9,3
10322,4,10
10323,14,5
10324,12,9
10325,2,4
10326,7,6
10327,17,1
10328,6,4
10329,16,9
10330,11,2
10331,1,7
10332,3,1
10333,13,6
10334,18,3
10335,8,8
10336,13,1
10337,3,6
10338,8,4
10339,18,9
10340,16,5
10341,6,10
10342,1,2
10343,11,7
10344,2,8
10345,12,3
10346,17,6
10347,7,1
10348,10,7
10349,20,2
10350,15,9
10351,5,4
10352,20,9
10353,10,4
10354,5,7
10355,15,2
10356,13,8
10357,3,3
10358,8,10
10359,18,5
10360,7,1
10361,17,6
10362,12,3
10363,2,8
10364,4,5
10365,14,10
10366,19,2
10367,9,7
10368,17,9
10369,7,4
10370,2,7
10371,12,2
10372,15,8
10373,5,3
10374,10,10
10375,20,5
10376,9,1
10377,19,6
10378,14,4
10379,4,9
10380,1,5
10381,11,10
10382,16,2
10383,6,7
10384,12,1
10385,2,6
10386,7,4
10387,17,9
10388,19,5
10389,9,10
10390,4,3
10391,14,8
10392,5,8
10393,15,3
10394,20,6
10395,10,1
10396,8,7
10397,18,2
10398,13,10
10399,3,5
10400,18,7
10401,8,2
10402,3,10
10403,13,5
10404,15,9
10405,5,4
10406,10,6
10407,20,1
10408,9,4
10409,19,9
10410,14,2
10411,4,7
10412,1,1
10413,11,6
10414,16,3
10415,6,8
10416,11,5
10417,1,10
10418,6,3
10419,16,8
10420,18,2
10421,8,7
10422,3,4
10423,13,9
10424,4,7
10425,14,2
10426,19,10
10427,9,5
10428,7,8
10429,17,3
10430,12,6
10431,2,1
10432,10,7
10433,20,2
10434,15,9
10435,5,4
10436,3,8
10437,13,3
10438,18,6
10439,8,1
10440,17,5
10441,7,10
10442,2,2
10443,12,7
10444,14,1
10445,4,6
10446,9,4
10447,19,9
10448,3,5
10449,13,10
10450,18,2
10451,8,7
10452,6,1
10453,16,6
10454,11,3
10455,1,8
10456,12,8
10457,2,3
10458,7,10
10459,17,5
10460,20,9
10461,10,4
10462,5,6
10463,15,1
10464,9,9
10465,19,4
10466,14,6
10467,4,1
10468,2,7
10469,12,2
10470,17,10
10471,7,5
10472,16,2
10473,6,7
10474,1,4
10475,11,9
10476,13,5
10477,3,10
10478,8,3
10479,18,8
10480,4,1
10481,14,6
10482,19,3
10483,9,8
10484,6,4
10485,16,9
10486,11,2
10487,1,7
10488,12,9
10489,2,4
10490,7,6
10491,17,1
10492,20,8
10493,10,3
10494,5,10
10495,15,5
10496,6,10
10497,11,6
10498,16,3
10499,6,8
10500,8,4
10501,18,9
10502,13,2
10503,3,7
10504,14,9
10505,4,4
10506,9,6
10507,19,1
10508,17,7
10509,7,2
10510,2,10
10511,12,5
10512,7,8
10513,17,3
10514,12,6
10515,2,1
10516,5,7
10517,15,2
10518,20,10
10519,10,5
10520,19,1
10521,9,6
10522,4,4
10523,14,9
10524,11,5
10525,1,10
10526,6,3
10527,16,8
10528,1,5
10529,11,10
10530,16,2
10531,6,7
10532,9,1
10533,19,6
10534,14,3
10535,4,8
10536,15,8
10537,5,3
10538,10,10
10539,20,5
10540,18,9
10541,8,4
10542,3,7
10543,13,2
10544,7,7
10545,17,2
10546,12,9
10547,2,4
10548,5,8
10549,15,3
10550,20,6
10551,10,1
10552,18,5
10553,8,10
10554,3,3
10555,13,8
10556,11,1
10557,1,6
10558,6,4
10559,16,9
10560,14,5
10561,4,10
10562,9,3
10563,19,8
10564,16,2
10565,6,7
10566,1,4
10567,11,9
10568,3,7
10569,13,2
10570,18,10
10571,8,5
10572,10,9
10573,20,4
10574,15,6
10575,5,1
10576,19,8
10577,9,3
10578,4,10
10579,14,5
10580,12,9
10581,2,4
10582,7,6
10583,17,1
10584,6,4
10585,16,9
10586,11,2
10587,1,7
10588,3,1
10589,13,6
10590,18,3
10591,8,8
10592,13,1
10593,3,6
10594,8,4
10595,18,9
10596,16,5
10597,6,10
10598,1,2
10599,11,7
10600,2,8
10601,12,3
10602,17,6
10603,7,1
10604,10,7
10605,20,2
10606,15,9
10607,5,4
10608,20,9
10609,10,4
10610,5,7
10611,15,2
10612,13,8
10613,3,3
10614,8,10
10615,18,5
10616,7,1
10617,17,6
10618,12,3
10619,2,8
10620,4,5
10621,14,10
10622,19,2
10623,9,7
10624,17,9
10625,7,4
10626,2,7
10627,12,2
10628,15,8
10629,5,3
10630,10,10
10631,20,5
10632,9,1
10633,19,6
10634,14,4
10635,4,9
10636,1,5
10637,11,10
10638,16,2
10639,6,7
10640,12,1
10641,2,6
10642,7,4
10643,17,9
10644,19,5
10645,9,10
10646,4,3
10647,14,8
10648,5,8
10649,15,3
10650,20,6
10651,10,1
10652,8,7
10653,18,2
10654,13,10
10655,3,5
10656,18,7
10657,8,2
10658,3,10
10659,13,5
10660,15,9
10661,5,4
10662,10,6
10663,20,1
10664,9,4
10665,19,9
10666,14,2
10667,4,7
10668,1,1
10669,11,6
10670,16,3
10671,6,8
10672,11,5
10673,1,10
10674,6,3
10675,16,8
10676,18,2
10677,8,7
10678,3,4
10679,13,9
10680,4,7
10681,14,2
10682,19,10
10683,9,5
10684,7,8
10685,17,3
10686,12,6
10687,2,1
10688,10,7
10689,20,2
10690,15,9
10691,5,4
10692,3,8
10693,13,3
10694,18,6
10695,8,1
10696,17,5
10697,7,10
10698,2,2
10699,12,7
10700,14,1
10701,4,6
10702,9,4
10703,19,9
10704,3,5
10705,13,10
10706,18,2
10707,8,7
10708,6,1
10709,16,6
10710,11,3
10711,1,8
10712,12,8
10713,2,3
10714,7,10
10715,17,5
10716,20,9
10717,10,4
10718,5,6
10719,15,1
10720,9,9
10721,19,4
10722,14,6
10723,4,1
10724,2,7
10725,12,2
10726,17,10
10727,7,5
10728,16,2
10729,6,7
10730,1,4
10731,11,9
10732,13,5
10733,3,10
10734,8,3
10735,18,8
10736,4,1
10737,14,6
10738,19,3
10739,9,8
10740,6,4
10741,16,9
10742,11,2
10743,1,7
10744,12,9
10745,2,4
10746,7,6
10747,17,1
10748,20,8
10749,10,3
10750,5,10
10751,15,5
10752,6,10
10753,11,6
10754,16,3
10755,6,8
10756,8,4
10757,18,9
10758,13,2
10759,3,7
10760,14,9
10761,4,4
10762,9,6
10763,19,1
10764,17,7
10765,7,2
10766,2,10
10767,12,5
10768,7,8
10769,17,3
10770,12,6
10771,2,1
10772,5,7
10773,15,2
10774,20,10
10775,10,5
10776,19,1
10777,9,6
10778,4,4
10779,14,9
10780,11,5
10781,1,10
10782,6,3
10783,16,8
10784,1,5
10785,11,10
10786,16,2
10787,6,7
10788,9,1
10789,19,6
10790,14,3
10791,4,8
10792,15,8
10793,5,3
10794,10,10
10795,20,5
10796,18,9
10797,8,4
10798,3,7
10799,13,2
10800,7,7
10801,17,2
10802,12,9
10803,2,4
10804,5,8
10805,15,3
10806,20,6
10807,10,1
10808,18,5
10809,8,10
10810,3,3
10811,13,8
10812,11,1
10813,1,6
10814,6,4
10815,16,9
10816,14,5
10817,4,10
10818,9,3
10819,19,8
10820,16,2
10821,6,7
10822,1,4
10823,11,9
10824,3,7
10825,13,2
10826,18,10
10827,8,5
10828,10,9
10829,20,4
10830,15,6
10831,5,1
10832,19,8
10833,9,3
10834,4,10
10835,14,5
10836,12,9
10837,2,4
10838,7,6
10839,17,1
10840,6,4
10841,16,9
10842,11,2
10843,1,7
10844,3,1
10845,13,6
10846,18,3
10847,8,8
10848,13,1
10849,3,6
10850,8,4
10851,18,9
10852,16,5
10853,6,10
10854,1,2
10855,11,7
10856,2,8
10857,12,3
10858,17,6
10859,7,1
10860,10,7
10861,20,2
10862,15,9
10863,5,4
10864,20,9
10865,10,4
10866,5,7
10867,15,2
10868,13,8
10869,3,3
10870,8,10
10871,18,5
10872,7,1
10873,17,6
10874,12,3
10875,2,8
10876,4,5
10877,14,10
10878,19,2
10879,9,7
10880,17,9
10881,7,4
10882,2,7
10883,12,2
10884,15,8
10885,5,3
10886,10,10
10887,20,5
10888,9,1
10889,19,6
10890,14,4
10891,4,9
10892,1,5
10893,11,10
10894,16,2
10895,6,7
10896,12,1
10897,2,6
10898,7,4
10899,17,9
10900,19,5
10901,9,10
10902,4,3
10903,14,8
10904,5,8
10905,15,3
10906,20,6
10907,10,1
10908,8,7
10909,18,2
10910,13,10
10911,3,5
10912,18,7
10913,8,2
10914,3,10
10915,13,5
10916,15,9
10917,5,4
10918,10,6
10919,20,1
10920,9,4
10921,19,9
10922,14,2
10923,4,7
10924,1,1
10925,11,6
10926,16,3
10927,6,8
10928,11,5
10929,1,10
10930,6,3
10931,16,8
10932,18,2
10933,8,7
10934,3,4
10935,13,9
10936,4,7
10937,14,2
10938,19,10
10939,9,5
10940,7,8
10941,17,3
10942,12,6
10943,2,1
10944,10,7
10945,20,2
10946,15,9
10947,5,4
10948,3,8
10949,13,3
10950,18,6
10951,8,1
10952,17,5
10953,7,10
10954,2,2
10955,12,7
10956,14,1
10957,4,6
10958,9,4
10959,19,9
10960,3,5
10961,13,10
10962,18,2
10963,8,7
10964,6,1
10965,16,6
10966,11,3
10967,1,8
10968,12,8
10969,2,3
10970,7,10
10971,17,5
10972,20,9
10973,10,4
10974,5,6
10975,15,1
10976,9,9
10977,19,4
10978,14,6
10979,4,1
10980,2,7
10981,12,2
10982,17,10
10983,7,5
10984,16,2
10985,6,7
10986,1,4
10987,11,9
10988,13,5
10989,3,10
10990,8,3
10991,18,8
10992,4,1
10993,14,6
10994,19,3
10995,9,8
10996,6,4
10997,16,9
10998,11,2
10999,1,7
11000,12,9
11001,2,4
11002,7,6
11003,17,1
11004,20,8
11005,10,3
11006,5,10
11007,15,5
11008,6,10
11009,11,6
11010,16,3
11011,6,8
11012,8,4
11013,18,9
11014,13,2
11015,3,7
11016,14,9
11017,4,4
11018,9,6
11019,19,1
11020,17,7
11021,7,2
11022,2,10
11023,12,5
11024,7,8
11025,17,3
11026,12,6
11027,2,1
11028,5,7
11029,15,2
11030,20,10
11031,10,5
11032,19,1
11033,9,6
11034,4,4
11035,14,9
11036,11,5
11037,1,10
11038,6,3
11039,16,8
11040,1,5
11041,11,10
11042,16,2
11043,6,7
11044,9,1
11045,19,6
11046,14,3
11047,4,8
11048,15,8
11049,5,3
11050,10,10
11051,20,5
11052,18,9
11053,8,4
11054,3,7
11055,13,2
11056,7,7
11057,17,2
11058,12,9
11059,2,4
11060,5,8
11061,15,3
11062,20,6
11063,10,1
11064,18,5
11065,8,10
11066,3,3
11067,13,8
11068,11,1
11069,1,6
11070,6,4
11071,16,9
11072,14,5
11073,4,10
11074,9,3
11075,19,8
11076,16,2
11077,6,7
11078,1,4
11079,11,9
11080,3,7
11081,13,2
11082,18,10
11083,8,5
11084,10,9
11085,20,4
11086,15,6
11087,5,1
11088,19,8
11089,9,3
11090,4,10
11091,14,5
11092,12,9
11093,2,4
11094,7,6
11095,17,1
11096,6,4
11097,16,9
11098,11,2
11099,1,7
11100,3,1
11101,13,6
11102,18,3
11103,8,8
11104,13,1
11105,3,6
11106,8,4
11107,18,9
11108,16,5
11109,6,10
11110,1,2
11111,11,7
11112,2,8
11113,12,3
11114,17,6
11115,7,1
11116,10,7
11117,20,2
11118,15,9
11119,5,4
11120,20,9
11121,10,4
11122,5,7
11123,15,2
11124,13,8
11125,3,3
11126,8,10
11127,18,5
11128,7,1
11129,17,6
11130,12,3
11131,2,8
11132,4,5
11133,14,10
11134,19,2
11135,9,7
11136,17,9
11137,7,4
11138,2,7
11139,12,2
11140,15,8
11141,5,3
11142,10,10
11143,20,5
11144,9,1
11145,19,6
11146,14,4
11147,4,9
11148,1,5
11149,11,10
11150,16,2
11151,6,7
11152,12,1
11153,2,6
11154,7,4
11155,17,9
11156,19,5
11157,9,10
11158,4,3
11159,14,8
11160,5,8
11161,15,3
11162,20,6
11163,10,1
11164,8,7
11165,18,2
11166,13,10
11167,3,5
11168,18,7
11169,8,2
11170,3,10
11171,13,5
11172,15,9
11173,5,4
11174,10,6
11175,20,1
11176,9,4
11177,19,9
11178,14,2
11179,4,7
11180,1,1
11181,11,6
11182,16,3
11183,6,8
11184,11,5
11185,1,10
11186,6,3
11187,16,8
11188,18,2
11189,8,7
11190,3,4
11191,13,9
11192,4,7
11193,14,2
11194,19,10
11195,9,5
11196,7,8
11197,17,3
11198,12,6
11199,2,1
11200,10,7
11201,20,2
11202,15,9
11203,5,4
11204,3,8
11205,13,3
11206,18,6
11207,8,1
11208,17,5
11209,7,10
11210,2,2
11211,12,7
11212,14,1
11213,4,6
11214,9,4
11215,19,9
11216,3,5
11217,13,10
11218,18,2
11219,8,7
11220,6,1
11221,16,6
11222,11,3
11223,1,8
11224,12,8
11225,2,3
11226,7,10
11227,17,5
11228,20,9
11229,10,4
11230,5,6
11231,15,1
11232,9,9
11233,19,4
11234,14,6
11235,4,1
11236,2,7
11237,12,2
11238,17,10
11239,7,5
11240,16,2
11241,6,7
11242,1,4
11243,11,9
11244,13,5
11245,3,10
11246,8,3
11247,18,8
11248,4,1
11249,14,6
11250,19,3
11251,9,8
11252,6,4
11253,16,9
11254,11,2
11255,1,7
11256,12,9
11257,2,4
11258,7,6
11259,17,1
11260,20,8
11261,10,3
11262,5,10
11263,15,5
11264,6,10
11265,11,6
11266,16,3
11267,6,8
11268,8,4
11269,18,9
11270,13,2
11271,3,7
11272,14,9
11273,4,4
11274,9,6
11275,19,1
11276,17,7
11277,7,2
11278,2,10
11279,12,5
11280,7,8
11281,17,3
11282,12,6
11283,2,1
11284,5,7
11285,15,2
11286,20,10
11287,10,5
11288,19,1
11289,9,6
11290,4,4
11291,14,9
11292,11,5
11293,1,10
11294,6,3
11295,16,8
11296,1,5
11297,11,10
11298,16,2
11299,6,7
11300,9,1
11301,19,6
11302,14,3
11303,4,8
11304,15,8
11305,5,3
11306,10,10
11307,20,5
11308,18,9
11309,8,4
11310,3,7
11311,13,2
11312,7,7
11313,17,2
11314,12,9
11315,2,4
11316,5,8
11317,15,3
11318,20,6
11319,10,1
11320,18,5
11321,8,10
11322,3,3
11323,13,8
11324,11,1
11325,1,6
11326,6,4
11327,16,9
11328,14,5
11329,4,10
11330,9,3
11331,19,8
11332,16,2
11333,6,7
11334,1,4
11335,11,9
11336,3,7
11337,13,2
11338,18,10
11339,8,5
11340,10,9
11341,20,4
11342,15,6
11343,5,1
11344,19,8
11345,9,3
11346,4,10
11347,14,5
11348,12,9
11349,2,4
11350,7,6
11351,17,1
11352,6,4
11353,16,9
11354,11,2
11355,1,7
11356,3,1
11357,13,6
11358,18,3
11359,8,8
11360,13,1
11361,3,6
11362,8,4
11363,18,9
11364,16,5
11365,6,10
11366,1,2
11367,11,7
11368,2,8
11369,12,3
11370,17,6
11371,7,1
11372,10,7
11373,20,2
11374,15,9
11375,5,4
11376,20,9
11377,10,4
11378,5,7
11379,15,2
11380,13,8
11381,3,3
11382,8,10
11383,18,5
11384,7,1
11385,17,6
11386,12,3
11387,2,8
11388,4,5
11389,14,10
11390,19,2
11391,9,7
11392,17,9
11393,7,4
11394,2,7
11395,12,2
11396,15,8
11397,5,3
11398,10,10
11399,20,5
11400,9,1
11401,19,6
11402,14,4
11403,4,9
11404,1,5
11405,11,10
11406,16,2
11407,6,7
11408,12,1
11409,2,6
11410,7,4
11411,17,9
11412,19,5
11413,9,10
11414,4,3
11415,14,8
11416,5,8
11417,15,3
11418,20,6
11419,10,1
11420,8,7
11421,18,2
11422,13,10
11423,3,5
11424,18,7
11425,8,2
11426,3,10
11427,13,5
11428,15,9
11429,5,4
11430,10,6
11431,20,1
11432,9,4
11433,19,9
11434,14,2
11435,4,7
11436,1,1
11437,11,6
11438,16,3
11439,6,8
11440,11,5
11441,1,10
11442,6,3
11443,16,8
11444,18,2
11445,8,7
11446,3,4
11447,13,9
11448,4,7
11449,14,2
11450,19,10
11451,9,5
11452,7,8
11453,17,3
11454,12,6
11455,2,1
11456,10,7
11457,20,2
11458,15,9
11459,5,4
11460,3,8
11461,13,3
11462,18,6
11463,8,1
11464,17,5
11465,7,10
11466,2,2
11467,12,7
11468,14,1
11469,4,6
11470,9,4
11471,19,9
11472,3,5
11473,13,10
11474,18,2
11475,8,7
11476,6,1
11477,16,6
11478,11,3
11479,1,8
11480,12,8
11481,2,3
11482,7,10
11483,17,5
11484,20,9
11485,10,4
11486,5,6
11487,15,1
11488,9,9
11489,19,4
11490,14,6
11491,4,1
11492,2,7
11493,12,2
11494,17,10
11495,7,5
11496,16,2
11497,6,7
11498,1,4
11499,11,9
11500,13,5
11501,3,10
11502,8,3
11503,18,8
11504,4,1
11505,14,6
11506,19,3
11507,9,8
11508,6,4
11509,16,9
11510,11,2
11511,1,7
11512,12,9
11513,2,4
11514,7,6
11515,17,1
11516,20,8
11517,10,3
11518,5,10
11519,15,5
11520,6,10
11521,11,6
11522,16,3
11523,6,8
11524,8,4
11525,18,9
11526,13,2
11527,3,7
11528,14,9
11529,4,4
11530,9,6
11531,19,1
11532,17,7
11533,7,2
11534,2,10
11535,12,5
11536,7,8
11537,17,3
11538,12,6
11539,2,1
11540,5,7
11541,15,2
11542,20,10
11543,10,5
11544,19,1
11545,9,6
11546,4,4
11547,14,9
11548,11,5
11549,1,10
11550,6,3
11551,16,8
11552,1,5
11553,11,10
11554,16,2
11555,6,7
11556,9,1
11557,19,6
11558,14,3
11559,4,8
11560,15,8
11561,5,3
11562,10,10
11563,20,5
11564,18,9
11565,8,4
11566,3,7
11567,13,2
11568,7,7
11569,17,2
11570,12,9
11571,2,4
11572,5,8
11573,15,3
11574,20,6
11575,10,1
11576,18,5
11577,8,10
11578,3,3
11579,13,8
11580,11,1
11581,1,6
11582,6,4
11583,16,9
11584,14,5
11585,4,10
11586,9,3
11587,19,8
11588,16,2
11589,6,7
11590,1,4
11591,11,9
11592,3,7
11593,13,2
11594,18,10
11595,8,5
11596,10,9
11597,20,4
11598,15,6
11599,5,1
11600,19,8
11601,9,3
11602,4,10
11603,14,5
11604,12,9
11605,2,4
11606,7,6
11607,17,1
11608,6,4
11609,16,9
11610,11,2
11611,1,7
11612,3,1
11613,13,6
11614,18,3
11615,8,8
11616,13,1
11617,3,6
11618,8,4
11619,18,9
11620,16,5
11621,6,10
11622,1,2
11623,11,7
11624,2,8
11625,12,3
11626,17,6
11627,7,1
11628,10,7
11629,20,2
11630,15,9
11631,5,4
11632,20,9
11633,10,4
11634,5,7
11635,15,2
11636,13,8
11637,3,3
11638,8,10
11639,18,5
11640,7,1
11641,17,6
11642,12,3
11643,2,8
11644,4,5
11645,14,10
11646,19,2
11647,9,7
11648,17,9
11649,7,4
11650,2,7
11651,12,2
11652,15,8
11653,5,3
11654,10,10
11655,20,5
11656,9,1
11657,19,6
11658,14,4
11659,4,9
11660,1,5
11661,11,10
11662,16,2
11663,6,7
11664,12,1
11665,2,6
11666,7,4
11667,17,9
11668,19,5
11669,9,10
11670,4,3
11671,14,8
11672,5,8
11673,15,3
11674,20,6
11675,10,1
11676,8,7
11677,18,2
11678,13,10
11679,3,5
11680,18,7
11681,8,2
11682,3,10
11683,13,5
11684,15,9
11685,5,4
11686,10,6
11687,20,1
11688,9,4
11689,19,9
11690,14,2
11691,4,7
11692,1,1
11693,11,6
11694,16,3
11695,6,8
11696,11,5
11697,1,10
11698,6,3
11699,16,8
11700,18,2
11701,8,7
11702,3,4
11703,13,9
11704,4,7
11705,14,2
11706,19,10
11707,9,5
11708,7,8
11709,17,3
11710,12,6
11711,2,1
11712,10,7
11713,20,2
11714,15,9
11715,5,4
11716,3,8
11717,13,3
11718,18,6
11719,8,1
11720,17,5
11721,7,10
11722,2,2
11723,12,7
11724,14,1
11725,4,6
11726,9,4
11727,19,9
11728,3,5
11729,13,10
11730,18,2
11731,8,7
11732,6,1
11733,16,6
11734,11,3
11735,1,8
11736,12,8
11737,2,3
11738,7,10
11739,17,5
11740,20,9
11741,10,4
11742,5,6
11743,15,1
11744,9,9
11745,19,4
11746,14,6
11747,4,1
11748,2,7
11749,12,2
11750,17,10
11751,7,5
11752,16,2
11753,6,7
11754,1,4
11755,11,9
11756,13,5
11757,3,10
11758,8,3
11759,18,8
11760,4,1
11761,14,6
11762,19,3
11763,9,8
11764,6,4
11765,16,9
11766,11,2
11767,1,7
11768,12,9
11769,2,4
11770,7,6
11771,17,1
11772,20,8
11773,10,3
11774,5,10
11775,15,5
11776,6,10
11777,11,6
11778,16,3
11779,6,8
11780,8,4
11781,18,9
11782,13,2
11783,3,7
11784,14,9
11785,4,4
11786,9,6
11787,19,1
11788,17,7
11789,7,2
11790,2,10
11791,12,5
11792,7,8
11793,17,3
11794,12,6
11795,2,1
11796,5,7
11797,15,2
11798,20,10
11799,10,5
11800,19,1
11801,9,6
11802,4,4
11803,14,9
11804,11,5
11805,1,10
11806,6,3
11807,16,8
11808,1,5
11809,11,10
11810,16,2
11811,6,7
11812,9,1
11813,19,6
11814,14,3
11815,4,8
11816,15,8
11817,5,3
11818,10,10
11819,20,5
11820,18,9
11821,8,4
11822,3,7
11823,13,2
11824,7,7
11825,17,2
11826,12,9
11827,2,4
11828,5,8
11829,15,3
11830,20,6
11831,10,1
11832,18,5
11833,8,10
11834,3,3
11835,13,8
11836,11,1
11837,1,6
11838,6,4
11839,16,9
11840,14,5
11841,4,10
11842,9,3
11843,19,8
11844,16,2
11845,6,7
11846,1,4
11847,11,9
11848,3,7
11849,13,2
11850,18,10
11851,8,5
11852,10,9
11853,20,4
11854,15,6
11855,5,1
11856,19,8
11857,9,3
11858,4,10
11859,14,5
11860,12,9
11861,2,4
11862,7,6
11863,17,1
11864,6,4
11865,16,9
11866,11,2
11867,1,7
11868,3,1
11869,13,6
11870,18,3
11871,8,8
11872,13,1
11873,3,6
11874,8,4
11875,18,9
11876,16,5
11877,6,10
11878,1,2
11879,11,7
11880,2,8
11881,12,3
11882,17,6
11883,7,1
11884,10,7
11885,20,2
11886,15,9
11887,5,4
11888,20,9
11889,10,4
11890,5,7
11891,15,2
11892,13,8
11893,3,3
11894,8,10
11895,18,5
11896,7,1
11897,17,6
11898,12,3
11899,2,8
11900,4,5
11901,14,10
11902,19,2
11903,9,7
11904,17,9
11905,7,4
11906,2,7
11907,12,2
11908,15,8
11909,5,3
11910,10,10
11911,20,5
11912,9,1
11913,19,6
11914,14,4
11915,4,9
11916,1,5
11917,11,10
11918,16,2
11919,6,7
11920,12,1
11921,2,6
11922,7,4
11923,17,9
11924,19,5
11925,9,10
11926,4,3
11927,14,8
11928,5,8
11929,15,3
11930,20,6
11931,10,1
11932,8,7
11933,18,2
11934,13,10
11935,3,5
11936,18,7
11937,8,2
11938,3,10
11939,13,5
11940,15,9
11941,5,4
11942,10,6
11943,20,1
11944,9,4
11945,19,9
11946,14,2
11947,4,7
11948,1,1
11949,11,6
11950,16,3
11951,6,8
11952,11,5
11953,1,10
11954,6,3
11955,16,8
11956,18,2
11957,8,7
11958,3,4
11959,13,9
11960,4,7
11961,14,2
11962,19,10
11963,9,5
11964,7,8
11965,17,3
11966,12,6
11967,2,1
11968,10,7
11969,20,2
11970,15,9
11971,5,4
11972,3,8
11973,13,3
11974,18,6
11975,8,1
11976,17,5
11977,7,10
11978,2,2
11979,12,7
11980,14,1
11981,4,6
11982,9,4
11983,19,9
11984,3,5
11985,13,10
11986,18,2
11987,8,7
11988,6,1
11989,16,6
11990,11,3
11991,1,8
11992,12,8
11993,2,3
11994,7,10
11995,17,5
11996,20,9
11997,10,4
11998,5,6
11999,15,1
12000,9,9
12001,19,4
12002,14,6
12003,4,1
12004,2,7
12005,12,2
12006,17,10
12007,7,5
12008,16,2
12009,6,7
12010,1,4
12011,11,9
12012,13,5
12013,3,10
12014,8,3
12015,18,8
12016,4,1
12017,14,6
12018,19,3
12019,9,8
12020,6,4
12021,16,9
12022,11,2
12023,1,7
12024,12,9
12025,2,4
12026,7,6
12027,17,1
12028,20,8
12029,10,3
12030,5,10
12031,15,5
12032,6,10
12033,11,6
12034,16,3
12035,6,8
12036,8,4
12037,18,9
12038,13,2
12039,3,7
12040,14,9
12041,4,4
12042,9,6
12043,19,1
12044,17,7
12045,7,2
12046,2,10
12047,12,5
12048,7,8
12049,17,3
12050,12,6
12051,2,1
12052,5,7
12053,15,2
12054,20,10
12055,10,5
12056,19,1
12057,9,6
12058,4,4
12059,14,9
12060,11,5
12061,1,10
12062,6,3
12063,16,8
12064,1,5
12065,11,10
12066,16,2
12067,6,7
12068,9,1
12069,19,6
12070,14,3
12071,4,8
12072,15,8
12073,5,3
12074,10,10
12075,20,5
12076,18,9
12077,8,4
12078,3,7
12079,13,2
12080,7,7
12081,17,2
12082,12,9
12083,2,4
12084,5,8
12085,15,3
12086,20,6
12087,10,1
12088,18,5
12089,8,10
12090,3,3
12091,13,8
12092,11,1
12093,1,6
12094,6,4
12095,16,9
12096,14,5
12097,4,10
12098,9,3
12099,19,8
12100,16,2
12101,6,7
12102,1,4
12103,11,9
12104,3,7
12105,13,2
12106,18,10
12107,8,5
12108,10,9
12109,20,4
12110,15,6
12111,5,1
12112,19,8
12113,9,3
12114,4,10
12115,14,5
12116,12,9
12117,2,4
12118,7,6
12119,17,1
12120,6,4
12121,16,9
12122,11,2
12123,1,7
12124,3,1
12125,13,6
12126,18,3
12127,8,8
12128,13,1
12129,3,6
12130,8,4
12131,18,9
12132,16,5
12133,6,10
12134,1,2
12135,11,7
12136,2,8
12137,12,3
12138,17,6
12139,7,1
12140,10,7
12141,20,2
12142,15,9
12143,5,4
12144,20,9
12145,10,4
12146,5,7
12147,15,2
12148,13,8
12149,3,3
12150,8,10
12151,18,5
12152,7,1
12153,17,6
12154,12,3
12155,2,8
12156,4,5
12157,14,10
12158,19,2
12159,9,7
12160,17,9
12161,7,4
12162,2,7
12163,12,2
12164,15,8
12165,5,3
12166,10,10
12167,20,5
12168,9,1
12169,19,6
12170,14,4
12171,4,9
12172,1,5
12173,11,10
12174,16,2
12175,6,7
12176,12,1
12177,2,6
12178,7,4
12179,17,9
12180,19,5
12181,9,10
12182,4,3
12183,14,8
12184,5,8
12185,15,3
12186,20,6
12187,10,1
12188,8,7
12189,18,2
12190,13,10
12191,3,5
12192,18,7
12193,8,2
12194,3,10
12195,13,5
12196,15,9
12197,5,4
12198,10,6
12199,20,1
12200,9,4
12201,19,9
12202,14,2
12203,4,7
12204,1,1
12205,11,6
12206,16,3
12207,6,8
12208,11,5
12209,1,10
12210,6,3
12211,16,8
12212,18,2
12213,8,7
12214,3,4
12215,13,9
12216,4,7
12217,14,2
12218,19,10
12219,9,5
12220,7,8
12221,17,3
12222,12,6
12223,2,1
12224,10,7
12225,20,2
12226,15,9
12227,5,4
12228,3,8
12229,13,3
12230,18,6
12231,8,1
12232,17,5
12233,7,10
12234,2,2
12235,12,7
12236,14,1
12237,4,6
12238,9,4
12239,19,9
12240,3,5
12241,13,10
12242,18,2
12243,8,7
12244,6,1
12245,16,6
12246,11,3
12247,1,8
12248,12,8
12249,2,3
12250,7,10
12251,17,5
12252,20,9
12253,10,4
12254,5,6
12255,15,1
12256,9,9
12257,19,4
12258,14,6
12259,4,1
12260,2,7
12261,12,2
12262,17,10
12263,7,5
12264,16,2
12265,6,7
12266,1,4
12267,11,9
12268,13,5
12269,3,10
12270,8,3
12271,18,8
12272,4,1
12273,14,6
12274,19,3
12275,9,8
12276,6,4
12277,16,9
12278,11,2
12279,1,7
12280,12,9
12281,2,4
12282,7,6
12283,17,1
12284,20,8
12285,10,3
12286,5,10
12287,15,5
12288,6,10
12289,11,6
12290,16,3
12291,6,8
12292,8,4
12293,18,9
12294,13,2
12295,3,7
12296,14,9
12297,4,4
12298,9,6
12299,19,1
12300,17,7
12301,7,2
12302,2,10
12303,12,5
12304,7,8
12305,17,3
12306,12,6
12307,2,1
12308,5,7
12309,15,2
12310,20,10
12311,10,5
12312,19,1
12313,9,6
12314,4,4
12315,14,9
12316,11,5
12317,1,10
12318,6,3
12319,16,8
12320,1,5
12321,11,10
12322,16,2
12323,6,7
12324,9,1
12325,19,6
12326,14,3
12327,4,8
12328,15,8
12329,5,3
12330,10,10
12331,20,5
12332,18,9
12333,8,4
12334,3,7
12335,13,2
12336,7,7
12337,17,2
12338,12,9
12339,2,4
12340,5,8
12341,15,3
12342,20,6
12343,10,1
12344,18,5
12345,8,10
12346,3,3
12347,13,8
12348,11,1
12349,1,6
12350,6,4
12351,16,9
12352,14,5
12353,4,10
12354,9,3
12355,19,8
12356,16,2
12357,6,7
12358,1,4
12359,11,9
12360,3,7
12361,13,2
12362,18,10
12363,8,5
12364,10,9
12365,20,4
12366,15,6
12367,5,1
12368,19,8
12369,9,3
12370,4,10
12371,14,5
12372,12,9
12373,2,4
12374,7,6
12375,17,1
12376,6,4
12377,16,9
12378,11,2
12379,1,7
12380,3,1
12381,13,6
12382,18,3
12383,8,8
12384,13,1
12385,3,6
12386,8,4
12387,18,9
12388,16,5
12389,6,10
12390,1,2
12391,11,7
12392,2,8
12393,12,3
12394,17,6
12395,7,1
12396,10,7
12397,20,2
12398,15,9
12399,5,4
12400,20,9
12401,10,4
12402,5,7
12403,15,2
12404,13,8
12405,3,3
12406,8,10
12407,18,5
12408,7,1
12409,17,6
12410,12,3
12411,2,8
12412,4,5
12413,14,10
12414,19,2
12415,9,7
12416,17,9
12417,7,4
12418,2,7
12419,12,2
12420,15,8
12421,5,3
12422,10,10
12423,20,5
12424,9,1
12425,19,6
12426,14,4
12427,4,9
12428,1,5
12429,11,10
12430,16,2
12431,6,7
12432,12,1
12433,2,6
12434,7,4
12435,17,9
12436,19,5
12437,9,10
12438,4,3
12439,14,8
12440,5,8
12441,15,3
12442,20,6
12443,10,1
12444,8,7
12445,18,2
12446,13,10
12447,3,5
12448,18,7
12449,8,2
12450,3,10
12451,13,5
12452,15,9
12453,5,4
12454,10,6
12455,20,1
12456,9,4
12457,19,9
12458,14,2
12459,4,7
12460,1,1
12461,11,6
12462,16,3
12463,6,8
12464,11,5
12465,1,10
12466,6,3
12467,16,8
12468,18,2
12469,8,7
12470,3,4
12471,13,9
12472,4,7
12473,14,2
12474,19,10
12475,9,5
12476,7,8
12477,17,3
12478,12,6
12479,2,1
12480,10,7
12481,20,2
12482,15,9
12483,5,4
12484,3,8
12485,13,3
12486,18,6
12487,8,1
12488,17,5
12489,7,10
12490,2,2
12491,12,7
12492,14,1
12493,4,6
12494,9,4
12495,19,9
12496,3,5
12497,13,10
12498,18,2
12499,8,7
12500,6,1
12501,16,6
12502,11,3
12503,1,8
12504,12,8
12505,2,3
12506,7,10
12507,17,5
12508,20,9
12509,10,4
12510,5,6
12511,15,1
12512,9,9
12513,19,4
12514,14,6
12515,4,1
12516,2,7
12517,12,2
12518,17,10
12519,7,5
12520,16,2
12521,6,7
12522,1,4
12523,11,9
12524,13,5
12525,3,10
12526,8,3
12527,18,8
12528,4,1
12529,14,6
12530,19,3
12531,9,8
12532,6,4
12533,16,9
12534,11,2
12535,1,7
12536,12,9
12537,2,4
12538,7,6
12539,17,1
12540,20,8
12541,10,3
12542,5,10
12543,15,5
12544,6,10
12545,11,6
12546,16,3
12547,6,8
12548,8,4
12549,18,9
12550,13,2
12551,3,7
12552,14,9
12553,4,4
12554,9,6
12555,19,1
12556,17,7
12557,7,2
12558,2,10
12559,12,5
12560,7,8
12561,17,3
12562,12,6
12563,2,1
12564,5,7
12565,15,2
12566,20,10
12567,10,5
12568,19,1
12569,9,6
12570,4,4
12571,14,9
12572,11,5
12573,1,10
12574,6,3
12575,16,8
12576,1,5
12577,11,10
12578,16,2
12579,6,7
12580,9,1
12581,19,6
12582,14,3
12583,4,8
12584,15,8
12585,5,3
12586,10,10
12587,20,5
12588,18,9
12589,8,4
12590,3,7
12591,13,2
12592,7,7
12593,17,2
12594,12,9
12595,2,4
12596,5,8
12597,15,3
12598,20,6
12599,10,1
12600,18,5
12601,8,10
12602,3,3
12603,13,8
12604,11,1
12605,1,6
12606,6,4
12607,16,9
12608,14,5
12609,4,10
12610,9,3
12611,19,8
12612,16,2
12613,6,7
12614,1,4
12615,11,9
12616,3,7
12617,13,2
12618,18,10
12619,8,5
12620,10,9
12621,20,4
12622,15,6
12623,5,1
12624,19,8
12625,9,3
12626,4,10
12627,14,5
12628,12,9
12629,2,4
12630,7,6
12631,17,1
12632,6,4
12633,16,9
12634,11,2
12635,1,7
12636,3,1
12637,13,6
12638,18,3
12639,8,8
12640,13,1
12641,3,6
12642,8,4
12643,18,9
12644,16,5
12645,6,10
12646,1,2
12647,11,7
12648,2,8
12649,12,3
12650,17,6
12651,7,1
12652,10,7
12653,20,2
12654,15,9
12655,5,4
12656,20,9
12657,10,4
12658,5,7
12659,15,2
12660,13,8
12661,3,3
12662,8,10
12663,18,5
12664,7,1
12665,17,6
12666,12,3
12667,2,8
12668,4,5
12669,14,10
12670,19,2
12671,9,7
12672,17,9
12673,7,4
12674,2,7
12675,12,2
12676,15,8
12677,5,3
12678,10,10
12679,20,5
12680,9,1
12681,19,6
12682,14,4
12683,4,9
12684,1,5
12685,11,10
12686,16,2
12687,6,7
12688,12,1
12689,2,6
12690,7,4
12691,17,9
12692,19,5
12693,9,10
12694,4,3
12695,14,8
12696,5,8
12697,15,3
12698,20,6
12699,10,1
12700,8,7
12701,18,2
12702,13,10
12703,3,5
12704,18,7
12705,8,2
12706,3,10
12707,13,5
12708,15,9
12709,5,4
12710,10,6
12711,20,1
12712,9,4
12713,19,9
12714,14,2
12715,4,7
12716,1,1
12717,11,6
12718,16,3
12719,6,8
12720,11,5
12721,1,10
12722,6,3
12723,16,8
12724,18,2
12725,8,7
12726,3,4
12727,13,9
12728,4,7
12729,14,2
12730,19,10
12731,9,5
12732,7,8
12733,17,3
12734,12,6
12735,2,1
12736,10,7
12737,20,2
12738,15,9
12739,5,4
12740,3,8
12741,13,3
12742,18,6
12743,8,1
12744,17,5
12745,7,10
12746,2,2
12747,12,7
12748,14,1
12749,4,6
12750,9,4
12751,19,9
12752,3,5
12753,13,10
12754,18,2
12755,8,7
12756,6,1
12757,16,6
12758,11,3
12759,1,8
12760,12,8
12761,2,3
12762,7,10
12763,17,5
12764,20,9
12765,10,4
12766,5,6
12767,15,1
12768,9,9
12769,19,4
12770,14,6
12771,4,1
12772,2,7
12773,12,2
12774,17,10
12775,7,5
12776,16,2
12777,6,7
12778,1,4
12779,11,9
12780,13,5
12781,3,10
12782,8,3
12783,18,8
12784,4,1
12785,14,6
12786,19,3
12787,9,8
12788,6,4
12789,16,9
12790,11,2
12791,1,7
12792,12,9
12793,2,4
12794,7,6
12795,17,1
12796,20,8
12797,10,3
12798,5,10
12799,15,5
12800,6,10
12801,11,6
12802,16,3
12803,6,8
12804,8,4
12805,18,9
12806,13,2
12807,3,7
12808,14,9
12809,4,4
12810,9,6
12811,19,1
12812,17,7
12813,7,2
12814,2,10
12815,12,5
12816,7,8
12817,17,3
12818,12,6
12819,2,1
12820,5,7
12821,15,2
12822,20,10
12823,10,5
12824,19,1
12825,9,6
12826,4,4
12827,14,9
12828,11,5
12829,1,10
12830,6,3
12831,16,8
12832,1,5
12833,11,10
12834,16,2
12835,6,7
12836,9,1
12837,19,6
12838,14,3
12839,4,8
12840,15,8
12841,5,3
12842,10,10
12843,20,5
12844,18,9
12845,8,4
12846,3,7
12847,13,2
12848,7,7
12849,17,2
12850,12,9
12851,2,4
12852,5,8
12853,15,3
12854,20,6
12855,10,1
12856,18,5
12857,8,10
12858,3,3
12859,13,8
12860,11,1
12861,1,6
12862,6,4
12863,16,9
12864,14,5
12865,4,10
12866,9,3
12867,19,8
12868,16,2
12869,6,7
12870,1,4
12871,11,9
12872,3,7
12873,13,2
12874,18,10
12875,8,5
12876,10,9
12877,20,4
12878,15,6
12879,5,1
12880,19,8
12881,9,3
12882,4,10
12883,14,5
12884,12,9
12885,2,4
12886,7,6
12887,17,1
12888,6,4
12889,16,9
12890,11,2
12891,1,7
12892,3,1
12893,13,6
12894,18,3
12895,8,8
12896,13,1
12897,3,6
12898,8,4
12899,18,9
12900,16,5
12901,6,10
12902,1,2
12903,11,7
12904,2,8
12905,12,3
12906,17,6
12907,7,1
12908,10,7
12909,20,2
12910,15,9
12911,5,4
12912,20,9
12913,10,4
12914,5,7
12915,15,2
12916,13,8
12917,3,3
12918,8,10
12919,18,5
12920,7,1
12921,17,6
12922,12,3
12923,2,8
12924,4,5
12925,14,10
12926,19,2
12927,9,7
12928,17,9
12929,7,4
12930,2,7
12931,12,2
12932,15,8
12933,5,3
12934,10,10
12935,20,5
12936,9,1
12937,19,6
12938,14,4
12939,4,9
12940,1,5
12941,11,10
12942,16,2
12943,6,7
12944,12,1
12945,2,6
12946,7,4
12947,17,9
12948,19,5
12949,9,10
12950,4,3
12951,14,8
12952,5,8
12953,15,3
12954,20,6
12955,10,1
12956,8,7
12957,18,2
12958,13,10
12959,3,5
12960,18,7
12961,8,2
12962,3,10
12963,13,5
12964,15,9
12965,5,4
12966,10,6
12967,20,1
12968,9,4
12969,19,9
12970,14,2
12971,4,7
12972,1,1
12973,11,6
12974,16,3
12975,6,8
12976,11,5
12977,1,10
12978,6,3
12979,16,8
12980,18,2
12981,8,7
12982,3,4
12983,13,9
12984,4,7
12985,14,2
12986,19,10
12987,9,5
12988,7,8
12989,17,3
12990,12,6
12991,2,1
12992,10,7
12993,20,2
12994,15,9
12995,5,4
12996,3,8
12997,13,3
12998,18,6
12999,8,1
13000,17,5
13001,7,10
13002,2,2
13003,12,7
13004,14,1
13005,4,6
13006,9,4
13007,19,9
13008,3,5
13009,13,10
13010,18,2
13011,8,7
13012,6,1
13013,16,6
13014,11,3
13015,1,8
13016,12,8
13017,2,3
13018,7,10
13019,17,5
13020,20,9
13021,10,4
13022,5,6
13023,15,1
13024,9,9
13025,19,4
13026,14,6
13027,4,1
13028,2,7
13029,12,2
13030,17,10
13031,7,5
13032,16,2
13033,6,7
13034,1,4
13035,11,9
13036,13,5
13037,3,10
13038,8,3
13039,18,8
13040,4,1
13041,14,6
13042,19,3
13043,9,8
13044,6,4
13045,16,9
13046,11,2
13047,1,7
13048,12,9
13049,2,4
13050,7,6
13051,17,1
13052,20,8
13053,10,3
13054,5,10
13055,15,5
13056,6,10
13057,11,6
13058,16,3
13059,6,8
13060,8,4
13061,18,9
13062,13,2
13063,3,7
13064,14,9
13065,4,4
13066,9,6
13067,19,1
13068,17,7
13069,7,2
13070,2,10
13071,12,5
13072,7,8
13073,17,3
13074,12,6
13075,2,1
13076,5,7
13077,15,2
13078,20,10
13079,10,5
13080,19,1
13081,9,6
13082,4,4
13083,14,9
13084,11,5
13085,1,10
13086,6,3
13087,16,8
13088,1,5
13089,11,10
13090,16,2
13091,6,7
13092,9,1
13093,19,6
13094,14,3
13095,4,8
13096,15,8
13097,5,3
13098,10,10
13099,20,5
13100,18,9
13101,8,4
13102,3,7
13103,13,2
13104,7,7
13105,17,2
13106,12,9
13107,2,4
13108,5,8
13109,15,3
13110,20,6
13111,10,1
13112,18,5
13113,8,10
13114,3,3
13115,13,8
13116,11,1
13117,1,6
13118,6,4
13119,16,9
13120,14,5
13121,4,10
13122,9,3
13123,19,8
13124,16,2
13125,6,7
13126,1,4
13127,11,9
13128,3,7
13129,13,2
13130,18,10
13131,8,5
13132,10,9
13133,20,4
13134,15,6
13135,5,1
13136,19,8
13137,9,3
13138,4,10
13139,14,5
13140,12,9
13141,2,4
13142,7,6
13143,17,1
13144,6,4
13145,16,9
13146,11,2
13147,1,7
13148,3,1
13149,13,6
13150,18,3
13151,8,8
13152,13,1
13153,3,6
13154,8,4
13155,18,9
13156,16,5
13157,6,10
13158,1,2
13159,11,7
13160,2,8
13161,12,3
13162,17,6
13163,7,1
13164,10,7
13165,20,2
13166,15,9
13167,5,4
13168,20,9
13169,10,4
13170,5,7
13171,15,2
13172,13,8
13173,3,3
13174,8,10
13175,18,5
13176,7,1
13177,17,6
13178,12,3
13179,2,8
13180,4,5
13181,14,10
13182,19,2
13183,9,7
13184,17,9
13185,7,4
13186,2,7
13187,12,2
13188,15,8
13189,5,3
13190,10,10
13191,20,5
13192,9,1
13193,19,6
13194,14,4
13195,4,9
13196,1,5
13197,11,10
13198,16,2
13199,6,7
13200,12,1
13201,2,6
13202,7,4
13203,17,9
13204,19,5
13205,9,10
13206,4,3
13207,14,8
13208,5,8
13209,15,3
13210,20,6
13211,10,1
13212,8,7
13213,18,2
13214,13,10
13215,3,5
13216,18,7
13217,8,2
13218,3,10
13219,13,5
13220,15,9
13221,5,4
13222,10,6
13223,20,1
13224,9,4
13225,19,9
13226,14,2
13227,4,7
13228,1,1
13229,11,6
13230,16,3
13231,6,8
13232,11,5
13233,1,10
13234,6,3
13235,16,8
13236,18,2
13237,8,7
13238,3,4
13239,13,9
13240,4,7
13241,14,2
13242,19,10
13243,9,5
13244,7,8
13245,17,3
13246,12,6
13247,2,1
13248,10,7
13249,20,2
13250,15,9
13251,5,4
13252,3,8
13253,13,3
13254,18,6
13255,8,1
13256,17,5
13257,7,10
13258,2,2
13259,12,7
13260,14,1
13261,4,6
13262,9,4
13263,19,9
13264,3,5
13265,13,10
13266,18,2
13267,8,7
13268,6,1
13269,16,6
13270,11,3
13271,1,8
13272,12,8
13273,2,3
13274,7,10
13275,17,5
13276,20,9
13277,10,4
13278,5,6
13279,15,1
13280,9,9
13281,19,4
13282,14,6
13283,4,1
13284,2,7
13285,12,2
13286,17,10
13287,7,5
13288,16,2
13289,6,7
13290,1,4
13291,11,9
13292,13,5
13293,3,10
13294,8,3
13295,18,8
13296,4,1
13297,14,6
13298,19,3
13299,9,8
13300,6,4
13301,16,9
13302,11,2
13303,1,7
13304,12,9
13305,2,4
13306,7,6
13307,17,1
13308,20,8
13309,10,3
13310,5,10
13311,15,5
13312,6,10
13313,11,6
13314,16,3
13315,6,8
13316,8,4
13317,18,9
13318,13,2
13319,3,7
13320,14,9
13321,4,4
13322,9,6
13323,19,1
13324,17,7
13325,7,2
13326,2,10
13327,12,5
13328,7,8
13329,17,3
13330,12,6
13331,2,1
13332,5,7
13333,15,2
13334,20,10
13335,10,5
13336,19,1
13337,9,6
13338,4,4
13339,14,9
13340,11,5
13341,1,10
13342,6,3
13343,16,8
13344,1,5
13345,11,10
13346,16,2
13347,6,7
13348,9,1
13349,19,6
13350,14,3
13351,4,8
13352,15,8
13353,5,3
13354,10,10
13355,20,5
13356,18,9
13357,8,4
13358,3,7
13359,13,2
13360,7,7
13361,17,2
13362,12,9
13363,2,4
13364,5,8
13365,15,3
13366,20,6
13367,10,1
13368,18,5
13369,8,10
13370,3,3
13371,13,8
13372,11,1
13373,1,6
13374,6,4
13375,16,9
13376,14,5
13377,4,10
13378,9,3
13379,19,8
13380,16,2
13381,6,7
13382,1,4
13383,11,9
13384,3,7
13385,13,2
13386,18,10
13387,8,5
13388,10,9
13389,20,4
13390,15,6
13391,5,1
13392,19,8
13393,9,3
13394,4,10
13395,14,5
13396,12,9
13397,2,4
13398,7,6
13399,17,1
13400,6,4
13401,16,9
13402,11,2
13403,1,7
13404,3,1
13405,13,6
13406,18,3
13407,8,8
13408,13,1
13409,3,6
13410,8,4
13411,18,9
13412,16,5
13413,6,10
13414,1,2
13415,11,7
13416,2,8
13417,12,3
13418,17,6
13419,7,1
13420,10,7
13421,20,2
13422,15,9
13423,5,4
13424,20,9
13425,10,4
13426,5,7
13427,15,2
13428,13,8
13429,3,3
13430,8,10
13431,18,5
13432,7,1
13433,17,6
13434,12,3
13435,2,8
13436,4,5
13437,14,10
13438,19,2
13439,9,7
13440,17,9
13441,7,4
13442,2,7
13443,12,2
13444,15,8
13445,5,3
13446,10,10
13447,20,5
13448,9,1
13449,19,6
13450,14,4
13451,4,9
13452,1,5
13453,11,10
13454,16,2
13455,6,7
13456,12,1
13457,2,6
13458,7,4
13459,17,9
13460,19,5
13461,9,10
13462,4,3
13463,14,8
13464,5,8
13465,15,3
13466,20,6
13467,10,1
13468,8,7
13469,18,2
13470,13,10
13471,3,5
13472,18,7
13473,8,2
13474,3,10
13475,13,5
13476,15,9
13477,5,4
13478,10,6
13479,20,1
13480,9,4
13481,19,9
13482,14,2
13483,4,7
13484,1,1
13485,11,6
13486,16,3
13487,6,8
13488,11,5
13489,1,10
13490,6,3
13491,16,8
13492,18,2
13493,8,7
13494,3,4
13495,13,9
13496,4,7
13497,14,2
13498,19,10
13499,9,5
13500,7,8
13501,17,3
13502,12,6
13503,2,1
13504,10,7
13505,20,2
13506,15,9
13507,5,4
13508,3,8
13509,13,3
13510,18,6
13511,8,1
13512,17,5
13513,7,10
13514,2,2
13515,12,7
13516,14,1
13517,4,6
13518,9,4
13519,19,9
13520,3,5
13521,13,10
13522,18,2
13523,8,7
13524,6,1
13525,16,6
13526,11,3
13527,1,8
13528,12,8
13529,2,3
13530,7,10
13531,17,5
13532,20,9
13533,10,4
13534,5,6
13535,15,1
13536,9,9
13537,19,4
13538,14,6
13539,4,1
13540,2,7
13541,12,2
13542,17,10
13543,7,5
13544,16,2
13545,6,7
13546,1,4
13547,11,9
13548,13,5
13549,3,10
13550,8,3
13551,18,8
13552,4,1
13553,14,6
13554,19,3
13555,9,8
13556,6,4
13557,16,9
13558,11,2
13559,1,7
13560,12,9
13561,2,4
13562,7,6
13563,17,1
13564,20,8
13565,10,3
13566,5,10
13567,15,5
13568,6,10
13569,11,6
13570,6,3
13571,16,8
13572,13,4
13573,3,9
13574,18,2
13575,8,7
13576,17,9
13577,7,4
13578,12,6
13579,2,1
13580,9,7
13581,19,2
13582,4,10
13583,14,5
13584,19,8
13585,9,3
13586,14,6
13587,4,1
13588,6,7
13589,16,2
13590,1,10
13591,11,5
13592,5,1
13593,15,6
13594,10,4
13595,20,9
13596,12,5
13597,2,10
13598,17,3
13599,7,8
13600,6,5
13601,16,10
13602,1,2
13603,11,7
13604,18,1
13605,8,6
13606,13,3
13607,3,8
13608,12,8
13609,2,3
13610,17,10
13611,7,5
13612,5,9
13613,15,4
13614,10,7
13615,20,2
13616,14,7
13617,4,2
13618,19,9
13619,9,4
13620,1,8
13621,11,3
13622,6,6
13623,16,1
13624,10,5
13625,20,10
13626,5,3
13627,15,8
13628,18,1
13629,8,6
13630,13,4
13631,3,9
13632,8,5
13633,18,10
13634,3,3
13635,13,8
13636,20,2
13637,10,7
13638,15,4
13639,5,9
13640,11,7
13641,1,2
13642,16,10
13643,6,5
13644,4,9
13645,14,4
13646,9,6
13647,19,1
13648,14,8
13649,4,3
13650,19,10
13651,9,5
13652,2,9
13653,12,4
13654,7,6
13655,17,1
13656,8,4
13657,18,9
13658,3,2
13659,13,7
13660,16,1
13661,6,6
13662,11,3
13663,1,8
13664,3,1
13665,13,6
13666,8,4
13667,18,9
13668,15,5
13669,5,10
13670,20,2
13671,10,7
13672,17,8
13673,7,3
13674,12,6
13675,2,1
13676,9,7
13677,19,2
13678,4,9
13679,14,4
13680,20,9
13681,10,4
13682,15,7
13683,5,2
13684,7,8
13685,17,3
13686,2,10
13687,12,5
13688,3,1
13689,13,6
13690,8,3
13691,18,8
13692,11,5
13693,1,10
13694,16,2
13695,6,7
13696,16,9
13697,6,4
13698,11,7
13699,1,2
13700,9,8
13701,19,3
13702,4,10
13703,14,5
13704,3,1
13705,13,6
13706,8,4
13707,18,9
13708,15,5
13709,5,10
13710,20,2
13711,10,7
13712,3,1
13713,13,6
13714,8,4
13715,18,9
13716,11,5
13717,1,10
13718,16,3
13719,6,8
13720,19,8
13721,9,3
13722,14,6
13723,4,1
13724,7,7
13725,17,2
13726,2,10
13727,12,5
13728,12,7
13729,2,2
13730,17,10
13731,7,5
13732,4,9
13733,14,4
13734,9,6
13735,19,1
13736,8,4
13737,18,9
13738,3,2
13739,13,7
13740,20,1
13741,10,6
13742,15,3
13743,5,8
13744,9,5
13745,19,10
13746,4,3
13747,14,8
13748,16,2
13749,6,7
13750,11,4
13751,1,9
13752,15,7
13753,5,2
13754,20,10
13755,10,5
13756,2,8
13757,12,3
13758,7,6
13759,17,1
13760,12,7
13761,2,2
13762,17,9
13763,7,4
13764,4,8
13765,14,3
13766,9,6
13767,19,1
13768,6,5
13769,16,10
13770,1,2
13771,11,7
13772,18,1
13773,8,6
13774,13,4
13775,3,9
13776,10,5
13777,20,10
13778,5,2
13779,15,7
13780,17,1
13781,7,6
13782,12,3
13783,2,8
13784,14,8
13785,4,3
13786,19,10
13787,9,5
13788,1,9
13789,11,4
13790,6,6
13791,16,1
13792,17,9
13793,7,4
13794,12,6
13795,2,1
13796,10,7
13797,20,2
13798,5,10
13799,15,5
13800,1,2
13801,11,7
13802,6,4
13803,16,9
13804,13,5
13805,3,10
13806,18,3
13807,8,8
13808,5,1
13809,15,6
13810,10,3
13811,20,8
13812,13,4
13813,3,9
13814,18,2
13815,8,7
13816,19,9
13817,9,4
13818,14,6
13819,4,1
13820,7,8
13821,17,3
13822,2,10
13823,12,5
13824,11,10
13825,11,6
13826,16,8
13827,6,3
13828,8,2
13829,18,7
13830,13,9
13831,3,4
13832,14,9
13833,4,4
13834,9,1
13835,19,6
13836,17,10
13837,7,5
13838,2,2
13839,12,7
13840,7,7
13841,17,2
13842,12,5
13843,2,10
13844,5,6
13845,15,1
13846,20,3
13847,10,8
13848,19,5
13849,9,10
13850,4,8
13851,14,3
13852,11,4
13853,1,9
13854,6,6
13855,16,1
13856,1,1
13857,11,6
13858,16,8
13859,6,3
13860,9,2
13861,19,7
13862,14,9
13863,4,4
13864,15,9
13865,5,4
13866,10,1
13867,20,6
13868,18,10
13869,8,5
13870,3,3
13871,13,8
13872,7,7
13873,17,2
13874,12,5
13875,2,10
13876,5,6
13877,15,1
13878,20,3
13879,10,8
13880,18,5
13881,8,10
13882,3,8
13883,13,3
13884,11,4
13885,1,9
13886,6,7
13887,16,2
13888,14,7
13889,4,2
13890,9,4
13891,19,9
13892,16,6
13893,6,1
13894,1,3
13895,11,8
13896,3,5
13897,13,10
13898,18,7
13899,8,2
13900,10,4
13901,20,9
13902,15,6
13903,5,1
13904,19,1
13905,9,6
13906,4,8
13907,14,3
13908,12,2
13909,2,7
13910,7,10
13911,17,5
13912,6,9
13913,16,4
13914,11,2
13915,1,7
13916,3,10
13917,13,5
13918,18,3
13919,8,8
13920,13,7
13921,3,2
13922,8,4
13923,18,9
13924,16,6
13925,6,1
13926,1,3
13927,11,8
13928,2,5
13929,12,10
13930,17,8
13931,7,3
13932,10,4
13933,20,9
13934,15,6
13935,5,1
13936,20,1
13937,10,6
13938,5,9
13939,15,4
13940,13,2
13941,3,7
13942,8,10
13943,18,5
13944,7,9
13945,17,4
13946,12,2
13947,2,7
13948,4,10
13949,14,5
13950,19,3
13951,9,8
13952,17,4
13953,7,9
13954,2,7
13955,12,2
13956,15,3
13957,5,8
13958,10,6
13959,20,1
13960,9,7
13961,19,2
13962,14,5
13963,4,10
13964,1,6
13965,11,1
13966,16,4
13967,6,9
13968,12,8
13969,2,3
13970,7,1
13971,17,6
13972,19,10
13973,9,5
13974,4,2
13975,14,7
13976,5,2
13977,15,7
13978,20,9
13979,10,4
13980,8,3
13981,18,8
13982,13,10
13983,3,5
13984,18,5
13985,8,10
13986,3,7
13987,13,2
13988,15,3
13989,5,8
13990,10,6
13991,20,1
13992,9,8
13993,19,3
13994,14,5
13995,4,10
13996,1,6
13997,11,1
13998,16,4
13999,6,9
14000,11,9
14001,1,4
14002,6,1
14003,16,6
14004,18,10
14005,8,5
14006,3,2
14007,13,7
14008,4,2
14009,14,7
14010,19,9
14011,9,4
14012,7,3
14013,17,8
14014,12,10
14015,2,5
14016,10,8
14017,20,3
14018,15,1
14019,5,6
14020,3,9
14021,13,4
14022,18,2
14023,8,7
14024,17,1
14025,7,6
14026,2,9
14027,12,4
14028,14,2
14029,4,7
14030,9,10
14031,19,5
14032,3,5
14033,13,10
14034,18,7
14035,8,2
14036,6,3
14037,16,8
14038,11,6
14039,1,1
14040,12,8
14041,2,3
14042,7,5
14043,17,10
14044,20,6
14045,10,1
14046,5,4
14047,15,9
14048,9,8
14049,19,3
14050,14,1
14051,4,6
14052,2,9
14053,12,4
14054,17,2
14055,7,7
14056,16,1
14057,6,6
14058,1,9
14059,11,4
14060,13,3
14061,3,8
14062,8,10
14063,18,5
14064,4,5
14065,14,10
14066,19,7
14067,9,2
14068,6,4
14069,16,9
14070,11,6
14071,1,1
14072,12,8
14073,2,3
14074,7,5
14075,17,10
14076,20,7
14077,10,2
14078,5,4
14079,15,9
14080,6,8
