parameter,response_var,gradient_var,target,r_squared,adj_r_squared,p_value,slope,intercept,n_sites
fracLeafFall,AbvGrndWood,MAT,elasticity,0.013695789726243954,-0.005271598932866661,0.39936110769397315,2.2913553678773417,54.114478487607705,54
fracLeafFall,AbvGrndWood,MAT,variance_explained,0.013695789726243952,-0.005271598932866661,0.39936110769397293,0.01643859502566099,0.4567509009854649,54
fracLeafFall,AbvGrndWood,MAP,elasticity,0.06490846179519356,0.046925932214332056,0.0630012817643543,-0.0058781365752545705,122.76980954593215,54
fracLeafFall,AbvGrndWood,MAP,variance_explained,0.06490846179519358,0.046925932214332056,0.06300128176435464,-4.217080773273932e-5,0.9492965791645707,54
fracLeafFall,AbvGrndWood,clay,elasticity,0.06362896100507644,0.04562182563978945,0.06574716114644086,-2.176565354318852,149.1832582408119,54
fracLeafFall,AbvGrndWood,clay,variance_explained,0.06362896100507642,0.04562182563978945,0.0657471611464403,-0.015615070847643095,1.138791404983945,54
fracLeafFall,AbvGrndWood,ocd,elasticity,0.10786011710047176,0.0907035808908655,0.015325698790815497,-0.25774106166684035,182.48259236181738,54
fracLeafFall,AbvGrndWood,ocd,variance_explained,0.10786011710047189,0.09070358089086561,0.015325698790815474,-0.0018490806767132197,1.3776868098230797,54
fracLeafFall,AbvGrndWood,twi,elasticity,0.2936476593706411,0.28006396051238425,2.316754777863868e-5,-15.116802623938051,319.1656907656813,54
fracLeafFall,AbvGrndWood,twi,variance_explained,0.293647659370641,0.28006396051238414,2.316754777863863e-5,-0.10845065758960415,2.3582759113709306,54
fracLeafFall,NPP,MAT,elasticity,0.013695789726243945,-0.005271598932866661,0.3993611076939727,0.5011280944329122,43.21089392845716,54
fracLeafFall,NPP,MAT,variance_explained,0.013695789726243955,-0.005271598932866661,0.3993611076939704,0.015786055754039498,0.3867211430422821,54
fracLeafFall,NPP,MAP,elasticity,0.06490846179519365,0.046925932214332056,0.0630012817643545,-0.0012855707246766136,58.22607477218239,54
fracLeafFall,NPP,MAP,variance_explained,0.06490846179519355,0.046925932214332056,0.06300128176435445,-4.049681381059097e-5,0.8597149436079057,54
fracLeafFall,NPP,clay,elasticity,0.0636289610050764,0.04562182563978945,0.06574716114644048,-0.47602308385230446,64.00279600775775,54
fracLeafFall,NPP,clay,variance_explained,0.06362896100507645,0.04562182563978945,0.06574716114644011,-0.014995221831268267,1.0416876657789325,54
fracLeafFall,NPP,ocd,elasticity,0.107860117100472,0.09070358089086583,0.015325698790815577,-0.05636894603994631,71.2854864572112,54
fracLeafFall,NPP,ocd,variance_explained,0.10786011710047187,0.09070358089086561,0.015325698790815388,-0.0017756803796642074,1.2710999832116243,54
fracLeafFall,NPP,twi,elasticity,0.293647659370641,0.28006396051238414,2.3167547778638506e-5,-3.306101968753213,101.17859758460803,54
fracLeafFall,NPP,twi,variance_explained,0.293647659370641,0.28006396051238414,2.3167547778638506e-5,-0.10414564776364703,2.2127640490684546,54
fracLeafFall,TotSoilCarb,MAT,elasticity,0.013695789726243957,-0.005271598932866661,0.39936110769397293,0.7675182294224729,23.4954529149257,54
fracLeafFall,TotSoilCarb,MAT,variance_explained,0.01369578972624395,-0.005271598932866661,0.3993611076939724,0.053662647576730595,-0.17106564087327353,54
fracLeafFall,TotSoilCarb,MAP,elasticity,0.06490846179519354,0.046925932214331945,0.06300128176435434,-0.001968955597106827,46.49241745086042,54
fracLeafFall,TotSoilCarb,MAP,variance_explained,0.06490846179519355,0.046925932214332056,0.06300128176435445,-1.376636622445816e-4,1.4368153916789181,54
fracLeafFall,TotSoilCarb,clay,elasticity,0.06362896100507645,0.04562182563978945,0.06574716114644022,-0.7290678741450167,55.33993349286826,54
fracLeafFall,TotSoilCarb,clay,variance_explained,0.06362896100507646,0.04562182563978945,0.06574716114644033,-0.050974310302960714,2.0554080414573996,54
fracLeafFall,TotSoilCarb,ocd,elasticity,0.10786011710047182,0.09070358089086561,0.015325698790815533,-0.08633360240548735,66.49396325350618,54
fracLeafFall,TotSoilCarb,ocd,variance_explained,0.1078601171004719,0.09070358089086572,0.015325698790815533,-0.006036194975331474,2.8352654378815423,54
fracLeafFall,TotSoilCarb,twi,elasticity,0.2936476593706409,0.28006396051238414,2.3167547778638506e-5,-5.063562704899041,112.27768198592372,54
fracLeafFall,TotSoilCarb,twi,variance_explained,0.29364765937064113,0.28006396051238436,2.3167547778638506e-5,-0.3540296119352568,6.036330205996012,54
leafC,AbvGrndWood,MAT,elasticity,0.013695789726243955,-0.005271598932866661,0.3993611076939727,4.884124009943925,-21.347267858484337,54
leafC,AbvGrndWood,MAT,variance_explained,0.013695789726243931,-0.005271598932866661,0.39936110769397193,-0.011923461425860446,2.458208030917664,54
leafC,AbvGrndWood,MAP,elasticity,0.06490846179519355,0.046925932214332056,0.06300128176435414,-0.012529504756621955,124.99456786612652,54
leafC,AbvGrndWood,MAP,variance_explained,0.06490846179519358,0.046925932214332056,0.0630012817643548,3.058789382631408e-5,2.1009482173462977,54
leafC,AbvGrndWood,clay,elasticity,0.06362896100507644,0.04562182563978945,0.06574716114644048,-4.63944408417485,181.29598700199512,54
leafC,AbvGrndWood,clay,variance_explained,0.06362896100507638,0.04562182563978945,0.06574716114644011,0.011326131863660507,1.963501297914897,54
leafC,AbvGrndWood,ocd,elasticity,0.10786011710047186,0.09070358089086561,0.015325698790815601,-0.5493863262256042,252.274971569636,54
leafC,AbvGrndWood,ocd,variance_explained,0.10786011710047176,0.0907035808908655,0.015325698790815518,0.001341199907150059,1.7902224903301724,54
leafC,AbvGrndWood,twi,elasticity,0.2936476593706411,0.28006396051238425,2.3167547778638506e-5,-32.22212481059003,543.6209635648752,54
leafC,AbvGrndWood,twi,variance_explained,0.2936476593706411,0.28006396051238425,2.316754777863868e-5,0.07866288027415198,1.0789684988136563,54
leafC,NPP,MAT,elasticity,0.013695789726243962,-0.005271598932866661,0.39936110769397293,2.9044193188762444,-12.262635017213647,54
leafC,NPP,MAT,variance_explained,0.013695789726243936,-0.005271598932866661,0.39936110769396804,-0.01231647944734528,2.48856996397924,54
leafC,NPP,MAP,elasticity,0.06490846179519358,0.046925932214332056,0.06300128176435464,-0.007450862344402748,74.7617840952022,54
leafC,NPP,MAP,variance_explained,0.06490846179519356,0.046925932214332056,0.06300128176435504,3.15961239940177e-5,2.119534245738001,54
leafC,NPP,clay,elasticity,0.06362896100507645,0.04562182563978945,0.06574716114644041,-2.758916644927338,108.24228726945378,54
leafC,NPP,clay,variance_explained,0.0636289610050763,0.04562182563978934,0.06574716114643998,0.011699460864119783,1.97755683684513,54
leafC,NPP,ocd,elasticity,0.10786011710047194,0.09070358089086572,0.015325698790815533,-0.32670101253928097,150.45103004354283,54
leafC,NPP,ocd,variance_explained,0.10786011710047196,0.09070358089086572,0.015325698790815563,0.0013854081882101528,1.798566458459792,54
leafC,NPP,twi,elasticity,0.29364765937064113,0.28006396051238436,2.316754777863842e-5,-19.1613811616126,323.7043966462986,54
leafC,NPP,twi,variance_explained,0.2936476593706408,0.2800639605123839,2.3167547778638506e-5,0.08125574558946942,1.0638682986321613,54
leafC,TotSoilCarb,MAT,elasticity,0.013695789726243947,-0.005271598932866661,0.39936110769397204,3.232669997480319,-12.22434641809062,54
leafC,TotSoilCarb,MAT,variance_explained,0.01369578972624394,-0.005271598932866661,0.3993611076939727,-0.046008020963416135,7.382041457172841,54
leafC,TotSoilCarb,MAP,elasticity,0.06490846179519358,0.046925932214332056,0.06300128176435453,-0.008292941380594396,84.63536901091501,54
leafC,TotSoilCarb,MAP,variance_explained,0.06490846179519348,0.046925932214331945,0.06300128176435464,1.180268388620424e-4,6.0035141650453845,54
leafC,TotSoilCarb,clay,elasticity,0.06362896100507634,0.04562182563978934,0.06574716114644008,-3.0707229516213257,121.89976035018752,54
leafC,TotSoilCarb,clay,variance_explained,0.06362896100507633,0.04562182563978934,0.06574716114643978,0.04370315746462071,5.473159721423695,54
leafC,TotSoilCarb,ocd,elasticity,0.10786011710047193,0.09070358089086572,0.015325698790815412,-0.36362399689270725,168.87883651538627,54
leafC,TotSoilCarb,ocd,variance_explained,0.10786011710047189,0.09070358089086561,0.015325698790815533,0.005175171138681221,4.804543895269131,54
leafC,TotSoilCarb,twi,elasticity,0.29364765937064097,0.28006396051238414,2.316754777863842e-5,-21.3269556461275,361.7128934090321,54
leafC,TotSoilCarb,twi,variance_explained,0.29364765937064086,0.280063960512384,2.3167547778638506e-5,0.3035295972733621,2.060090134465025,54
Amax,AbvGrndWood,MAT,elasticity,0.013695789726243943,-0.005271598932866661,0.3993611076939785,-0.025090117658589976,8.260610721648183,54
Amax,AbvGrndWood,MAT,variance_explained,0.013695789726243971,-0.005271598932866661,0.39936110769397126,0.05034410238867003,0.0023200129152566554,54
Amax,AbvGrndWood,MAP,elasticity,0.06490846179519356,0.046925932214332056,0.06300128176435404,6.436502183553702e-5,7.508841546821946,54
Amax,AbvGrndWood,MAP,variance_explained,0.06490846179519358,0.046925932214332056,0.0630012817643539,-1.2915042064092565e-4,1.510768272309538,54
Amax,AbvGrndWood,clay,elasticity,0.06362896100507649,0.04562182563978956,0.06574716114644033,0.02383317821279769,7.219616861374051,54
Amax,AbvGrndWood,clay,variance_explained,0.06362896100507642,0.04562182563978945,0.06574716114644062,-0.04782201424957038,2.09110661012257,54
Amax,AbvGrndWood,ocd,elasticity,0.10786011710047197,0.09070358089086572,0.015325698790815384,0.0028222394715934646,6.854992402522559,54
Amax,AbvGrndWood,ocd,variance_explained,0.1078601171004719,0.09070358089086572,0.015325698790815497,-0.0056629113843394375,2.8227369412201977,54
Amax,AbvGrndWood,twi,elasticity,0.29364765937064125,0.28006396051238436,2.3167547778637906e-5,0.16552751344181527,5.358325814279403,54
Amax,AbvGrndWood,twi,variance_explained,0.2936476593706409,0.28006396051238414,2.316754777863842e-5,-0.3321361102507039,5.825845056754167,54
Amax,NPP,MAT,elasticity,0.013695789726244025,-0.005271598932866439,0.3993611076939818,0.006451266280577385,3.1055159837010256,54
Amax,NPP,MAT,variance_explained,0.01369578972624398,-0.005271598932866661,0.3993611076939724,0.052001039959349876,-0.04421402076186448,54
Amax,NPP,MAP,elasticity,0.06490846179519381,0.04692593221433228,0.0630012817643539,-1.6549778708354045e-5,3.298813727232076,54
Amax,NPP,MAP,variance_explained,0.0649084617951935,0.046925932214331945,0.0630012817643542,-1.334010512823654e-4,1.5138806614670313,54
Amax,NPP,clay,elasticity,0.06362896100507646,0.04562182563978945,0.06574716114644086,-0.006128077239628812,3.373180276091276,54
Amax,NPP,clay,variance_explained,0.06362896100507641,0.04562182563978945,0.06574716114644036,-0.04939594423056336,2.1133192384342903,54
Amax,NPP,ocd,elasticity,0.10786011710047225,0.09070358089086605,0.01532569879081526,-7.256649245952088e-4,3.4669339008638205,54
Amax,NPP,ocd,variance_explained,0.10786011710047172,0.0907035808908655,0.015325698790815474,-0.005849290526819789,2.869029168252054,54
Amax,NPP,twi,elasticity,0.2936476593706417,0.2800639605123848,2.3167547778637608e-5,-0.04256106250699118,3.8517624945509557,54
Amax,NPP,twi,variance_explained,0.2936476593706409,0.28006396051238414,2.316754777863868e-5,-0.34306745619873946,5.97097632211123,54
Amax,TotSoilCarb,MAT,elasticity,0.013695789726243955,-0.005271598932866661,0.3993611076939708,-0.02902550941593574,4.307014105237362,54
Amax,TotSoilCarb,MAT,variance_explained,0.013695789726243942,-0.005271598932866661,0.39936110769397193,-0.05010629857323698,8.112763610948987,54
Amax,TotSoilCarb,MAP,elasticity,0.06490846179519359,0.046925932214332056,0.06300128176435464,7.446069296150311e-5,3.437329731515088,54
Amax,TotSoilCarb,MAP,variance_explained,0.06490846179519358,0.046925932214332056,0.06300128176435434,1.2854036978420183e-4,6.611440610213564,54
Amax,TotSoilCarb,clay,elasticity,0.06362896100507642,0.04562182563978945,0.06574716114644022,0.027571418677280902,3.102740075738215,54
Amax,TotSoilCarb,clay,variance_explained,0.06362896100507637,0.04562182563978945,0.06574716114644077,0.04759612369018683,6.03384354028348,54
Amax,TotSoilCarb,ocd,elasticity,0.10786011710047194,0.09070358089086572,0.015325698790815518,0.0032649084978967693,2.68092417165652,54
Amax,TotSoilCarb,ocd,variance_explained,0.10786011710047191,0.09070358089086572,0.01532569879081562,0.005636162234592788,5.305669115160269,54
Amax,TotSoilCarb,twi,elasticity,0.29364765937064097,0.28006396051238414,2.316754777863863e-5,0.19149054880405697,0.9495050232614735,54
Amax,TotSoilCarb,twi,variance_explained,0.29364765937064097,0.28006396051238414,2.316754777863863e-5,0.3305672425876968,2.3167463864769453,54
AmaxFrac,AbvGrndWood,MAT,elasticity,0.013695789726243938,-0.005271598932866661,0.3993611076939716,-0.06080298883392636,6.46994806274639,54
AmaxFrac,AbvGrndWood,MAT,variance_explained,0.013695789726243943,-0.005271598932866661,0.3993611076939735,-0.03328260024636593,3.2499350012845185,54
AmaxFrac,AbvGrndWood,MAP,elasticity,0.06490846179519354,0.046925932214331945,0.06300128176435434,1.5598116187476906e-4,4.648122698487888,54
AmaxFrac,AbvGrndWood,MAP,variance_explained,0.06490846179519359,0.046925932214332056,0.06300128176435427,8.538163593933342e-5,2.252696436533682,54
AmaxFrac,AbvGrndWood,clay,elasticity,0.06362896100507637,0.04562182563978945,0.06574716114644057,0.05775694193500774,3.9472202332591793,54
AmaxFrac,AbvGrndWood,clay,variance_explained,0.06362896100507637,0.04562182563978945,0.06574716114644048,0.03161524205867408,1.8690334454656627,54
AmaxFrac,AbvGrndWood,ocd,elasticity,0.1078601171004718,0.09070358089086561,0.015325698790815577,0.006839369883114554,3.063595166139059,54
AmaxFrac,AbvGrndWood,ocd,variance_explained,0.10786011710047194,0.09070358089086572,0.015325698790815497,0.003743763557059304,1.3853509745767016,54
AmaxFrac,AbvGrndWood,twi,elasticity,0.29364765937064086,0.280063960512384,2.3167547778638506e-5,0.4011367219740551,-0.5634026459617592,54
AmaxFrac,AbvGrndWood,twi,variance_explained,0.293647659370641,0.28006396051238414,2.3167547778638808e-5,0.21957593561832828,-0.6000106102676193,54
AmaxFrac,NPP,MAT,elasticity,0.013695789726243973,-0.005271598932866661,0.3993611076939745,-0.04273218405306015,4.489569838293817,54
AmaxFrac,NPP,MAT,variance_explained,0.01369578972624396,-0.005271598932866661,0.3993611076939726,-0.030595871045747104,2.9874931086984895,54
AmaxFrac,NPP,MAP,elasticity,0.0649084617951936,0.046925932214332056,0.0630012817643548,1.0962315908924058e-4,3.2091956614476063,54
AmaxFrac,NPP,MAP,variance_explained,0.0649084617951936,0.046925932214332056,0.06300128176435434,7.848922570765787e-5,2.0707563662832404,54
AmaxFrac,NPP,clay,elasticity,0.0636289610050764,0.04562182563978945,0.06574716114644041,0.04059143013265088,2.716603212921702,54
AmaxFrac,NPP,clay,variance_explained,0.06362896100507638,0.04562182563978945,0.0657471611464403,0.029063109911698925,1.718064469831296,54
AmaxFrac,NPP,ocd,elasticity,0.1078601171004718,0.09070358089086561,0.015325698790815466,0.004806691550155115,2.0955937900920407,54
AmaxFrac,NPP,ocd,variance_explained,0.10786011710047186,0.09070358089086561,0.015325698790815563,0.0034415492230076114,1.2734271399092523,54
AmaxFrac,NPP,twi,elasticity,0.2936476593706412,0.28006396051238436,2.316754777863868e-5,0.28191785572672656,-0.45345093680564846,54
AmaxFrac,NPP,twi,variance_explained,0.2936476593706409,0.28006396051238414,2.3167547778638506e-5,0.20185072564037934,-0.5516666502224077,54
AmaxFrac,TotSoilCarb,MAT,elasticity,0.013695789726243938,-0.005271598932866661,0.3993611076939726,-0.025183717914597843,2.4337318580948804,54
AmaxFrac,TotSoilCarb,MAT,variance_explained,0.013695789726243945,-0.005271598932866661,0.3993611076939685,-0.019541460543830002,2.5410916514885087,54
AmaxFrac,TotSoilCarb,MAP,elasticity,0.06490846179519354,0.046925932214331945,0.0630012817643544,6.460513958244098e-5,1.679158161258029,54
AmaxFrac,TotSoilCarb,MAP,variance_explained,0.06490846179519337,0.046925932214331834,0.06300128176435464,5.013075473447423e-5,1.955575558346362,54
AmaxFrac,TotSoilCarb,clay,elasticity,0.06362896100507642,0.04562182563978945,0.06574716114644041,0.02392208937744612,1.3888545049989947,54
AmaxFrac,TotSoilCarb,clay,variance_explained,0.06362896100507644,0.04562182563978945,0.06574716114643998,0.018562492134029288,1.7303126538080642,54
AmaxFrac,TotSoilCarb,ocd,elasticity,0.10786011710047183,0.09070358089086561,0.015325698790815518,0.0028327680127765006,1.0228697917573288,54
AmaxFrac,TotSoilCarb,ocd,variance_explained,0.10786011710047186,0.09070358089086561,0.015325698790815518,0.00219810373270611,1.4463245684224957,54
AmaxFrac,TotSoilCarb,twi,elasticity,0.29364765937064086,0.280063960512384,2.316754777863829e-5,0.16614502420223773,-0.47938020497054346,54
AmaxFrac,TotSoilCarb,twi,variance_explained,0.29364765937064086,0.280063960512384,2.316754777863863e-5,0.12892125165997464,0.28064445964833545,54
veg_respiration_Q10,AbvGrndWood,MAT,elasticity,0.013695789726243933,-0.005271598932866661,0.39936110769397226,0.02901770718729425,4.083475205675177,54
veg_respiration_Q10,AbvGrndWood,MAT,variance_explained,0.013695789726243968,-0.005271598932866661,0.39936110769397315,-0.010156540684663325,1.1680026079224919,54
veg_respiration_Q10,AbvGrndWood,MAP,elasticity,0.06490846179519351,0.046925932214331945,0.06300128176435411,-7.444067748673738e-5,4.952925803092875,54
veg_respiration_Q10,AbvGrndWood,MAP,variance_explained,0.0649084617951935,0.046925932214331945,0.06300128176435411,2.6055117470445786e-5,0.8636846165325901,54
veg_respiration_Q10,AbvGrndWood,clay,elasticity,0.0636289610050764,0.04562182563978945,0.06574716114644065,-0.027564007316832187,5.287425519190894,54
veg_respiration_Q10,AbvGrndWood,clay,variance_explained,0.06362896100507637,0.04562182563978945,0.06574716114644057,0.009647728538261149,0.7466057600388752,54
veg_respiration_Q10,AbvGrndWood,ocd,elasticity,0.10786011710047186,0.09070358089086561,0.015325698790815466,-0.0032640308711778475,5.709128036662176,54
veg_respiration_Q10,AbvGrndWood,ocd,variance_explained,0.10786011710047196,0.09070358089086572,0.015325698790815443,0.0011424494059830688,0.5990048917870441,54
veg_respiration_Q10,AbvGrndWood,twi,elasticity,0.29364765937064113,0.28006396051238436,2.3167547778638506e-5,-0.1914390750117102,7.440081769347328,54
veg_respiration_Q10,AbvGrndWood,twi,variance_explained,0.29364765937064113,0.28006396051238436,2.3167547778638506e-5,0.06700594025023843,-0.0068493852519239,54
veg_respiration_Q10,NPP,MAT,elasticity,0.01369578972624398,-0.005271598932866661,0.3993611076939736,-0.024345820117405558,3.4615922228812908,54
veg_respiration_Q10,NPP,MAT,variance_explained,0.01369578972624394,-0.005271598932866661,0.3993611076939736,-0.013220583610542612,1.450312653932387,54
veg_respiration_Q10,NPP,MAP,elasticity,0.06490846179519351,0.046925932214331945,0.06300128176435499,6.245563551290688e-5,2.7321242566813106,54
veg_respiration_Q10,NPP,MAP,variance_explained,0.06490846179519356,0.046925932214332056,0.06300128176435475,3.391547079811218e-5,1.0541874795964221,54
veg_respiration_Q10,NPP,clay,elasticity,0.06362896100507637,0.04562182563978945,0.06574716114644011,0.02312616774023709,2.45147941231499,54
veg_respiration_Q10,NPP,clay,variance_explained,0.06362896100507644,0.04562182563978945,0.06574716114644036,0.012558272127487448,0.9017880692697168,54
veg_respiration_Q10,NPP,ocd,elasticity,0.10786011710047198,0.09070358089086572,0.015325698790815542,0.002738517827561147,2.0976715264215007,54
veg_respiration_Q10,NPP,ocd,variance_explained,0.1078601171004718,0.09070358089086561,0.015325698790815518,0.0014871055373628498,0.709658713389851,54
veg_respiration_Q10,NPP,twi,elasticity,0.29364765937064097,0.28006396051238414,2.3167547778638205e-5,0.16061714502786026,0.6454035048475294,54
veg_respiration_Q10,NPP,twi,variance_explained,0.29364765937064113,0.28006396051238436,2.316754777863842e-5,0.08722040928945142,-0.07897073969681724,54
veg_respiration_Q10,TotSoilCarb,MAT,elasticity,0.013695789726243964,-0.005271598932866661,0.39936110769397515,9.854664995486149e-4,0.1461375272244695,54
veg_respiration_Q10,TotSoilCarb,MAT,variance_explained,0.013695789726244,-0.005271598932866661,0.3993611076939739,0.01797201658377953,6.638617070890346,54
veg_respiration_Q10,TotSoilCarb,MAP,elasticity,0.06490846179519352,0.046925932214331945,0.06300128176435427,-2.52806996064127e-6,0.1756648234797312,54
veg_respiration_Q10,TotSoilCarb,MAP,variance_explained,0.06490846179519345,0.046925932214331945,0.06300128176435434,-4.610457613567842e-5,7.1771082912583655,54
veg_respiration_Q10,TotSoilCarb,clay,elasticity,0.06362896100507637,0.04562182563978945,0.0657471611464408,-9.360975913336463e-4,0.1870247239086478,54
veg_respiration_Q10,TotSoilCarb,clay,variance_explained,0.06362896100507642,0.04562182563978945,0.0657471611464406,-0.017071672596876933,7.384279533499566,54
veg_respiration_Q10,TotSoilCarb,ocd,elasticity,0.1078601171004721,0.09070358089086583,0.015325698790815518,-1.1084931887543099e-4,0.20134610709240358,54
veg_respiration_Q10,TotSoilCarb,ocd,variance_explained,0.1078601171004718,0.09070358089086561,0.015325698790815542,-0.002021566230858593,7.64545952916559,54
veg_respiration_Q10,TotSoilCarb,twi,elasticity,0.29364765937064113,0.28006396051238436,2.316754777863842e-5,-0.006501436998827448,0.260130796896454,54
veg_respiration_Q10,TotSoilCarb,twi,variance_explained,0.2936476593706409,0.28006396051238414,2.316754777863829e-5,-0.1185671289839318,8.717519736706526,54
dVpdExp,AbvGrndWood,MAT,elasticity,0.013695789726243924,-0.005271598932866661,0.3993611076939714,0.03002358864898748,3.649775358318081,54
dVpdExp,AbvGrndWood,MAT,variance_explained,0.01369578972624397,-0.005271598932866661,0.3993611076939714,-0.037026416514679306,5.720229252208536,54
dVpdExp,AbvGrndWood,MAP,elasticity,0.06490846179519336,0.046925932214331834,0.06300128176435456,-7.702111904252546e-5,4.549364940603042,54
dVpdExp,AbvGrndWood,MAP,variance_explained,0.06490846179519358,0.046925932214332056,0.06300128176435475,9.498584820876896e-5,4.610815618969437,54
dVpdExp,AbvGrndWood,clay,elasticity,0.06362896100507641,0.04562182563978945,0.06574716114644011,-0.028519497142097165,4.89545988926692,54
dVpdExp,AbvGrndWood,clay,variance_explained,0.06362896100507638,0.04562182563978945,0.06574716114644033,0.035171504390035885,4.1839960314552895,54
dVpdExp,AbvGrndWood,ocd,elasticity,0.1078601171004719,0.09070358089086572,0.01532569879081562,-0.003377176548833228,5.331780472250261,54
dVpdExp,AbvGrndWood,ocd,variance_explained,0.10786011710047184,0.09070358089086561,0.015325698790815533,0.0041648833856149795,3.645906203875209,54
dVpdExp,AbvGrndWood,twi,elasticity,0.29364765937064086,0.280063960512384,2.3167547778638506e-5,-0.19807519603102652,7.122736680648555,54
dVpdExp,AbvGrndWood,twi,variance_explained,0.29364765937064086,0.280063960512384,2.316754777863868e-5,0.24427508634011577,1.4372198503888736,54
dVpdExp,NPP,MAT,elasticity,0.013695789726243945,-0.005271598932866661,0.39936110769397504,0.013783158439811158,2.3158249576585845,54
dVpdExp,NPP,MAT,variance_explained,0.01369578972624394,-0.005271598932866661,0.39936110769397204,-0.026328905885288433,4.721959345420714,54
dVpdExp,NPP,MAP,elasticity,0.06490846179519366,0.046925932214332056,0.06300128176435474,-3.535867412073984e-5,2.728806426609511,54
dVpdExp,NPP,MAP,variance_explained,0.06490846179519358,0.046925932214332056,0.06300128176435464,6.754295158245984e-5,3.9330726562152427,54
dVpdExp,NPP,clay,elasticity,0.06362896100507653,0.04562182563978956,0.06574716114644048,-0.013092663649537636,2.887690881376827,54
dVpdExp,NPP,clay,variance_explained,0.06362896100507644,0.04562182563978945,0.06574716114644041,0.02500990687451855,3.629567920746111,54
dVpdExp,NPP,ocd,elasticity,0.10786011710047193,0.09070358089086572,0.015325698790815412,-0.0015503862644798553,3.087995908071665,54
dVpdExp,NPP,ocd,variance_explained,0.10786011710047175,0.0907035808908655,0.015325698790815563,0.002961583458652673,3.246940657247081,54
dVpdExp,NPP,twi,elasticity,0.2936476593706412,0.28006396051238436,2.3167547778638205e-5,-0.09093189497799706,3.91018387060058,54
dVpdExp,NPP,twi,variance_explained,0.293647659370641,0.28006396051238414,2.3167547778638506e-5,0.17370019471962211,1.6763783235141365,54
dVpdExp,TotSoilCarb,MAT,elasticity,0.013695789726243957,-0.005271598932866661,0.3993611076939704,0.018860525576288555,2.3254911773773785,54
dVpdExp,TotSoilCarb,MAT,variance_explained,0.013695789726244086,-0.005271598932866439,0.3993611076939546,-0.002553081552556913,4.730917944754881,54
dVpdExp,TotSoilCarb,MAP,elasticity,0.06490846179519344,0.046925932214331834,0.063001281764355,-4.8383915813638135e-5,2.8906045794829733,54
dVpdExp,TotSoilCarb,MAP,variance_explained,0.06490846179519313,0.0469259322143315,0.06300128176435595,6.54955676630566e-6,4.654420574828334,54
dVpdExp,TotSoilCarb,clay,elasticity,0.06362896100507638,0.04562182563978945,0.06574716114643996,-0.017915669960711082,3.10801805085091,54
dVpdExp,TotSoilCarb,clay,variance_explained,0.06362896100507624,0.045621825639789226,0.06574716114643953,0.0024251798441869807,4.6249900947082745,54
dVpdExp,TotSoilCarb,ocd,elasticity,0.10786011710047176,0.0907035808908655,0.0153256987908157,-0.0021215093711676905,3.382110385748921,54
dVpdExp,TotSoilCarb,ocd,variance_explained,0.10786011710047108,0.09070358089086483,0.015325698790815991,2.8718109774809945e-4,4.587887200565967,54
dVpdExp,TotSoilCarb,twi,elasticity,0.2936476593706408,0.2800639605123839,2.3167547778638506e-5,-0.12442890636584593,4.507171609089653,54
dVpdExp,TotSoilCarb,twi,variance_explained,0.29364765937063975,0.2800639605123829,2.3167547778640173e-5,0.016843493791437316,4.435591706827479,54
GDD,AbvGrndWood,MAT,elasticity,0.013695789726243959,-0.005271598932866661,0.39936110769397326,0.2975679361787507,1.3451552099714863,54
GDD,AbvGrndWood,MAT,variance_explained,0.013695789726243994,-0.005271598932866661,0.39936110769397315,0.06227771007885467,1.5402683943360465,54
GDD,AbvGrndWood,MAP,elasticity,0.06490846179519351,0.046925932214331945,0.0630012817643545,-7.633669546839866e-4,10.26111187784532,54
GDD,AbvGrndWood,MAP,variance_explained,0.0649084617951936,0.046925932214332056,0.0630012817643545,-1.5976434322221284e-4,3.4062804773849624,54
GDD,AbvGrndWood,clay,elasticity,0.06362896100507646,0.04562182563978945,0.06574716114644065,-0.2826606773975985,13.69130674228481,54
GDD,AbvGrndWood,clay,variance_explained,0.06362896100507646,0.04562182563978945,0.06574716114644022,-0.05915778408022371,4.124182695025824,54
GDD,AbvGrndWood,ocd,elasticity,0.10786011710047194,0.09070358089086572,0.015325698790815466,-0.033471663480890264,18.015740337102343,54
GDD,AbvGrndWood,ocd,variance_explained,0.10786011710047189,0.09070358089086561,0.015325698790815563,-0.007005252584968272,5.029239285234267,54
GDD,AbvGrndWood,twi,elasticity,0.293647659370641,0.28006396051238414,2.3167547778638506e-5,-1.9631506406594073,35.76615481787011,54
GDD,AbvGrndWood,twi,variance_explained,0.2936476593706411,0.28006396051238425,2.316754777863842e-5,-0.4108659286686779,8.744206633560083,54
GDD,NPP,MAT,elasticity,0.013695789726243968,-0.005271598932866661,0.3993611076939716,0.2186380530451098,-0.21992637044021673,54
GDD,NPP,MAT,variance_explained,0.013695789726243949,-0.005271598932866661,0.39936110769397315,0.06526834439936523,1.279793035028183,54
GDD,NPP,MAP,elasticity,0.06490846179519356,0.046925932214332056,0.06300128176435517,-5.608839005786632e-4,6.331073148968685,54
GDD,NPP,MAP,variance_explained,0.06490846179519358,0.046925932214332056,0.06300128176435474,-1.6743637752516326e-4,3.2354127765954916,54
GDD,NPP,clay,elasticity,0.06362896100507637,0.04562182563978945,0.06574716114644041,-0.2076849440576113,8.851408963227497,54
GDD,NPP,clay,variance_explained,0.06362896100507646,0.04562182563978945,0.06574716114644083,-0.06199859661446189,3.9877893351864095,54
GDD,NPP,ocd,elasticity,0.10786011710047196,0.09070358089086572,0.015325698790815474,-0.02459330608539373,12.028786720506448,54
GDD,NPP,ocd,variance_explained,0.10786011710047191,0.09070358089086572,0.015325698790815474,-0.007341651414949741,4.936307595665883,54
GDD,NPP,twi,elasticity,0.2936476593706409,0.28006396051238414,2.3167547778638506e-5,-1.442425011981791,25.07090447235821,54
GDD,NPP,twi,variance_explained,0.29364765937064125,0.28006396051238436,2.316754777863842e-5,-0.4305960977106862,8.829671176566912,54
GDD,TotSoilCarb,MAT,elasticity,0.013695789726243971,-0.005271598932866661,0.39936110769397337,0.12301103624346348,-0.06938974533690102,54
GDD,TotSoilCarb,MAT,variance_explained,0.013695789726243903,-0.005271598932866661,0.3993611076939739,0.003480627207160773,2.205839722130803,54
GDD,TotSoilCarb,MAP,elasticity,0.06490846179519359,0.046925932214332056,0.06300128176435427,-3.1556679572252865e-4,3.616360416125884,54
GDD,TotSoilCarb,MAP,variance_explained,0.06490846179519358,0.046925932214332056,0.0630012817643545,-8.92903928306469e-6,2.3101289199341117,54
GDD,TotSoilCarb,clay,elasticity,0.06362896100507641,0.04562182563978945,0.0657471611464406,-0.11684855323616306,5.034362067144626,54
GDD,TotSoilCarb,clay,variance_explained,0.06362896100507633,0.04562182563978934,0.06574716114644033,-0.003306258250732975,2.3502516217424794,54
GDD,TotSoilCarb,ocd,elasticity,0.10786011710047193,0.09070358089086572,0.015325698790815474,-0.01383678652495498,6.8220313452788215,54
GDD,TotSoilCarb,ocd,variance_explained,0.10786011710047173,0.0907035808908655,0.015325698790815518,-3.915152421211563e-4,2.4008341590244537,54
GDD,TotSoilCarb,twi,elasticity,0.29364765937064097,0.28006396051238414,2.316754777863842e-5,-0.8115430637811359,14.159841013450144,54
GDD,TotSoilCarb,twi,variance_explained,0.293647659370641,0.28006396051238414,2.316754777863863e-5,-0.0229628084913343,2.608459269355655,54
coarse_root_respiration_Q10,AbvGrndWood,MAT,elasticity,0.013695789726243988,-0.005271598932866661,0.3993611076939745,-0.01567983913047183,3.0238274966347194,54
coarse_root_respiration_Q10,AbvGrndWood,MAT,variance_explained,0.013695789726243942,-0.005271598932866661,0.3993611076939739,0.0783949981318905,2.113631920875414,54
coarse_root_respiration_Q10,AbvGrndWood,MAP,elasticity,0.06490846179519365,0.046925932214332056,0.0630012817643541,4.022433062066541e-5,2.5540162392735084,54
coarse_root_respiration_Q10,AbvGrndWood,MAP,variance_explained,0.06490846179519358,0.046925932214332056,0.0630012817643542,-2.0111088497938668e-4,4.462562438382897,54
coarse_root_respiration_Q10,AbvGrndWood,clay,elasticity,0.06362896100507637,0.04562182563978945,0.06574716114644048,0.014894326341135692,2.373267922263059,54
coarse_root_respiration_Q10,AbvGrndWood,clay,variance_explained,0.06362896100507641,0.04562182563978945,0.06574716114644072,-0.07446764446836274,5.366255636793287,54
coarse_root_respiration_Q10,AbvGrndWood,ocd,elasticity,0.10786011710047186,0.09070358089086561,0.015325698790815443,0.0017637326976464984,2.1453992077507023,54
coarse_root_respiration_Q10,AbvGrndWood,ocd,variance_explained,0.1078601171004719,0.09070358089086572,0.015325698790815497,-0.008818191333892248,6.505538208500063,54
coarse_root_respiration_Q10,AbvGrndWood,twi,elasticity,0.29364765937064097,0.28006396051238414,2.316754777863829e-5,0.1034449028000498,1.2100711373552195,54
coarse_root_respiration_Q10,AbvGrndWood,twi,variance_explained,0.293647659370641,0.28006396051238414,2.316754777863868e-5,-0.5171968216181216,11.181928171510608,54
coarse_root_respiration_Q10,NPP,MAT,elasticity,0.013695789726243912,-0.005271598932866661,0.3993611076939704,-0.0023304570054208905,1.4238026649654107,54
coarse_root_respiration_Q10,NPP,MAT,variance_explained,0.013695789726243957,-0.005271598932866661,0.39936110769397126,0.09284677763060166,0.66468351138956006,54
coarse_root_respiration_Q10,NPP,MAP,elasticity,0.06490846179519373,0.04692593221433217,0.06300128176435475,5.978446099049608e-6,1.3539757409241255,54
coarse_root_respiration_Q10,NPP,MAP,variance_explained,0.06490846179519354,0.046925932214331945,0.06300128176435464,-2.3818480849199306e-4,3.446629230194713,54
coarse_root_respiration_Q10,NPP,clay,elasticity,0.06362896100507628,0.04562182563978934,0.06574716114644062,0.002213708117404631,1.327111550667452,54
coarse_root_respiration_Q10,NPP,clay,variance_explained,0.06362896100507641,0.04562182563978945,0.06574716114644022,-0.08819543327237046,4.516914368768686,54
coarse_root_respiration_Q10,NPP,ocd,elasticity,0.10786011710047204,0.09070358089086583,0.015325698790815533,2.621393744360721e-4,1.2932439683770467,54
coarse_root_respiration_Q10,NPP,ocd,variance_explained,0.10786011710047189,0.09070358089086561,0.015325698790815542,-0.010443786840897057,5.866218764639932,54
coarse_root_respiration_Q10,NPP,twi,elasticity,0.29364765937064075,0.2800639605123839,2.316754777863842e-5,0.01537476860569059,1.1542283932884043,54
coarse_root_respiration_Q10,NPP,twi,variance_explained,0.293647659370641,0.28006396051238414,2.3167547778638506e-5,-0.6125398231050823,11.404681030805754,54
coarse_root_respiration_Q10,TotSoilCarb,MAT,elasticity,0.013695789726243928,-0.005271598932866661,0.3993611076939739,-0.02041149145340967,2.2802562889685456,54
coarse_root_respiration_Q10,TotSoilCarb,MAT,variance_explained,0.013695789726243936,-0.005271598932866661,0.3993611076939739,-0.0319875094519373,6.483186920745232,54
coarse_root_respiration_Q10,TotSoilCarb,MAP,elasticity,0.06490846179519354,0.046925932214331945,0.06300128176435411,5.236269159721476e-5,1.6686716684536633,54
coarse_root_respiration_Q10,TotSoilCarb,MAP,variance_explained,0.06490846179519366,0.046925932214332056,0.0630012817643544,8.205927020168763e-5,5.524752850700276,54
coarse_root_respiration_Q10,TotSoilCarb,clay,elasticity,0.06362896100507635,0.04562182563978934,0.06574716114644057,0.01938893711132336,1.4333795396774707,54
coarse_root_respiration_Q10,TotSoilCarb,clay,variance_explained,0.06362896100507641,0.04562182563978945,0.06574716114644057,0.030385031418557643,5.156018933809667,54
coarse_root_respiration_Q10,TotSoilCarb,ocd,elasticity,0.1078601171004719,0.09070358089086572,0.015325698790815518,0.002295968382363584,1.1367476495116149,54
coarse_root_respiration_Q10,TotSoilCarb,ocd,variance_explained,0.10786011710047194,0.09070358089086572,0.015325698790815518,0.0035980864259645287,4.6911574898488295,54
coarse_root_respiration_Q10,TotSoilCarb,twi,elasticity,0.2936476593706411,0.28006396051238425,2.3167547778638506e-5,0.13466112323171972,-0.0808312271689294,54
coarse_root_respiration_Q10,TotSoilCarb,twi,variance_explained,0.293647659370641,0.28006396051238414,2.316754777863829e-5,0.21103180833282906,2.7830501908208545,54
SLA,AbvGrndWood,MAT,elasticity,0.013695789726243985,-0.005271598932866661,0.39936110769397193,-0.0060272286594152714,2.5748624069458232,54
SLA,AbvGrndWood,MAT,variance_explained,0.01369578972624396,-0.005271598932866661,0.3993611076939725,-0.026532128085019233,2.6438364435159483,54
SLA,AbvGrndWood,MAP,elasticity,0.06490846179519351,0.046925932214331945,0.06300128176435475,1.546197230120259e-5,2.394270000906374,54
SLA,AbvGrndWood,MAP,variance_explained,0.06490846179519358,0.046925932214332056,0.0630012817643539,6.806428836936278e-5,1.8488606563047634,54
SLA,AbvGrndWood,clay,elasticity,0.06362896100507637,0.04562182563978945,0.06574716114644022,0.005725282628156346,2.3247915179091017,54
SLA,AbvGrndWood,clay,variance_explained,0.06362896100507642,0.04562182563978945,0.06574716114644048,0.025202948253155652,1.543013290259206,54
SLA,AbvGrndWood,ocd,elasticity,0.10786011710047189,0.09070358089086561,0.015325698790815577,6.779674315754814e-4,2.2372002591426825,54
SLA,AbvGrndWood,ocd,variance_explained,0.10786011710047189,0.09070358089086561,0.015325698790815563,0.002984442726249133,1.1574326813190832,54
SLA,AbvGrndWood,twi,elasticity,0.29364765937064113,0.28006396051238436,2.3167547778638506e-5,0.039763550993021056,1.8776662036632779,54
SLA,AbvGrndWood,twi,variance_explained,0.293647659370641,0.28006396051238414,2.316754777863829e-5,0.17504091642748168,-0.42525218928137254,54
SLA,NPP,MAT,elasticity,0.013695789726244008,-0.005271598932866661,0.3993611076939726,-0.007085717686994595,2.0128035380533897,54
SLA,NPP,MAT,variance_explained,0.01369578972624398,-0.005271598932866661,0.3993611076939714,-0.04885853426305429,4.800745543765341,54
SLA,NPP,MAP,elasticity,0.06490846179519366,0.046925932214332056,0.063001281764355,1.8177370861698907e-5,1.8004958792736454,54
SLA,NPP,MAP,variance_explained,0.06490846179519365,0.046925932214332056,0.06300128176435475,1.253394132098502e-4,3.3368090056447137,54
SLA,NPP,clay,elasticity,0.06362896100507646,0.04562182563978945,0.06574716114643989,0.006730744538453613,1.7188157334457137,54
SLA,NPP,clay,variance_explained,0.06362896100507649,0.04562182563978956,0.06574716114644033,0.04641086861977187,2.7735954569494172,54
SLA,NPP,ocd,elasticity,0.10786011710047186,0.09070358089086561,0.015325698790815474,7.970306242847511e-4,1.6158418848432041,54
SLA,NPP,ocd,variance_explained,0.10786011710047193,0.09070358089086572,0.015325698790815474,0.005495808580801236,2.0635542822383974,54
SLA,NPP,twi,elasticity,0.29364765937064125,0.28006396051238436,2.316754777863868e-5,0.04674674091364158,1.1931672262324475,54
SLA,NPP,twi,variance_explained,0.2936476593706411,0.28006396051238425,2.316754777863868e-5,0.32233534322251867,-0.8509372628823608,54
SLA,TotSoilCarb,MAT,elasticity,0.01369578972624395,-0.005271598932866661,0.39936110769397104,-0.007177651090839976,0.9445696797576103,54
SLA,TotSoilCarb,MAT,variance_explained,0.013695789726243947,-0.005271598932866661,0.39936110769397415,-0.01885271824289505,1.9998883858410537,54
SLA,TotSoilCarb,MAP,elasticity,0.06490846179519352,0.046925932214331945,0.06300128176435414,1.8413212543529266e-5,0.729507442458616,54
SLA,TotSoilCarb,MAP,variance_explained,0.06490846179519365,0.046925932214332056,0.06300128176435434,4.836388724337888e-5,1.4350089129924926,54
SLA,TotSoilCarb,clay,elasticity,0.06362896100507638,0.04562182563978945,0.0657471611464403,0.00681807235522075,0.6467675403485046,54
SLA,TotSoilCarb,clay,variance_explained,0.06362896100507642,0.04562182563978945,0.06574716114644041,0.017908253751243143,1.2176854401481039,54
SLA,TotSoilCarb,ocd,elasticity,0.107860117100472,0.09070358089086583,0.015325698790815533,8.073716710913401e-4,0.5424576610392589,54
SLA,TotSoilCarb,ocd,variance_explained,0.10786011710047191,0.09070358089086572,0.015325698790815542,0.0021206311702453044,0.9437065660457864,54
SLA,TotSoilCarb,twi,elasticity,0.2936476593706409,0.28006396051238414,2.3167547778638506e-5,0.04735325491839179,0.11429902440372344,54
SLA,TotSoilCarb,twi,variance_explained,0.2936476593706413,0.28006396051238447,2.316754777863919e-5,0.12437739889582099,-0.18088893707823364,54
fine_root_respiration_Q10,AbvGrndWood,MAT,elasticity,0.013695789726243926,-0.005271598932866661,0.39936110769397015,0.02459911455922299,1.7202108848443856,54
fine_root_respiration_Q10,AbvGrndWood,MAT,variance_explained,0.01369578972624395,-0.005271598932866661,0.3993611076939706,-0.05527633582725859,5.974753740630912,54
fine_root_respiration_Q10,AbvGrndWood,MAP,elasticity,0.06490846179519358,0.046925932214332056,0.063001281764355,-6.310542530266522e-5,2.457268251624475,54
fine_root_respiration_Q10,AbvGrndWood,MAP,variance_explained,0.06490846179519355,0.046925932214332056,0.06300128176435434,1.418033430900165e-4,4.318522154245792,54
fine_root_respiration_Q10,AbvGrndWood,clay,elasticity,0.0636289610050764,0.04562182563978945,0.06574716114644022,-0.023366772892205144,2.7408329310532356,54
fine_root_respiration_Q10,AbvGrndWood,clay,variance_explained,0.0636289610050764,0.04562182563978945,0.06574716114644048,0.05250715762468538,3.6813278190140712,54
fine_root_respiration_Q10,AbvGrndWood,ocd,elasticity,0.10786011710047189,0.09070358089086561,0.015325698790815474,-0.0027670094265787068,3.098321841883892,54
fine_root_respiration_Q10,AbvGrndWood,ocd,variance_explained,0.10786011710047194,0.09070358089086572,0.015325698790815518,0.006217709256669529,2.87801934862088,54
fine_root_respiration_Q10,AbvGrndWood,twi,elasticity,0.29364765937064097,0.28006396051238414,2.316754777863868e-5,-0.1622882092967949,4.565699291528866,54
fine_root_respiration_Q10,AbvGrndWood,twi,variance_explained,0.29364765937064097,0.28006396051238414,2.316754777863868e-5,0.3646756283156816,-0.4193045650770933,54
fine_root_respiration_Q10,NPP,MAT,elasticity,0.013695789726243968,-0.005271598932866661,0.3993611076939736,0.018333387910159073,-0.10983175471140588,54
fine_root_respiration_Q10,NPP,MAT,variance_explained,0.013695789726243971,-0.005271598932866661,0.39936110769397104,-0.020788307423160776,2.6155175846008167,54
fine_root_respiration_Q10,NPP,MAP,elasticity,0.06490846179519355,0.046925932214332056,0.06300128176435499,-4.7031621342466774e-5,0.43948714799492955,54
fine_root_respiration_Q10,NPP,MAP,variance_explained,0.0649084617951935,0.046925932214331945,0.06300128176435445,5.332935777435381e-5,1.9926425176043456,54
fine_root_respiration_Q10,NPP,clay,elasticity,0.06362896100507641,0.04562182563978945,0.06574716114644011,-0.0174149403064905,0.6508240744957353,54
fine_root_respiration_Q10,NPP,clay,variance_explained,0.06362896100507638,0.04562182563978945,0.06574716114643989,0.01974687573411932,1.7530066674552203,54
fine_root_respiration_Q10,NPP,ocd,elasticity,0.10786011710047197,0.09070358089086572,0.015325698790815533,-0.0020622147616900623,0.9172557324344731,54
fine_root_respiration_Q10,NPP,ocd,variance_explained,0.10786011710047184,0.09070358089086561,0.015325698790815601,0.002338354190107846,1.450898664306293,54
fine_root_respiration_Q10,NPP,twi,elasticity,0.29364765937064097,0.28006396051238414,2.3167547778638506e-5,-0.12095121095192898,2.0108723311211536,54
fine_root_respiration_Q10,NPP,twi,variance_explained,0.2936476593706408,0.2800639605123839,2.316754777863863e-5,0.13714709844103443,0.21084209822162395,54
fine_root_respiration_Q10,TotSoilCarb,MAT,elasticity,0.013695789726243912,-0.005271598932866661,0.39936110769397226,-5.035190249868896e-4,0.34874791130119165,54
fine_root_respiration_Q10,TotSoilCarb,MAT,variance_explained,0.01369578972624395,-0.005271598932866661,0.39936110769397426,-0.04717622239180926,4.962197863033278,54
fine_root_respiration_Q10,TotSoilCarb,MAP,elasticity,0.0649084617951934,0.046925932214331834,0.0630012817643545,1.2917043068067595e-6,0.33366109157900087,54
fine_root_respiration_Q10,TotSoilCarb,MAP,variance_explained,0.06490846179519355,0.046925932214332056,0.06300128176435453,1.2102368851695399e-4,3.5486680318263253,54
fine_root_respiration_Q10,TotSoilCarb,clay,elasticity,0.06362896100507633,0.04562182563978934,0.0657471611464402,4.7829423597533393e-4,0.3278568090483048,54
fine_root_respiration_Q10,TotSoilCarb,clay,variance_explained,0.0636289610050764,0.04562182563978945,0.06574716114644057,0.04481283551436893,3.0048472228705125,54
fine_root_respiration_Q10,TotSoilCarb,ocd,elasticity,0.10786011710047176,0.0907035808908655,0.015325698790815577,5.663788772747015e-5,0.32053937217911516,54
fine_root_respiration_Q10,TotSoilCarb,ocd,variance_explained,0.10786011710047197,0.09070358089086572,0.015325698790815474,0.005306575232788949,2.3192544012528877,54
fine_root_respiration_Q10,TotSoilCarb,twi,elasticity,0.293647659370641,0.28006396051238414,2.3167547778638808e-5,0.0033218757006582243,0.2905036381304694,54
fine_root_respiration_Q10,TotSoilCarb,twi,variance_explained,0.2936476593706411,0.28006396051238425,2.3167547778638506e-5,0.31123659491571487,-0.49488448697888576,54
half_saturation_PAR,AbvGrndWood,MAT,elasticity,0.013695789726243928,-0.005271598932866661,0.39936110769397104,-0.006033076254935192,1.3737893164618653,54
half_saturation_PAR,AbvGrndWood,MAT,variance_explained,0.013695789726243959,-0.005271598932866661,0.39936110769397126,-0.07457400612207488,7.9717928085383765,54
half_saturation_PAR,AbvGrndWood,MAP,elasticity,0.06490846179519348,0.046925932214331945,0.0630012817643548,1.547697345099574e-5,1.1930217003210317,54
half_saturation_PAR,AbvGrndWood,MAP,variance_explained,0.06490846179519363,0.046925932214332056,0.0630012817643545,1.913086896492654e-4,5.73734975774285,54
half_saturation_PAR,AbvGrndWood,clay,elasticity,0.06362896100507631,0.04562182563978934,0.06574716114644057,0.005730837276725101,1.123475809549994,54
half_saturation_PAR,AbvGrndWood,clay,variance_explained,0.06362896100507644,0.04562182563978945,0.06574716114644036,0.07083807266807107,4.877702794076182,54
half_saturation_PAR,AbvGrndWood,ocd,elasticity,0.1078601171004717,0.0907035808908655,0.015325698790815518,6.786251931338281e-4,1.0357995700600466,54
half_saturation_PAR,AbvGrndWood,ocd,variance_explained,0.10786011710047186,0.09070358089086561,0.015325698790815563,0.008388390460995421,3.7939491426723415,54
half_saturation_PAR,AbvGrndWood,twi,elasticity,0.29364765937064086,0.280063960512384,2.316754777863842e-5,0.03980212944686476,0.675916695935974,54
half_saturation_PAR,AbvGrndWood,twi,variance_explained,0.2936476593706408,0.2800639605123839,2.3167547778638506e-5,0.4919885178998114,-0.6545123923869071,54
half_saturation_PAR,NPP,MAT,elasticity,0.013695789726243938,-0.005271598932866661,0.3993611076939745,-0.006748014851617566,1.1262148813232824,54
half_saturation_PAR,NPP,MAT,variance_explained,0.013695789726243957,-0.005271598932866661,0.39936110769397315,-0.06845664940596351,7.405741598763233,54
half_saturation_PAR,NPP,MAP,elasticity,0.06490846179519355,0.046925932214332056,0.06300128176435434,1.7311043701789387e-5,0.9240257315653935,54
half_saturation_PAR,NPP,MAP,variance_explained,0.06490846179519352,0.046925932214331945,0.06300128176435445,1.7561550701991052e-4,5.3545914393429745,54
half_saturation_PAR,NPP,clay,elasticity,0.06362896100507637,0.04562182563978945,0.0657471611464402,0.006409959599617276,0.8462384330196403,54
half_saturation_PAR,NPP,clay,variance_explained,0.06362896100507638,0.04562182563978945,0.06574716114644041,0.06502717712783379,4.565461903934922,54
half_saturation_PAR,NPP,ocd,elasticity,0.10786011710047189,0.09070358089086561,0.015325698790815443,0.00075904442252042105,0.7481722821520507,54
half_saturation_PAR,NPP,ocd,variance_explained,0.10786011710047201,0.09070358089086583,0.015325698790815533,0.007700285055474734,3.570609305629563,54
half_saturation_PAR,NPP,twi,elasticity,0.2936476593706411,0.28006396051238425,2.316754777863829e-5,0.04451880753433892,0.3456421504558852,54
half_saturation_PAR,NPP,twi,variance_explained,0.2936476593706411,0.28006396051238425,2.316754777863829e-5,0.45163036335334333,-0.5129418878381368,54
half_saturation_PAR,TotSoilCarb,MAT,elasticity,0.01369578972624398,-0.005271598932866661,0.39936110769397415,0.0015216884451005955,-0.007722238067046167,54
half_saturation_PAR,TotSoilCarb,MAT,variance_explained,0.013695789726243949,-0.005271598932866661,0.3993611076939738,0.06707953299439282,0.14207591457123567,54
half_saturation_PAR,TotSoilCarb,MAP,elasticity,0.06490846179519354,0.046925932214331945,0.0630012817643545,-3.903668820072303e-6,0.03787174767196596,54
half_saturation_PAR,TotSoilCarb,MAP,variance_explained,0.06490846179519363,0.046925932214332056,0.06300128176435475,-1.7208271657600141e-4,2.151963865401901,54
half_saturation_PAR,TotSoilCarb,clay,elasticity,0.06362896100507642,0.04562182563978945,0.06574716114644048,-0.001445456429895247,0.05541291140314665,54
half_saturation_PAR,TotSoilCarb,clay,variance_explained,0.06362896100507642,0.04562182563978945,0.06574716114644048,-0.06371905010733361,2.925218781711656,54
half_saturation_PAR,TotSoilCarb,ocd,elasticity,0.10786011710047187,0.09070358089086561,0.015325698790815474,-1.7116576540884552e-4,0.07752698967831996,54
half_saturation_PAR,TotSoilCarb,ocd,variance_explained,0.10786011710047191,0.09070358089086572,0.015325698790815601,-0.007545381346109978,3.9000583082101326,54
half_saturation_PAR,TotSoilCarb,twi,elasticity,0.293647659370641,0.28006396051238414,2.3167547778638035e-5,-0.010039064303247948,0.16829819627399728,54
half_saturation_PAR,TotSoilCarb,twi,variance_explained,0.29364765937064113,0.28006396051238436,2.316754777863829e-5,-0.4425450868939421,7.901462253531576,54
growth_resp_factor,AbvGrndWood,MAT,elasticity,0.013695789726243891,-0.005271598932866661,0.39936110769397604,-0.0027978704030704763,1.3021717026946469,54
growth_resp_factor,AbvGrndWood,MAT,variance_explained,0.013695789726243985,-0.005271598932866661,0.3993611076939725,0.035097080043527934,1.929383620361419,54
growth_resp_factor,AbvGrndWood,MAP,elasticity,0.06490846179519351,0.046925932214331945,0.06300128176435414,7.177526707411764e-6,1.2183397831792386,54
growth_resp_factor,AbvGrndWood,MAP,variance_explained,0.06490846179519358,0.046925932214332056,0.06300128176435475,-9.003641808717553e-5,2.9809890078754115,54
growth_resp_factor,AbvGrndWood,clay,elasticity,0.06362896100507648,0.04562182563978945,0.06574716114644011,0.0026577055093984733,1.1860875156425421,54
growth_resp_factor,AbvGrndWood,clay,variance_explained,0.06362896100507642,0.04562182563978945,0.06574716114644065,-0.033338821874350014,3.385568295778972,54
growth_resp_factor,AbvGrndWood,ocd,elasticity,0.10786011710047184,0.09070358089086561,0.015325698790815497,3.1471595292599855e-4,1.1454272048565186,54
growth_resp_factor,AbvGrndWood,ocd,variance_explained,0.1078601171004719,0.09070358089086572,0.015325698790815518,-0.003947863696151558,3.8956198623868064,54
growth_resp_factor,AbvGrndWood,twi,elasticity,0.2936476593706413,0.28006396051238447,2.316754777863808e-5,0.01845844396007228,0.9785296554910484,54
growth_resp_factor,AbvGrndWood,twi,variance_explained,0.293647659370641,0.28006396051238414,2.3167547778638808e-5,-0.23154663791241617,5.989218137246196,54
growth_resp_factor,NPP,MAT,elasticity,0.013695789726243949,-0.005271598932866661,0.3993611076939607,-6.37274151342911e-4,0.8195310104085028,54
growth_resp_factor,NPP,MAT,variance_explained,0.013695789726243957,-0.005271598932866661,0.3993611076939726,0.03773425678577551,1.600590103707267,54
growth_resp_factor,NPP,MAP,elasticity,0.06490846179519347,0.046925932214331945,0.06300128176435517,1.6348334919969953e-6,0.8004365179309388,54
growth_resp_factor,NPP,MAP,variance_explained,0.06490846179519343,0.046925932214331834,0.06300128176435474,-9.680170874498236e-5,2.7312125851371833,54
growth_resp_factor,NPP,clay,elasticity,0.06362896100507619,0.045621825639789226,0.06574716114643982,6.053486327181307e-4,0.7930903819552425,54
growth_resp_factor,NPP,clay,variance_explained,0.06362896100507641,0.04562182563978945,0.06574716114644041,-0.03584388399210829,3.166191754943488,54
growth_resp_factor,NPP,ocd,elasticity,0.10786011710047151,0.09070358089086528,0.01532569879081568,7.168321363093979e-5,0.7838291363231843,54
growth_resp_factor,NPP,ocd,variance_explained,0.1078601171004718,0.09070358089086561,0.015325698790815577,-0.004244504166189013,3.714568336827146,54
growth_resp_factor,NPP,twi,elasticity,0.2936476593706399,0.280063960512383,2.3167547778639404e-5,0.004204300955775553,0.7458146900441982,54
growth_resp_factor,NPP,twi,variance_explained,0.29364765937064097,0.28006396051238414,2.316754777863829e-5,-0.24894493450834224,5.965478521145147,54
growth_resp_factor,TotSoilCarb,MAT,elasticity,0.013695789726243947,-0.005271598932866661,0.3993611076939716,-0.0020283252705856174,0.21104638359434547,54
growth_resp_factor,TotSoilCarb,MAT,variance_explained,0.013695789726243907,-0.005271598932866661,0.39936110769396915,0.001127522154023361,0.3419458915994713,54
growth_resp_factor,TotSoilCarb,MAP,elasticity,0.06490846179519355,0.046925932214332056,0.063001281764355,5.203371387384294e-6,0.15027216022495882,54
growth_resp_factor,TotSoilCarb,MAP,variance_explained,0.06490846179519337,0.046925932214331834,0.0630012817643545,-2.8924929349192364e-6,0.37572956734234825,54
growth_resp_factor,TotSoilCarb,clay,elasticity,0.06362896100507644,0.04562182563978945,0.06574716114644057,0.0019267122739393364,0.12689077372236138,54
growth_resp_factor,TotSoilCarb,clay,variance_explained,0.06362896100507637,0.04562182563978945,0.06574716114643998,-0.0010710366846970773,0.3887270050096558,54
growth_resp_factor,TotSoilCarb,ocd,elasticity,0.1078601171004719,0.09070358089086572,0.015325698790815577,2.2815435614018705e-4,0.0974139488534725,54
growth_resp_factor,TotSoilCarb,ocd,variance_explained,0.10786011710047178,0.09070358089086561,0.015325698790815648,-1.2682832226939734e-4,0.4051128251500038,54
growth_resp_factor,TotSoilCarb,twi,elasticity,0.29364765937064086,0.280063960512384,2.316754777863808e-5,0.013381509128805655,-0.023578973694078315,54
growth_resp_factor,TotSoilCarb,twi,variance_explained,0.2936476593706406,0.2800639605123837,2.316754777863868e-5,-0.007438623486970574,0.4723713672737764,54
dVPDSlope,AbvGrndWood,MAT,elasticity,0.013695789726243973,-0.005271598932866661,0.39936110769397193,-0.010542358514643123,1.3556569062662989,54
dVPDSlope,AbvGrndWood,MAT,variance_explained,0.01369578972624394,-0.005271598932866661,0.39936110769397204,-0.03803950991887905,4.1811567061441854,54
dVPDSlope,AbvGrndWood,MAP,elasticity,0.06490846179519355,0.046925932214332056,0.0630012817643545,2.7044876601474965e-5,1.0397787478168439,54
dVPDSlope,AbvGrndWood,MAP,variance_explained,0.06490846179519344,0.046925932214331834,0.06300128176435427,9.758479094670538e-5,3.041387998335063,54
dVPDSlope,AbvGrndWood,clay,elasticity,0.06362896100507646,0.04562182563978945,0.06574716114644101,0.01001421805515801,0.9182524015969151,54
dVPDSlope,AbvGrndWood,clay,variance_explained,0.0636289610050764,0.04562182563978945,0.06574716114644036,0.03613384486117501,2.602890043060903,54
dVPDSlope,AbvGrndWood,ocd,elasticity,0.10786011710047191,0.09070358089086572,0.015325698790815443,0.0011858477799337242,0.7650445999944354,54
dVPDSlope,AbvGrndWood,ocd,variance_explained,0.10786011710047198,0.09070358089086572,0.015325698790815518,0.00427884029218073,2.0500773417462743,54
dVPDSlope,AbvGrndWood,twi,elasticity,0.29364765937064097,0.28006396051238414,2.316754777863829e-5,0.0695513036043319,0.13617565785358768,54
dVPDSlope,AbvGrndWood,twi,variance_explained,0.2936476593706411,0.28006396051238425,2.3167547778638506e-5,0.2509587868457643,-0.2190416916289208,54
dVPDSlope,NPP,MAT,elasticity,0.013695789726243973,-0.005271598932866661,0.39936110769397204,-0.003254459782548411,0.4542108924014336,54
dVPDSlope,NPP,MAT,variance_explained,0.013695789726243983,-0.005271598932866661,0.3993611076939746,-0.03373239643038542,3.777114409954319,54
dVPDSlope,NPP,MAP,elasticity,0.06490846179519355,0.046925932214332056,0.06300128176435464,8.34883988257767e-6,0.35669829487106913,54
dVPDSlope,NPP,MAP,variance_explained,0.06490846179519365,0.046925932214332056,0.06300128176435489,8.653552216656849e-5,2.766398710073965,54
dVPDSlope,NPP,clay,elasticity,0.06362896100507635,0.04562182563978934,0.06574716114644022,0.0030914211339819224,0.31918272321379054,54
dVPDSlope,NPP,clay,variance_explained,0.06362896100507638,0.04562182563978945,0.06574716114644018,0.032042504806463756,2.3775507230003874,54
dVPDSlope,NPP,ocd,elasticity,0.10786011710047194,0.09070358089086572,0.015325698790815577,3.660750014010752e-4,0.271886984978806,54
dVPDSlope,NPP,ocd,variance_explained,0.10786011710047204,0.09070358089086583,0.015325698790815518,0.003794358479011671,1.8873315474046866,54
dVPDSlope,NPP,twi,elasticity,0.293647659370641,0.28006396051238414,2.316754777863868e-5,0.021470709812203215,0.07775313173824086,54
dVPDSlope,NPP,twi,variance_explained,0.29364765937064097,0.28006396051238414,2.316754777863829e-5,0.2225433845920437,-0.12486111608589126,54
dVPDSlope,TotSoilCarb,MAT,elasticity,0.013695789726243971,-0.005271598932866661,0.3993611076939748,-0.006043076133562681,1.0950158193140447,54
dVPDSlope,TotSoilCarb,MAT,variance_explained,0.01369578972624396,-0.005271598932866661,0.39936110769397315,-0.026706100693601607,4.243804968472734,54
dVPDSlope,TotSoilCarb,MAP,elasticity,0.06490846179519359,0.046925932214332056,0.06300128176435404,1.5502626674905394e-5,0.9139485792094468,54
dVPDSlope,TotSoilCarb,MAP,variance_explained,0.06490846179519358,0.046925932214332056,0.0630012817643543,6.8510589614441e-5,3.4436164817367407,54
dVPDSlope,TotSoilCarb,clay,elasticity,0.06362896100507648,0.04562182563978945,0.06574716114644057,0.005740336191504198,0.8442874154935026,54
dVPDSlope,TotSoilCarb,clay,variance_explained,0.06362896100507638,0.04562182563978945,0.06574716114644065,0.025368205357203927,3.1357636578580044,54
dVPDSlope,TotSoilCarb,ocd,elasticity,0.10786011710047194,0.09070358089086572,0.015325698790815466,6.797500205482633e-4,0.7564658518411593,54
dVPDSlope,TotSoilCarb,ocd,variance_explained,0.10786011710047179,0.09070358089086561,0.015325698790815497,0.003004011879714193,2.7476547758694028,54
dVPDSlope,TotSoilCarb,twi,elasticity,0.2936476593706413,0.28006396051238447,2.316754777863829e-5,0.03986810183752707,0.3959864685881951,54
dVPDSlope,TotSoilCarb,twi,variance_explained,0.2936476593706409,0.28006396051238414,2.3167547778638205e-5,0.1761886692478345,1.1545921543919753,54
leaf_respiration_rate_m2,AbvGrndWood,MAT,elasticity,0.013695789726243971,-0.005271598932866661,0.3993611076939727,0.016870366244516967,1.1465349824044977,54
leaf_respiration_rate_m2,AbvGrndWood,MAT,variance_explained,0.013695789726243938,-0.005271598932866661,0.39936110769397604,0.011373259134531664,5.421272043962003,54
leaf_respiration_rate_m2,AbvGrndWood,MAP,elasticity,0.06490846179519355,0.046925932214332056,0.06300128176435445,-4.327845355201298e-5,1.6520177180071642,54
leaf_respiration_rate_m2,AbvGrndWood,MAP,variance_explained,0.0649084617951937,0.04692593221433217,0.06300128176435402,-2.9176430437532175e-5,5.762046278303808,54
leaf_respiration_rate_m2,AbvGrndWood,clay,elasticity,0.06362896100507638,0.04562182563978945,0.06574716114644022,-0.016025211626820676,1.8464897582285729,54
leaf_respiration_rate_m2,AbvGrndWood,clay,variance_explained,0.0636289610050764,0.04562182563978945,0.06574716114644036,-0.010803493052605088,5.893150776914086,54
leaf_respiration_rate_m2,AbvGrndWood,ocd,elasticity,0.10786011710047193,0.09070358089086572,0.015325698790815518,-0.0018976480765610284,2.091659918298642,54
leaf_respiration_rate_m2,AbvGrndWood,ocd,variance_explained,0.10786011710047212,0.09070358089086594,0.015325698790815388,-0.0012793108939107261,6.058433718737462,54
leaf_respiration_rate_m2,AbvGrndWood,twi,elasticity,0.29364765937064125,0.28006396051238436,2.316754777863868e-5,-0.11129919011565625,3.098004879815746,54
leaf_respiration_rate_m2,AbvGrndWood,twi,variance_explained,0.29364765937064147,0.2800639605123846,2.316754777863808e-5,-0.07503302016696188,6.736867242952403,54
leaf_respiration_rate_m2,NPP,MAT,elasticity,0.013695789726243987,-0.005271598932866661,0.3993611076939727,0.01266185060076776,0.9313365131956574,54
leaf_respiration_rate_m2,NPP,MAT,variance_explained,0.01369578972624392,-0.005271598932866661,0.3993611076939716,0.035156730689218915,3.172552316911994,54
leaf_respiration_rate_m2,NPP,MAP,elasticity,0.06490846179519358,0.046925932214332056,0.06300128176435453,-3.2482123100673974e-5,1.3107205044322752,54
leaf_respiration_rate_m2,NPP,MAP,variance_explained,0.06490846179519344,0.046925932214331834,0.06300128176435486,-9.018944308150371e-5,4.2259450024091665,54
leaf_respiration_rate_m2,NPP,clay,elasticity,0.06362896100507637,0.04562182563978945,0.06574716114644033,-0.012027529961327136,1.4566791566405677,54
leaf_respiration_rate_m2,NPP,clay,variance_explained,0.06362896100507634,0.04562182563978934,0.06574716114644057,-0.03339548420206827,4.631211909217967,54
leaf_respiration_rate_m2,NPP,ocd,elasticity,0.10786011710047197,0.09070358089086572,0.015325698790815474,-0.0014242569538796648,1.640688673303104,54
leaf_respiration_rate_m2,NPP,ocd,variance_explained,0.10786011710047184,0.09070358089086561,0.015325698790815533,-0.003954573445745629,5.142130354359458,54
leaf_respiration_rate_m2,NPP,twi,elasticity,0.29364765937064113,0.28006396051238436,2.316754777863863e-5,-0.08353426931018224,2.395988787768983,54
leaf_respiration_rate_m2,NPP,twi,variance_explained,0.29364765937064086,0.280063960512384,2.3167547778638506e-5,-0.23194017225891786,7.239286887876208,54
leaf_respiration_rate_m2,TotSoilCarb,MAT,elasticity,0.013695789726243949,-0.005271598932866661,0.3993611076939726,0.011785213114827716,0.4220128292558557,54
leaf_respiration_rate_m2,TotSoilCarb,MAT,variance_explained,0.013695789726243949,-0.005271598932866661,0.3993611076939735,0.011918946010668417,1.1379100536164237,54
leaf_respiration_rate_m2,TotSoilCarb,MAP,elasticity,0.0649084617951936,0.046925932214332056,0.06300128176435434,-3.0233238033964752e-5,0.7751303418575571,54
leaf_respiration_rate_m2,TotSoilCarb,MAP,variance_explained,0.06490846179519363,0.046925932214332056,0.06300128176435445,-3.057631019002419e-5,1.495034572885903,54
leaf_respiration_rate_m2,TotSoilCarb,clay,elasticity,0.06362896100507638,0.04562182563978945,0.06574716114644041,-0.011194809377281767,0.9109836129523401,54
leaf_respiration_rate_m2,TotSoilCarb,clay,variance_explained,0.06362896100507642,0.04562182563978945,0.06574716114644041,-0.011321842657191255,1.6324294411648796,54
leaf_respiration_rate_m2,TotSoilCarb,ocd,elasticity,0.10786011710047196,0.09070358089086572,0.015325698790815601,-0.001325649169382032,1.0822533141516997,54
leaf_respiration_rate_m2,TotSoilCarb,ocd,variance_explained,0.10786011710047201,0.09070358089086583,0.015325698790815518,-0.001340691994705851,1.805642628060086,54
leaf_respiration_rate_m2,TotSoilCarb,twi,elasticity,0.29364765937064097,0.28006396051238414,2.3167547778638506e-5,-0.07775081204576965,1.7852605676170354,54
leaf_respiration_rate_m2,TotSoilCarb,twi,variance_explained,0.2936476593706412,0.28006396051238436,2.316754777863842e-5,-0.07863309063908311,2.516627267669137,54
Vm_low_temp,AbvGrndWood,MAT,elasticity,0.013695789726243471,-0.005271598932867105,0.3993611076939645,4.6579705483875707e-4,0.9923253620687026,54
Vm_low_temp,AbvGrndWood,MAT,variance_explained,0.013695789726243931,-0.005271598932866661,0.3993611076939745,-0.12092759172257204,12.148224947651538,54
Vm_low_temp,AbvGrndWood,MAP,elasticity,0.06490846179519395,0.04692593221433239,0.06300128176435549,-1.1949341176309686e-6,1.0062819274510386,54
Vm_low_temp,AbvGrndWood,MAP,variance_explained,0.06490846179519363,0.046925932214332056,0.06300128176435445,3.102220239719513e-4,8.524900534428737,54
Vm_low_temp,AbvGrndWood,clay,elasticity,0.06362896100507624,0.045621825639789226,0.06574716114644011,-4.4246202309726273e-4,1.0116513724453378,54
Vm_low_temp,AbvGrndWood,clay,variance_explained,0.06362896100507642,0.04562182563978945,0.06574716114644022,0.11486948302060868,7.130915653454772,54
Vm_low_temp,AbvGrndWood,ocd,elasticity,0.10786011710047193,0.09070358089086572,0.0153256987908157,-5.23947656127397e-5,1.0184206112893432,54
Vm_low_temp,AbvGrndWood,ocd,variance_explained,0.10786011710047189,0.09070358089086561,0.015325698790815466,0.013602432129182714,5.373524225799967,54
Vm_low_temp,AbvGrndWood,twi,elasticity,0.29364765937064075,0.2800639605123839,2.316754777863919e-5,-0.003073011825019511,1.0462061680717178,54
Vm_low_temp,AbvGrndWood,twi,variance_explained,0.293647659370641,0.28006396051238414,2.3167547778638205e-5,0.7977979153673338,-1.840004566318611,54
Vm_low_temp,NPP,MAT,elasticity,0.01369578972624411,-0.005271598932866439,0.3993611076939929,9.699067738440956e-4,0.9912254060112368,54
Vm_low_temp,NPP,MAT,variance_explained,0.01369578972624392,-0.005271598932866661,0.39936110769397315,-0.10538269042562332,10.693460173509225,54
Vm_low_temp,NPP,MAP,elasticity,0.06490846179519393,0.04692593221433239,0.06300128176435267,-2.4881537634216545e-6,1.0202864899388975,54
Vm_low_temp,NPP,MAP,variance_explained,0.06490846179519354,0.046925932214331945,0.06300128176435434,2.703438565984785e-4,7.535903907721218,54
Vm_low_temp,NPP,clay,elasticity,0.06362896100507691,0.04562182563978989,0.06574716114644154,-9.213173610970498e-4,1.0314670266504422,54
Vm_low_temp,NPP,clay,variance_explained,0.06362896100507641,0.04562182563978945,0.06574716114643998,0.10010333453331012,6.3211118567334195,54
Vm_low_temp,NPP,ocd,elasticity,0.10786011710047247,0.09070358089086628,0.015325698790814971,-1.09099097029209e-4,1.0455622866791747,54
Vm_low_temp,NPP,ocd,variance_explained,0.10786011710047183,0.09070358089086561,0.015325698790815497,0.011853877793198814,4.789628147026656,54
Vm_low_temp,NPP,twi,elasticity,0.29364765937064324,0.28006396051238636,2.316754777863641e-5,-0.006398784522631612,1.1034188133753031,54
Vm_low_temp,NPP,twi,variance_explained,0.29364765937064097,0.28006396051238414,2.3167547778638205e-5,0.6952432405190295,-1.4966218373452538,54
Vm_low_temp,TotSoilCarb,MAT,elasticity,0.013695789726243359,-0.005271598932867327,0.399361107693904,1.2321142178774576e-4,0.9955267740321607,54
Vm_low_temp,TotSoilCarb,MAT,variance_explained,0.013695789726243931,-0.005271598932866661,0.3993611076939695,-0.24194305371210345,39.170252743462775,54
Vm_low_temp,TotSoilCarb,MAP,elasticity,0.06490846179519341,0.046925932214331834,0.06300128176435968,-3.160808554853184e-7,0.9992185282976024,54
Vm_low_temp,TotSoilCarb,MAP,variance_explained,0.06490846179519344,0.046925932214331834,0.06300128176435474,6.206694662431836e-4,31.920971081293494,54
Vm_low_temp,TotSoilCarb,clay,elasticity,0.06362896100507544,0.04562182563978845,0.06574716114643717,-1.1703890006724385e-4,1.0006388398798378,54
Vm_low_temp,TotSoilCarb,clay,variance_explained,0.06362896100507638,0.04562182563978945,0.06574716114644011,0.22982243427203586,29.131988400607327,54
Vm_low_temp,TotSoilCarb,ocd,elasticity,0.10786011710047075,0.0907035808908645,0.015325698790817185,-1.3859326713895083e-5,1.0024294212794547,54
Vm_low_temp,TotSoilCarb,ocd,variance_explained,0.10786011710047175,0.0907035808908655,0.015325698790815601,0.027214748266848717,25.615928562504177,54
Vm_low_temp,TotSoilCarb,twi,elasticity,0.29364765937063353,0.2800639605123765,2.316754777864472e-5,-8.128650711675842e-4,1.0097791842733517,54
Vm_low_temp,TotSoilCarb,twi,variance_explained,0.2936476593706408,0.2800639605123839,2.316754777863889e-5,1.5961755389286543,11.183629373008596,54
leafGrowth,AbvGrndWood,MAT,elasticity,0.013695789726243952,-0.005271598932866661,0.39936110769397293,0.006762949419710341,0.7681909245677851,54
leafGrowth,AbvGrndWood,MAT,variance_explained,0.013695789726243955,-0.005271598932866661,0.3993611076939706,-0.05683785604908991,9.79802122159606,54
leafGrowth,AbvGrndWood,MAP,elasticity,0.06490846179519347,0.046925932214331945,0.06300128176435464,-1.7349356148724637e-5,0.9708275552057662,54
leafGrowth,AbvGrndWood,MAP,variance_explained,0.06490846179519358,0.046925932214332056,0.06300128176435474,1.4580919449902287e-4,8.095002179503705,54
leafGrowth,AbvGrndWood,clay,elasticity,0.06362896100507644,0.04562182563978945,0.06574716114644033,-0.006424145990758563,1.0487870110055308,54
leafGrowth,AbvGrndWood,clay,variance_explained,0.06362896100507634,0.04562182563978934,0.06574716114644033,0.05399045037907594,7.439807522347424,54
leafGrowth,AbvGrndWood,ocd,elasticity,0.10786011710047182,0.09070358089086561,0.015325698790815601,-7.607243240711458e-4,1.147070199867246,54
leafGrowth,AbvGrndWood,ocd,variance_explained,0.10786011710047189,0.09070358089086561,0.015325698790815542,0.006393355463901834,6.6138061146942935,54
leafGrowth,AbvGrndWood,twi,elasticity,0.293647659370641,0.28006396051238414,2.316754777863842e-5,-0.0446173356462577,1.5504912029964766,54
leafGrowth,AbvGrndWood,twi,variance_explained,0.29364765937064086,0.280063960512384,2.3167547778638506e-5,0.37497747556191635,3.2233349637181843,54
leafGrowth,NPP,MAT,elasticity,0.013695789726243971,-0.005271598932866661,0.39936110769397204,0.00855805956771509,0.219845650288037,54
leafGrowth,NPP,MAT,variance_explained,0.013695789726243955,-0.005271598932866661,0.3993611076939727,-0.054152583728976585,9.460320550992659,54
leafGrowth,NPP,MAP,elasticity,0.06490846179519368,0.04692593221433217,0.0630012817643542,-2.1954448298779196e-5,0.4762687355393826,54
leafGrowth,NPP,MAP,variance_explained,0.06490846179519358,0.046925932214332056,0.0630012817643543,1.38920521680892e-4,7.837759679074889,54
leafGrowth,NPP,clay,elasticity,0.06362896100507642,0.04562182563978945,0.0657471611464406,-0.008129326518453307,0.5749212058146383,54
leafGrowth,NPP,clay,variance_explained,0.06362896100507637,0.04562182563978945,0.06574716114644041,0.051439702127274216,7.213519322440223,54
leafGrowth,NPP,ocd,elasticity,0.10786011710047205,0.09070358089086583,0.015325698790815533,-9.62645685481039e-4,0.6992919991747307,54
leafGrowth,NPP,ocd,variance_explained,0.10786011710047182,0.09070358089086561,0.01532569879081562,0.006091305005752389,6.426541883503116,54
leafGrowth,NPP,twi,elasticity,0.2936476593706409,0.28006396051238414,2.3167547778638506e-5,-0.056460250183235076,1.2097942610407066,54
leafGrowth,NPP,twi,variance_explained,0.29364765937064113,0.28006396051238436,2.3167547778638506e-5,0.35726187708961216,3.196251621932736,54
leafGrowth,TotSoilCarb,MAT,elasticity,0.013695789726243942,-0.005271598932866661,0.3993611076939727,-0.002569948739974761,0.3713213190655574,54
leafGrowth,TotSoilCarb,MAT,variance_explained,0.01369578972624397,-0.005271598932866661,0.3993611076939736,-0.003070878578695898,0.5710946695135684,54
leafGrowth,TotSoilCarb,MAP,elasticity,0.06490846179519351,0.046925932214331945,0.0630012817643548,6.592827065043743e-6,0.2943185616498269,54
leafGrowth,TotSoilCarb,MAP,variance_explained,0.06490846179519363,0.046925932214332056,0.0630012817643541,7.877889193730883e-6,0.4790826715424314,54
leafGrowth,TotSoilCarb,clay,elasticity,0.06362896100507642,0.04562182563978945,0.06574716114644048,0.0024412020362368733,0.26469364613326163,54
leafGrowth,TotSoilCarb,clay,variance_explained,0.06362896100507638,0.04562182563978945,0.06574716114644011,0.002917036796392394,0.44368332017000306,54
leafGrowth,TotSoilCarb,ocd,elasticity,0.10786011710047184,0.09070358089086561,0.015325698790815474,2.890783882571946e-4,0.22734562802747413,54
leafGrowth,TotSoilCarb,ocd,variance_explained,0.10786011710047194,0.09070358089086572,0.015325698790815443,3.454250336805063e-4,0.39905549278425684,54
leafGrowth,TotSoilCarb,twi,elasticity,0.2936476593706411,0.28006396051238425,2.316754777863863e-5,0.016954772009819638,0.07404397894967825,54
leafGrowth,TotSoilCarb,twi,variance_explained,0.2936476593706411,0.28006396051238425,2.316754777863808e-5,0.0202595660223711,0.21587255885679485,54
psnTOpt,AbvGrndWood,MAT,elasticity,0.013695789726244023,-0.005271598932866661,0.39936110769397204,0.0020672835305405707,0.7358654607968759,54
psnTOpt,AbvGrndWood,MAT,variance_explained,0.013695789726243943,-0.005271598932866661,0.3993611076939727,8.165032665690174e-4,-8.354139719974461e-4,54
psnTOpt,AbvGrndWood,MAP,elasticity,0.06490846179519356,0.046925932214332056,0.0630012817643542,-5.30331309697676e-6,0.7978069811609411,54
psnTOpt,AbvGrndWood,MAP,variance_explained,0.06490846179519356,0.046925932214332056,0.0630012817643543,-2.094619534935051e-6,0.023629277477600515,54
psnTOpt,AbvGrndWood,clay,elasticity,0.06362896100507638,0.04562182563978945,0.06574716114644048,-0.001963718842222569,0.8216374564495853,54
psnTOpt,AbvGrndWood,clay,variance_explained,0.06362896100507635,0.04562182563978934,0.06574716114644022,-7.755989082342244e-4,0.03304146532199474,54
psnTOpt,AbvGrndWood,ocd,elasticity,0.10786011710047193,0.09070358089086572,0.015325698790815518,-2.325365412094481e-4,0.8516804458397875,54
psnTOpt,AbvGrndWood,ocd,variance_explained,0.10786011710047196,0.09070358089086572,0.015325698790815474,-9.18436405501318e-5,0.04490737467221538,54
psnTOpt,AbvGrndWood,twi,elasticity,0.29364765937064086,0.280063960512384,2.3167547778638506e-5,-0.013638529202848844,0.9749972923642634,54
psnTOpt,AbvGrndWood,twi,variance_explained,0.293647659370641,0.28006396051238414,2.3167547778638506e-5,-0.005386732628016012,0.09361313105382588,54
psnTOpt,NPP,MAT,elasticity,0.013695789726243962,-0.005271598932866661,0.39936110769397315,-0.0052936046843964826,1.2530695284723026,54
psnTOpt,NPP,MAT,variance_explained,0.01369578972624393,-0.005271598932866661,0.39936110769397226,-2.989427483812341e-4,0.09681316762243347,54
psnTOpt,NPP,MAP,elasticity,0.06490846179519355,0.046925932214332056,0.06300128176435434,1.3579967449185116e-5,1.0944585215572928,54
psnTOpt,NPP,MAP,variance_explained,0.0649084617951935,0.046925932214331945,0.0630012817643544,7.668938340169846e-7,0.08785601778643401,54
psnTOpt,NPP,clay,elasticity,0.06362896100507638,0.04562182563978945,0.06574716114644041,0.005028411008193367,1.033436840807785,54
psnTOpt,NPP,clay,variance_explained,0.0636289610050764,0.04562182563978945,0.06574716114644008,2.8396661564295775e-4,0.08440997486451532,54
psnTOpt,NPP,ocd,elasticity,0.1078601171004718,0.09070358089086561,0.015325698790815601,5.954463940985447e-4,0.9565070404104189,54
psnTOpt,NPP,ocd,variance_explained,0.10786011710047205,0.09070358089086583,0.015325698790815563,3.362630800335409e-5,0.08006556168402293,54
psnTOpt,NPP,twi,elasticity,0.2936476593706411,0.28006396051238425,2.3167547778638506e-5,0.034923599501419295,0.6407348559068878,54
psnTOpt,NPP,twi,variance_explained,0.29364765937064113,0.28006396051238436,2.3167547778638808e-5,0.0019722207155160893,0.06223313740495277,54
psnTOpt,TotSoilCarb,MAT,elasticity,0.013695789726243943,-0.005271598932866661,0.3993611076939707,0.015963168186618443,-0.08074548365442467,54
psnTOpt,TotSoilCarb,MAT,variance_explained,0.013695789726243968,-0.005271598932866661,0.39936110769397337,0.019499043115412326,-0.140048784870842,54
psnTOpt,TotSoilCarb,MAP,elasticity,0.06490846179519345,0.046925932214331945,0.06300128176435453,-4.095116981423395e-5,0.39755509422899105,54
psnTOpt,TotSoilCarb,MAP,variance_explained,0.0649084617951936,0.046925932214332056,0.06300128176435453,-5.002193903486495e-5,0.4441963650420358,54
psnTOpt,TotSoilCarb,clay,elasticity,0.06362896100507642,0.04562182563978945,0.06574716114644041,-0.015163461463572694,0.5815694683483504,54
psnTOpt,TotSoilCarb,clay,variance_explained,0.0636289610050763,0.04562182563978934,0.0657471611464403,-0.01852219969122136,0.6689703054567493,54
psnTOpt,TotSoilCarb,ocd,elasticity,0.1078601171004719,0.09070358089086572,0.015325698790815542,-0.0017956027134266818,0.8135556886125757,54
psnTOpt,TotSoilCarb,ocd,variance_explained,0.1078601171004719,0.09070358089086572,0.015325698790815518,-0.0021933324461624487,0.9523419556349166,54
psnTOpt,TotSoilCarb,twi,elasticity,0.2936476593706409,0.28006396051238414,2.316754777863863e-5,-0.10531411500494703,1.765784800987339,54
psnTOpt,TotSoilCarb,twi,variance_explained,0.293647659370641,0.28006396051238414,2.316754777863863e-5,-0.12864141034762677,2.1154917953710637,54
leaf_turnover_rate,AbvGrndWood,MAT,elasticity,0.013695789726243955,-0.005271598932866661,0.3993611076939757,0.04010524557207073,0.19385135820011226,54
leaf_turnover_rate,AbvGrndWood,MAT,variance_explained,0.013695789726243971,-0.005271598932866661,0.3993611076939677,-0.017560889377678118,3.6964862941343704,54
leaf_turnover_rate,AbvGrndWood,MAP,elasticity,0.06490846179519369,0.04692593221433217,0.06300128176435528,-1.0288413319106563e-4,1.395515207695723,54
leaf_turnover_rate,AbvGrndWood,MAP,variance_explained,0.06490846179519352,0.046925932214331945,0.06300128176435474,4.504988950734141e-5,3.170313579589449,54
leaf_turnover_rate,AbvGrndWood,clay,elasticity,0.06362896100507645,0.04562182563978945,0.06574716114644041,-0.03809609337004948,1.8578257952039303,54
leaf_turnover_rate,AbvGrndWood,clay,variance_explained,0.0636289610050764,0.04562182563978945,0.06574716114644018,0.016681141627493668,2.967881579247463,54
leaf_turnover_rate,AbvGrndWood,ocd,elasticity,0.10786011710047197,0.09070358089086572,0.015325698790815474,-0.004511202721789355,2.440658991237821,54
leaf_turnover_rate,AbvGrndWood,ocd,variance_explained,0.10786011710047166,0.09070358089086539,0.01532569879081562,0.0019753209543439663,2.7126763277848656,54
leaf_turnover_rate,AbvGrndWood,twi,elasticity,0.293647659370641,0.28006396051238414,2.316754777863863e-5,-0.26458710420775544,4.833002537719931,54
leaf_turnover_rate,AbvGrndWood,twi,variance_explained,0.29364765937064075,0.2800639605123839,2.3167547778638808e-5,0.11585479159834011,1.6651405310602918,54
leaf_turnover_rate,NPP,MAT,elasticity,0.01369578972624396,-0.005271598932866661,0.39936110769397293,0.021700825202906403,0.2807649967538717,54
leaf_turnover_rate,NPP,MAT,variance_explained,0.013695789726243935,-0.005271598932866661,0.3993611076939706,-0.02316187457574873,4.192611973221683,54
leaf_turnover_rate,NPP,MAP,elasticity,0.06490846179519363,0.046925932214332056,0.06300128176435411,-5.5670288479337614e-5,0.9309816150187886,54
leaf_turnover_rate,NPP,MAP,variance_explained,0.06490846179519359,0.046925932214332056,0.06300128176435464,5.9418396641500276e-5,3.4986182831889914,54
leaf_turnover_rate,NPP,clay,elasticity,0.06362896100507642,0.04562182563978945,0.06574716114644018,-0.02061367911714688,1.1811364540145917,54
leaf_turnover_rate,NPP,clay,variance_explained,0.06362896100507635,0.04562182563978934,0.0657471611464402,0.02200153430995514,3.231621293389664,54
leaf_turnover_rate,NPP,ocd,elasticity,0.10786011710047184,0.09070358089086561,0.015325698790815497,-0.002440997937402013,1.4965057063198481,54
leaf_turnover_rate,NPP,ocd,variance_explained,0.10786011710047187,0.09070358089086561,0.015325698790815518,0.0026053427709373154,2.895019205743537,54
leaf_turnover_rate,NPP,twi,elasticity,0.29364765937064113,0.28006396051238436,2.3167547778638506e-5,-0.1431672694545027,2.79099545166287,54
leaf_turnover_rate,NPP,twi,variance_explained,0.2936476593706409,0.28006396051238414,2.316754777863808e-5,0.1528062784457379,1.5133754737248903,54
leaf_turnover_rate,TotSoilCarb,MAT,elasticity,0.013695789726243952,-0.005271598932866661,0.3993611076939717,0.016448415764469697,0.45879577504897473,54
leaf_turnover_rate,TotSoilCarb,MAT,variance_explained,0.013695789726244743,-0.005271598932865773,0.3993611076940119,-0.0012343567054182354,4.121225268538999,54
leaf_turnover_rate,TotSoilCarb,MAP,elasticity,0.06490846179519351,0.046925932214331945,0.06300128176435445,-4.2196001399682725e-5,0.951635709668439,54
leaf_turnover_rate,TotSoilCarb,MAP,variance_explained,0.06490846179519273,0.046925932214331056,0.06300128176435166,3.16656132817663e-6,4.0842405347684965,54
leaf_turnover_rate,TotSoilCarb,clay,elasticity,0.0636289610050764,0.04562182563978945,0.06574716114644057,-0.015624399596969523,1.1412437434102087,54
leaf_turnover_rate,TotSoilCarb,clay,variance_explained,0.06362896100507763,0.04562182563979078,0.06574716114644251,0.0011725191463310876,4.070011568818116,54
leaf_turnover_rate,TotSoilCarb,ocd,elasticity,0.10786011710047187,0.09070358089086561,0.015325698790815497,-0.0018501853537451552,1.380281869045729,54
leaf_turnover_rate,TotSoilCarb,ocd,variance_explained,0.10786011710047363,0.09070358089086739,0.015325698790814593,1.388455113467753e-4,4.052073165664044,54
leaf_turnover_rate,TotSoilCarb,twi,elasticity,0.2936476593706409,0.28006396051238414,2.316754777863842e-5,-0.10851544813771082,2.361456793739044,54
leaf_turnover_rate,TotSoilCarb,twi,variance_explained,0.2936476593706447,0.2800639605123879,2.3167547778635077e-5,0.008143445117650746,3.978441767672532,54
root_turnover_rate,AbvGrndWood,MAT,elasticity,0.013695789726243945,-0.005271598932866661,0.3993611076939745,0.007399557555240104,0.14338720562488402,54
root_turnover_rate,AbvGrndWood,MAT,variance_explained,0.013695789726243966,-0.005271598932866661,0.3993611076939738,0.05968989798847437,1.8349820131466215,54
root_turnover_rate,AbvGrndWood,MAP,elasticity,0.06490846179519347,0.046925932214331945,0.0630012817643543,-1.898248107470628e-5,0.3650983730684364,54
root_turnover_rate,AbvGrndWood,MAP,variance_explained,0.06490846179519351,0.046925932214331945,0.06300128176435425,-1.5312569034819752e-4,3.6234561034980644,54
root_turnover_rate,AbvGrndWood,clay,elasticity,0.06362896100507642,0.04562182563978945,0.0657471611464402,-0.007028861973053039,0.4503962873903011,54
root_turnover_rate,AbvGrndWood,clay,variance_explained,0.06362896100507638,0.04562182563978945,0.06574716114644022,-0.05669961359371953,4.311527487022361,54
root_turnover_rate,AbvGrndWood,ocd,elasticity,0.10786011710047201,0.09070358089086583,0.015325698790815466,-8.323326215083076e-4,0.5579310429475808,54
root_turnover_rate,AbvGrndWood,ocd,variance_explained,0.10786011710047186,0.09070358089086561,0.015325698790815424,-0.006714164853698226,5.178976458330656,54
root_turnover_rate,AbvGrndWood,twi,elasticity,0.2936476593706411,0.28006396051238425,2.316754777863868e-5,-0.04881724268316219,0.9993267634223462,54
root_turnover_rate,AbvGrndWood,twi,variance_explained,0.29364765937064113,0.28006396051238436,2.316754777863829e-5,-0.3937933064353325,8.739576579486545,54
root_turnover_rate,NPP,MAT,elasticity,0.013695789726243931,-0.005271598932866661,0.3993611076939735,0.0057918440971208565,0.07993404825363831,54
root_turnover_rate,NPP,MAT,variance_explained,0.013695789726243971,-0.005271598932866661,0.39936110769397204,0.06110286573343475,1.7820843744947708,54
root_turnover_rate,NPP,MAP,elasticity,0.06490846179519354,0.046925932214331945,0.0630012817643544,-1.4858127684051533e-5,0.25347368313550306,54
root_turnover_rate,NPP,MAP,variance_explained,0.06490846179519365,0.046925932214332056,0.06300128176435504,-1.567504521366748e-4,3.6128948783353367,54
root_turnover_rate,NPP,clay,elasticity,0.06362896100507633,0.04562182563978934,0.0657471611464402,-0.0055016901246041396,0.32023878603168304,54
root_turnover_rate,NPP,clay,variance_explained,0.06362896100507644,0.04562182563978945,0.06574716114644057,-0.05804179590361551,4.317254154851805,54
root_turnover_rate,NPP,ocd,elasticity,0.10786011710047187,0.09070358089086561,0.015325698790815577,-6.514904093569929e-4,0.40440929684400845,54
root_turnover_rate,NPP,ocd,variance_explained,0.10786011710047189,0.09070358089086561,0.015325698790815542,-0.006873101268272967,5.205237210790201,54
root_turnover_rate,NPP,twi,elasticity,0.293647659370641,0.28006396051238414,2.316754777863842e-5,-0.038210643915048845,0.7499022778825517,54
root_turnover_rate,NPP,twi,variance_explained,0.29364765937064097,0.28006396051238414,2.3167547778638205e-5,-0.4031151055826821,8.850123170813939,54
root_turnover_rate,TotSoilCarb,MAT,elasticity,0.013695789726243935,-0.005271598932866661,0.39936110769397315,0.0018887858024192081,0.1511000377379236,54
root_turnover_rate,TotSoilCarb,MAT,variance_explained,0.013695789726243936,-0.005271598932866661,0.3993611076939707,0.02864710226733825,0.44831150944148535,54
root_turnover_rate,TotSoilCarb,MAP,elasticity,0.06490846179519354,0.046925932214331945,0.0630012817643542,-4.845403320527728e-6,0.20769327350627229,54
root_turnover_rate,TotSoilCarb,MAP,variance_explained,0.06490846179519356,0.046925932214332056,0.06300128176435517,-7.348994484809741e-5,1.3066577605722096,54
root_turnover_rate,TotSoilCarb,clay,elasticity,0.06362896100507638,0.04562182563978945,0.06574716114644033,-0.0017941633135166565,0.22946612794309132,54
root_turnover_rate,TotSoilCarb,clay,variance_explained,0.06362896100507638,0.04562182563978945,0.06574716114644011,-0.027211968588913858,1.636885352766378,54
root_turnover_rate,TotSoilCarb,ocd,elasticity,0.1078601171004718,0.09070358089086561,0.01532569879081562,-2.124583837153805e-4,0.25691508256597595,54
root_turnover_rate,TotSoilCarb,ocd,variance_explained,0.1078601171004718,0.09070358089086561,0.015325698790815601,-0.003222343707821369,2.053202019911028,54
root_turnover_rate,TotSoilCarb,twi,elasticity,0.29364765937064086,0.280063960512384,2.316754777863863e-5,-0.012460922724753042,0.36958424742583096,54
root_turnover_rate,TotSoilCarb,twi,variance_explained,0.293647659370641,0.28006396051238414,2.3167547778638506e-5,-0.18899407608008392,3.762048562479165,54
extinction_coefficient,AbvGrndWood,MAT,elasticity,0.013695789726243955,-0.005271598932866661,0.3993611076939725,0.10727374682789528,-0.5773693875280919,54
extinction_coefficient,AbvGrndWood,MAT,variance_explained,0.013695789726243975,-0.005271598932866661,0.3993611076939738,0.009767962597466852,0.7895891108440487,54
extinction_coefficient,AbvGrndWood,MAP,elasticity,0.06490846179519356,0.046925932214332056,0.06300128176435453,-2.7519508481034706e-4,2.636848147466801,54
extinction_coefficient,AbvGrndWood,MAP,variance_explained,0.06490846179519366,0.046925932214332056,0.06300128176435453,-2.5058277303829445e-5,1.0822642302497596,54
extinction_coefficient,AbvGrndWood,clay,elasticity,0.0636289610050764,0.04562182563978945,0.06574716114644057,-0.10189965469645461,3.873439227082271,54
extinction_coefficient,AbvGrndWood,clay,variance_explained,0.06362896100507642,0.04562182563978945,0.06574716114644022,-0.009278617044733723,1.1948637783332627,54
extinction_coefficient,AbvGrndWood,ocd,elasticity,0.10786011710047198,0.09070358089086572,0.015325698790815542,-0.012066591583310271,5.432404889114596,54
extinction_coefficient,AbvGrndWood,ocd,variance_explained,0.10786011710047197,0.09070358089086572,0.015325698790815388,-0.0010987405469651576,1.3368175995407747,54
extinction_coefficient,AbvGrndWood,twi,elasticity,0.29364765937064097,0.28006396051238414,2.3167547778638506e-5,-0.7077191431156482,11.8314594833443,54
extinction_coefficient,AbvGrndWood,twi,variance_explained,0.29364765937064113,0.28006396051238436,2.3167547778638205e-5,-0.06444236659837936,1.919492557616635,54
extinction_coefficient,NPP,MAT,elasticity,0.013695789726243983,-0.005271598932866661,0.3993611076939746,0.05277734735932639,-0.24431772916859346,54
extinction_coefficient,NPP,MAT,variance_explained,0.01369578972624396,-0.005271598932866661,0.39936110769397104,0.01169387871497891,0.7055862740452354,54
extinction_coefficient,NPP,MAP,elasticity,0.06490846179519358,0.046925932214332056,0.06300128176435475,-1.3539255420915531e-4,1.3370372654045164,54
extinction_coefficient,NPP,MAP,variance_explained,0.06490846179519354,0.046925932214331945,0.06300128176435453,-2.9998933009149774e-5,1.0559671559406998,54
extinction_coefficient,NPP,clay,elasticity,0.0636289610050765,0.04562182563978956,0.06574716114644022,-0.05013336096424796,1.9454246750007975,54
extinction_coefficient,NPP,clay,variance_explained,0.06362896100507634,0.04562182563978934,0.06574716114644041,-0.011108050556212192,1.1907675757325793,54
extinction_coefficient,NPP,ocd,elasticity,0.10786011710047194,0.09070358089086572,0.015325698790815533,-0.005936612771223624,2.712416364014377,54
extinction_coefficient,NPP,ocd,variance_explained,0.10786011710047187,0.09070358089086561,0.015325698790815533,-0.0013153755010048968,1.3607099513062657,54
extinction_coefficient,NPP,twi,elasticity,0.293647659370641,0.28006396051238414,2.3167547778638205e-5,-0.3481890038667573,5.860671525016499,54
extinction_coefficient,NPP,twi,variance_explained,0.2936476593706409,0.28006396051238414,2.316754777863868e-5,-0.07714824986155036,2.058268958315722,54
extinction_coefficient,TotSoilCarb,MAT,elasticity,0.013695789726243914,-0.005271598932866661,0.39936110769397315,0.02984034850889184,0.9634167572564859,54
extinction_coefficient,TotSoilCarb,MAT,variance_explained,0.013695789726243945,-0.005271598932866661,0.3993611076939738,0.06446697433751514,1.6307555742956652,54
extinction_coefficient,TotSoilCarb,MAP,elasticity,0.06490846179519356,0.046925932214332056,0.06300128176435464,-7.655104330279061e-5,1.8575159591937276,54
extinction_coefficient,TotSoilCarb,MAP,variance_explained,0.06490846179519358,0.046925932214332056,0.06300128176435456,-1.6538058001033332e-4,3.5623640569950346,54
extinction_coefficient,TotSoilCarb,clay,elasticity,0.06362896100507631,0.04562182563978934,0.0657471611464402,-0.028345436781996004,2.20149861916284,54
extinction_coefficient,TotSoilCarb,clay,variance_explained,0.06362896100507637,0.04562182563978945,0.06574716114644011,-0.06123737278289774,4.305502874766253,54
extinction_coefficient,TotSoilCarb,ocd,elasticity,0.10786011710047196,0.09070358089086572,0.01532569879081562,-0.003356564945364687,2.6351562478375823,54
extinction_coefficient,TotSoilCarb,ocd,variance_explained,0.10786011710047187,0.09070358089086561,0.015325698790815474,-0.007251510019413795,5.242375150594797,54
extinction_coefficient,TotSoilCarb,twi,elasticity,0.29364765937064097,0.28006396051238414,2.316754777863868e-5,-0.19686630234764593,4.41518188193416,54
extinction_coefficient,TotSoilCarb,twi,variance_explained,0.293647659370641,0.28006396051238414,2.3167547778638506e-5,-0.4253092036638052,9.087935695547186,54
stem_respiration_rate,AbvGrndWood,MAT,elasticity,0.013695789726243949,-0.005271598932866661,0.3993611076939725,0.006224978224590143,-0.00468812217761334,54
stem_respiration_rate,AbvGrndWood,MAT,variance_explained,0.013695789726243957,-0.005271598932866661,0.3993611076939716,-0.05151795761291204,14.277580438600731,54
stem_respiration_rate,AbvGrndWood,MAP,elasticity,0.06490846179519352,0.046925932214331945,0.06300128176435434,-1.5969269845743673e-5,0.18182940663155156,54
stem_respiration_rate,AbvGrndWood,MAP,variance_explained,0.06490846179519355,0.046925932214332056,0.0630012817643544,1.3216177428096028e-4,12.73396023679861,54
stem_respiration_rate,AbvGrndWood,clay,elasticity,0.06362896100507634,0.04562182563978934,0.06574716114643998,-0.005913125534771918,0.2535874347694018,54
stem_respiration_rate,AbvGrndWood,clay,variance_explained,0.0636289610050764,0.04562182563978945,0.06574716114644041,0.048937062856997164,12.140090359890678,54
stem_respiration_rate,AbvGrndWood,ocd,elasticity,0.10786011710047187,0.09070358089086561,0.015325698790815443,-7.002111147626719e-4,0.3440525074083247,54
stem_respiration_rate,AbvGrndWood,ocd,variance_explained,0.10786011710047186,0.09070358089086561,0.015325698790815563,0.005794951440622623,11.39140086901814,54
stem_respiration_rate,AbvGrndWood,twi,elasticity,0.29364765937064075,0.2800639605123839,2.3167547778638506e-5,-0.041068167984180975,0.7153826481458444,54
stem_respiration_rate,AbvGrndWood,twi,variance_explained,0.2936476593706409,0.28006396051238414,2.316754777863889e-5,0.3398804077886204,8.318270367879453,54
stem_respiration_rate,NPP,MAT,elasticity,0.013695789726243971,-0.005271598932866661,0.39936110769397315,-0.003934345745174032,0.8459482188274243,54
stem_respiration_rate,NPP,MAT,variance_explained,0.013695789726243943,-0.005271598932866661,0.3993611076939707,-0.16220380306534962,24.874234429199863,54
stem_respiration_rate,NPP,MAP,elasticity,0.06490846179519356,0.046925932214332056,0.0630012817643542,1.0092987734952981e-5,0.7280643613430828,54
stem_respiration_rate,NPP,MAP,variance_explained,0.0649084617951935,0.046925932214331945,0.06300128176435474,4.1611009833323004e-4,20.014160800076553,54
stem_respiration_rate,NPP,clay,elasticity,0.06362896100507649,0.04562182563978956,0.06574716114644033,0.003737246854376195,0.6827114488507957,54
stem_respiration_rate,NPP,clay,variance_explained,0.06362896100507638,0.04562182563978945,0.0657471611464403,0.15407788029748168,18.14436710048558,54
stem_respiration_rate,NPP,ocd,elasticity,0.1078601171004719,0.09070358089086572,0.015325698790815412,4.4255136655863106e-4,0.6255352048893572,54
stem_respiration_rate,NPP,ocd,variance_explained,0.10786011710047178,0.09070358089086561,0.015325698790815497,0.01824534988965538,15.787125308273128,54
stem_respiration_rate,NPP,twi,elasticity,0.2936476593706412,0.28006396051238436,2.316754777863829e-5,0.025956134486123984,0.3908450410756958,54
stem_respiration_rate,NPP,twi,variance_explained,0.29364765937064086,0.280063960512384,2.3167547778638808e-5,1.0701102544658858,6.11140294470092,54
stem_respiration_rate,TotSoilCarb,MAT,elasticity,0.013695789726243968,-0.005271598932866661,0.3993611076939716,0.007310819654048119,-0.04813141481466761,54
stem_respiration_rate,TotSoilCarb,MAT,variance_explained,0.013695789726243966,-0.005271598932866661,0.39936110769397293,0.018636730251283203,1.5212814022782317,54
stem_respiration_rate,TotSoilCarb,MAP,elasticity,0.06490846179519352,0.046925932214331945,0.06300128176435434,-1.8754836986879168e-5,0.17092092018885094,54
stem_respiration_rate,TotSoilCarb,MAP,variance_explained,0.06490846179519352,0.046925932214331945,0.06300128176435404,-4.780980168724551e-5,2.0796892787622046,54
stem_respiration_rate,TotSoilCarb,clay,elasticity,0.06362896100507641,0.04562182563978945,0.0657471611464403,-0.006944569573865537,0.25519591417575316,54
stem_respiration_rate,TotSoilCarb,clay,variance_explained,0.06362896100507645,0.04562182563978945,0.06574716114644033,-0.01770308610850999,2.2945229642016667,54
stem_respiration_rate,TotSoilCarb,ocd,elasticity,0.10786011710047184,0.09070358089086561,0.015325698790815533,-8.22351017963106e-4,0.3614410779645908,54
stem_respiration_rate,TotSoilCarb,ocd,variance_explained,0.10786011710047198,0.09070358089086572,0.015325698790815518,-0.0020963359539529027,2.5653629728099467,54
stem_respiration_rate,TotSoilCarb,twi,elasticity,0.2936476593706409,0.28006396051238414,2.3167547778638506e-5,-0.048231810429227265,0.7975434373785544,54
stem_respiration_rate,TotSoilCarb,twi,variance_explained,0.2936476593706411,0.28006396051238425,2.316754777863863e-5,-0.1229524571848537,3.677074438684484,54
root_respiration_rate,AbvGrndWood,MAT,elasticity,0.013695789726243936,-0.005271598932866661,0.39936110769397415,0.15621468329758562,-1.1181819026471758,54
root_respiration_rate,AbvGrndWood,MAT,variance_explained,0.013695789726243952,-0.005271598932866661,0.39936110769397626,-0.05798563277686791,14.54531094724565,54
root_respiration_rate,AbvGrndWood,MAP,elasticity,0.06490846179519355,0.046925932214332056,0.06300128176435464,-4.0074588881164894e-4,3.562441168012708,54
root_respiration_rate,AbvGrndWood,MAP,variance_explained,0.06490846179519355,0.046925932214332056,0.06300128176435411,1.4875364757616937e-4,12.807901346477246,54
root_respiration_rate,AbvGrndWood,clay,elasticity,0.06362896100507644,0.04562182563978945,0.06574716114643996,-0.148388797420104,5.363195682355066,54
root_respiration_rate,AbvGrndWood,clay,variance_explained,0.06362896100507646,0.04562182563978945,0.0657471611464408,0.05508072694429096,12.139475768383358,54
root_respiration_rate,AbvGrndWood,ocd,elasticity,0.10786011710047187,0.09070358089086561,0.015325698790815563,-0.017571669102714373,7.633400036798871,54
root_respiration_rate,AbvGrndWood,ocd,variance_explained,0.10786011710047207,0.09070358089086583,0.015325698790815474,0.006522462103806504,11.296794189120691,54
root_respiration_rate,AbvGrndWood,twi,elasticity,0.2936476593706411,0.28006396051238425,2.3167547778638506e-5,-1.0305981199931498,16.951861602659044,54
root_respiration_rate,AbvGrndWood,twi,variance_explained,0.29364765937064136,0.2800639605123846,2.3167547778638205e-5,0.38254972493598594,7.837856277541676,54
root_respiration_rate,NPP,MAT,elasticity,0.013695789726243973,-0.005271598932866661,0.3993611076939726,0.10561152780475733,-0.716030581082713,54
root_respiration_rate,NPP,MAT,variance_explained,0.013695789726243975,-0.005271598932866661,0.39936110769396993,-0.03866250036542612,12.801956370950078,54
root_respiration_rate,NPP,MAP,elasticity,0.06490846179519351,0.046925932214331945,0.0630012817643544,-2.7093090537621487e-4,2.4483822841848917,54
root_respiration_rate,NPP,MAP,variance_explained,0.0649084617951935,0.046925932214331945,0.06300128176435464,9.918298168622104e-5,11.6435211498827,54
root_respiration_rate,NPP,clay,elasticity,0.06362896100507633,0.04562182563978934,0.06574716114644057,-0.10032070784788981,3.6658122430493774,54
root_respiration_rate,NPP,clay,variance_explained,0.06362896100507627,0.04562182563978934,0.06574716114644022,0.03672562535975467,11.197841713102894,54
root_respiration_rate,NPP,ocd,elasticity,0.10786011710047183,0.09070358089086561,0.015325698790815533,-0.011879618361368145,5.200621553164523,54
root_respiration_rate,NPP,ocd,variance_explained,0.10786011710047166,0.09070358089086539,0.015325698790815639,0.004348916816037451,10.63597534541919,54
root_respiration_rate,NPP,twi,elasticity,0.29364765937064097,0.28006396051238414,2.316754777863842e-5,-0.6967529537402264,11.500522061784705,54
root_respiration_rate,NPP,twi,variance_explained,0.2936476593706408,0.2800639605123839,2.316754777863889e-5,0.25506885364250564,8.32969391213703,54
root_respiration_rate,TotSoilCarb,MAT,elasticity,0.013695789726243985,-0.005271598932866661,0.39936110769397293,0.02061363356983315,-0.14749594264043941,54
root_respiration_rate,TotSoilCarb,MAT,variance_explained,0.013695789726243949,-0.005271598932866661,0.39936110769397626,0.015692353700393253,3.2690172004803206,54
root_respiration_rate,TotSoilCarb,MAP,elasticity,0.06490846179519351,0.046925932214331945,0.06300128176435434,-5.288125758859501e-5,0.47014541360319123,54
root_respiration_rate,TotSoilCarb,MAP,variance_explained,0.06490846179519359,0.046925932214332056,0.06300128176435377,-4.025643491675603e-5,3.739203428897116,54
root_respiration_rate,TotSoilCarb,clay,elasticity,0.06362896100507642,0.04562182563978945,0.06574716114644011,-0.019580952515578866,0.7077677223663376,54
root_respiration_rate,TotSoilCarb,clay,variance_explained,0.06362896100507652,0.04562182563978956,0.06574716114644072,-0.014906213968736868,3.9200960067914035,54
root_respiration_rate,TotSoilCarb,ocd,elasticity,0.10786011710047196,0.09070358089086572,0.015325698790815497,-0.0023187061577540605,1.0073372615625773,54
root_respiration_rate,TotSoilCarb,ocd,variance_explained,0.10786011710047215,0.09070358089086594,0.015325698790815443,-0.001765140387864736,4.148146590450309,54
root_respiration_rate,TotSoilCarb,twi,elasticity,0.293647659370641,0.28006396051238414,2.316754777863868e-5,-0.1359947192853029,2.2369742463733595,54
root_respiration_rate,TotSoilCarb,twi,variance_explained,0.29364765937064147,0.2800639605123846,2.316754777863808e-5,-0.1035274654117157,5.084221175426657,54
leaf_allocation_fraction,AbvGrndWood,MAT,elasticity,NA,NA,NA,0,13.899754895349572,6
leaf_allocation_fraction,AbvGrndWood,MAT,variance_explained,0.6516189830620556,0.5645237288275695,0.31081089269358975,-4.598072773806984e-16,10.613280545259206,6
leaf_allocation_fraction,AbvGrndWood,MAP,elasticity,NA,NA,NA,-0,13.899754895349572,6
leaf_allocation_fraction,AbvGrndWood,MAP,variance_explained,0.51998452952751,0.3999806619093874,0.5947850125336233,5.342751881806205e-19,10.613280545259197,6
leaf_allocation_fraction,AbvGrndWood,clay,elasticity,NA,NA,NA,-0,13.899754895349572,6
leaf_allocation_fraction,AbvGrndWood,clay,variance_explained,0.5674927447685961,0.4593659309607452,0.09486769996110922,-2.0787465457187347e-16,10.613280545259203,6
leaf_allocation_fraction,AbvGrndWood,ocd,elasticity,NA,NA,NA,-0,13.899754895349572,6
leaf_allocation_fraction,AbvGrndWood,ocd,variance_explained,0.5532982567828186,0.44162282097852334,0.7378528030752131,-7.067886875343965e-18,10.6132805452592,6
leaf_allocation_fraction,AbvGrndWood,twi,elasticity,NA,NA,NA,0,13.899754895349572,6
leaf_allocation_fraction,AbvGrndWood,twi,variance_explained,0.5559968175107153,0.44499602188839416,0.6978988204298084,3.0973680647384354e-16,10.613280545259196,6
leaf_allocation_fraction,NPP,MAT,elasticity,NA,NA,NA,0,9.381352850112899,6
leaf_allocation_fraction,NPP,MAT,variance_explained,NA,NA,NA,0,10.58215922284117,6
leaf_allocation_fraction,NPP,MAP,elasticity,NA,NA,NA,-0,9.381352850112899,6
leaf_allocation_fraction,NPP,MAP,variance_explained,NA,NA,NA,-0,10.58215922284117,6
leaf_allocation_fraction,NPP,clay,elasticity,NA,NA,NA,-0,9.381352850112899,6
leaf_allocation_fraction,NPP,clay,variance_explained,NA,NA,NA,-0,10.58215922284117,6
leaf_allocation_fraction,NPP,ocd,elasticity,NA,NA,NA,-0,9.381352850112899,6
leaf_allocation_fraction,NPP,ocd,variance_explained,NA,NA,NA,-0,10.58215922284117,6
leaf_allocation_fraction,NPP,twi,elasticity,NA,NA,NA,0,9.381352850112899,6
leaf_allocation_fraction,NPP,twi,variance_explained,NA,NA,NA,0,10.58215922284117,6
leaf_allocation_fraction,TotSoilCarb,MAT,elasticity,0.6516189830620556,0.5645237288275695,0.31081089269358975,-1.149518193451746e-16,2.869399771780669,6
leaf_allocation_fraction,TotSoilCarb,MAT,variance_explained,0.4832602764920449,0.35407534561505605,0.31081089269358975,-4.598072773806984e-16,5.643404440195871,6
leaf_allocation_fraction,TotSoilCarb,MAP,elasticity,0.51998452952751,0.3999806619093874,0.5947850125336233,1.3356879704515512e-19,2.8693997717806665,6
leaf_allocation_fraction,TotSoilCarb,MAP,variance_explained,0.51998452952751,0.3999806619093874,0.5947850125336233,5.342751881806205e-19,5.643404440195861,6
leaf_allocation_fraction,TotSoilCarb,clay,elasticity,0.5674927447685961,0.4593659309607452,0.09486769996110922,-5.1968663642968366e-17,2.8693997717806683,6
leaf_allocation_fraction,TotSoilCarb,clay,variance_explained,0.5674927447685961,0.4593659309607452,0.09486769996110922,-2.0787465457187347e-16,5.643404440195867,6
leaf_allocation_fraction,TotSoilCarb,ocd,elasticity,0.5532982567828186,0.44162282097852334,0.7378528030752131,-1.7669717188359912e-18,2.8693997717806674,6
leaf_allocation_fraction,TotSoilCarb,ocd,variance_explained,0.5079204653273378,0.3849005816591723,0.7378528030752131,-7.067886875343965e-18,5.643404440195865,6
leaf_allocation_fraction,TotSoilCarb,twi,elasticity,0.5559968175107153,0.44499602188839416,0.6978988204298084,7.743420161846088e-17,2.869399771780666,6
leaf_allocation_fraction,TotSoilCarb,twi,variance_explained,0.49782901088718784,0.37228626360898487,0.6978988204298084,3.0973680647384354e-16,5.643404440195859,6
wueConst,AbvGrndWood,MAT,elasticity,0.6516189830620556,0.5645237288275695,0.31081089269358975,-2.299036386903492e-16,4.386715668647427,6
wueConst,AbvGrndWood,MAT,variance_explained,0.6516189830620556,0.5645237288275695,0.31081089269358975,-2.873795483629365e-17,0.7625267931800367,6
wueConst,AbvGrndWood,MAP,elasticity,0.51998452952751,0.3999806619093874,0.5947850125336233,2.6713759409031023e-19,4.386715668647422,6
wueConst,AbvGrndWood,MAP,variance_explained,0.51998452952751,0.3999806619093874,0.5947850125336233,3.339219926128878e-20,0.762526793180036,6
wueConst,AbvGrndWood,clay,elasticity,0.5674927447685961,0.4593659309607452,0.09486769996110922,-1.0393732728593673e-16,4.386715668647424,6
wueConst,AbvGrndWood,clay,variance_explained,0.5674927447685961,0.4593659309607452,0.09486769996110922,-1.2992165910742092e-17,0.7625267931800364,6
wueConst,AbvGrndWood,ocd,elasticity,0.5532982567828186,0.44162282097852334,0.7378528030752131,-3.5339434376719825e-18,4.386715668647423,6
wueConst,AbvGrndWood,ocd,variance_explained,0.5532982567828186,0.44162282097852334,0.7378528030752131,-4.417429297089978e-19,0.7625267931800362,6
wueConst,AbvGrndWood,twi,elasticity,0.5559968175107153,0.44499602188839416,0.6978988204298084,1.5486840323692177e-16,4.386715668647421,6
wueConst,AbvGrndWood,twi,variance_explained,0.5559968175107153,0.44499602188839416,0.6978988204298084,1.935855040461522e-17,0.7625267931800359,6
wueConst,NPP,MAT,elasticity,NA,NA,NA,0,1.6317263988813013,6
wueConst,NPP,MAT,variance_explained,0.4832602764920449,0.35407534561505605,0.31081089269358975,-5.74759096725873e-17,0.7195922700606497,6
wueConst,NPP,MAP,elasticity,NA,NA,NA,-0,1.6317263988813013,6
wueConst,NPP,MAP,variance_explained,0.51998452952751,0.3999806619093874,0.5947850125336233,6.678439852257756e-20,0.7195922700606484,6
wueConst,NPP,clay,elasticity,NA,NA,NA,-0,1.6317263988813013,6
wueConst,NPP,clay,variance_explained,0.5674927447685961,0.4593659309607452,0.09486769996110922,-2.5984331821484183e-17,0.7195922700606492,6
wueConst,NPP,ocd,elasticity,NA,NA,NA,-0,1.6317263988813013,6
wueConst,NPP,ocd,variance_explained,0.5079204653273378,0.3849005816591723,0.7378528030752131,-8.834858594179956e-19,0.7195922700606489,6
wueConst,NPP,twi,elasticity,NA,NA,NA,0,1.6317263988813013,6
wueConst,NPP,twi,variance_explained,0.49782901088718784,0.37228626360898487,0.6978988204298084,3.871710080923044e-17,0.7195922700606482,6
wueConst,TotSoilCarb,MAT,elasticity,0.6516189830620556,0.5645237288275695,0.31081089269358975,-5.74759096725873e-17,1.7410324433403226,6
wueConst,TotSoilCarb,MAT,variance_explained,0.4832602764920449,0.35407534561505605,0.31081089269358975,-2.299036386903492e-16,2.4034515541105135,6
wueConst,TotSoilCarb,MAP,elasticity,0.51998452952751,0.3999806619093874,0.5947850125336233,6.678439852257756e-20,1.741032443340321,6
wueConst,TotSoilCarb,MAP,variance_explained,0.51998452952751,0.3999806619093874,0.5947850125336233,2.6713759409031023e-19,2.4034515541105086,6
wueConst,TotSoilCarb,clay,elasticity,0.5674927447685961,0.4593659309607452,0.09486769996110922,-2.5984331821484183e-17,1.741032443340322,6
wueConst,TotSoilCarb,clay,variance_explained,0.5674927447685961,0.4593659309607452,0.09486769996110922,-1.0393732728593673e-16,2.4034515541105113,6
wueConst,TotSoilCarb,ocd,elasticity,0.5532982567828186,0.44162282097852334,0.7378528030752131,-8.834858594179956e-19,1.741032443340322,6
wueConst,TotSoilCarb,ocd,variance_explained,0.5079204653273378,0.3849005816591723,0.7378528030752131,-3.5339434376719825e-18,2.4034515541105104,6
wueConst,TotSoilCarb,twi,elasticity,0.5559968175107153,0.44499602188839416,0.6978988204298084,3.871710080923044e-17,1.741032443340321,6
wueConst,TotSoilCarb,twi,variance_explained,0.49782901088718784,0.37228626360898487,0.6978988204298084,1.5486840323692177e-16,2.4034515541105077,6
leafWHC,AbvGrndWood,MAT,elasticity,NA,NA,NA,0,3.2677389112124477,6
leafWHC,AbvGrndWood,MAT,variance_explained,NA,NA,NA,0,0.6275041176162606,6
leafWHC,AbvGrndWood,MAP,elasticity,NA,NA,NA,-0,3.2677389112124477,6
leafWHC,AbvGrndWood,MAP,variance_explained,NA,NA,NA,-0,0.6275041176162606,6
leafWHC,AbvGrndWood,clay,elasticity,NA,NA,NA,-0,3.2677389112124477,6
leafWHC,AbvGrndWood,clay,variance_explained,NA,NA,NA,-0,0.6275041176162606,6
leafWHC,AbvGrndWood,ocd,elasticity,NA,NA,NA,-0,3.2677389112124477,6
leafWHC,AbvGrndWood,ocd,variance_explained,NA,NA,NA,-0,0.6275041176162606,6
leafWHC,AbvGrndWood,twi,elasticity,NA,NA,NA,0,3.2677389112124477,6
leafWHC,AbvGrndWood,twi,variance_explained,NA,NA,NA,0,0.6275041176162606,6
leafWHC,NPP,MAT,elasticity,0.6516189830620556,0.5645237288275695,0.31081089269358975,-5.74759096725873e-17,1.4764944705122773,6
leafWHC,NPP,MAT,variance_explained,0.6516189830620556,0.5645237288275695,0.31081089269358975,-2.873795483629365e-17,0.6186268523417328,6
leafWHC,NPP,MAP,elasticity,0.51998452952751,0.3999806619093874,0.5947850125336233,6.678439852257756e-20,1.476494470512276,6
leafWHC,NPP,MAP,variance_explained,0.51998452952751,0.3999806619093874,0.5947850125336233,3.339219926128878e-20,0.6186268523417321,6
leafWHC,NPP,clay,elasticity,0.5674927447685961,0.4593659309607452,0.09486769996110922,-2.5984331821484183e-17,1.476494470512277,6
leafWHC,NPP,clay,variance_explained,0.5674927447685961,0.4593659309607452,0.09486769996110922,-1.2992165910742092e-17,0.6186268523417324,6
leafWHC,NPP,ocd,elasticity,0.5532982567828186,0.44162282097852334,0.7378528030752131,-8.834858594179956e-19,1.4764944705122764,6
leafWHC,NPP,ocd,variance_explained,0.5532982567828186,0.44162282097852334,0.7378528030752131,-4.417429297089978e-19,0.6186268523417323,6
leafWHC,NPP,twi,elasticity,0.5559968175107153,0.44499602188839416,0.6978988204298084,3.871710080923044e-17,1.476494470512276,6
leafWHC,NPP,twi,variance_explained,0.5559968175107153,0.44499602188839416,0.6978988204298084,1.935855040461522e-17,0.618626852341732,6
leafWHC,TotSoilCarb,MAT,elasticity,NA,NA,NA,0,1.205126346571871,6
leafWHC,TotSoilCarb,MAT,variance_explained,NA,NA,NA,0,5.436761389740758,6
leafWHC,TotSoilCarb,MAP,elasticity,NA,NA,NA,-0,1.205126346571871,6
leafWHC,TotSoilCarb,MAP,variance_explained,NA,NA,NA,-0,5.436761389740758,6
leafWHC,TotSoilCarb,clay,elasticity,NA,NA,NA,-0,1.205126346571871,6
leafWHC,TotSoilCarb,clay,variance_explained,NA,NA,NA,-0,5.436761389740758,6
leafWHC,TotSoilCarb,ocd,elasticity,NA,NA,NA,-0,1.205126346571871,6
leafWHC,TotSoilCarb,ocd,variance_explained,NA,NA,NA,-0,5.436761389740758,6
leafWHC,TotSoilCarb,twi,elasticity,NA,NA,NA,0,1.205126346571871,6
leafWHC,TotSoilCarb,twi,variance_explained,NA,NA,NA,0,5.436761389740758,6
wood_allocation_fraction,AbvGrndWood,MAT,elasticity,0.6516189830620556,0.5645237288275695,0.31081089269358975,-1.149518193451746e-16,2.5109015993264503,6
wood_allocation_fraction,AbvGrndWood,MAT,variance_explained,0.5365820580958484,0.4207275726198104,0.31081089269359,-3.4485545803552367e-16,3.1908648900008734,6
wood_allocation_fraction,AbvGrndWood,MAP,elasticity,0.51998452952751,0.3999806619093874,0.5947850125336233,1.3356879704515512e-19,2.5109015993264476,6
wood_allocation_fraction,AbvGrndWood,MAP,variance_explained,0.5086287313973918,0.3857859142467398,0.594785012533623,4.0070639113546547e-19,3.1908648900008663,6
wood_allocation_fraction,AbvGrndWood,clay,elasticity,0.5674927447685961,0.4593659309607452,0.09486769996110922,-5.1968663642968366e-17,2.5109015993264494,6
wood_allocation_fraction,AbvGrndWood,clay,variance_explained,0.5485138472849459,0.4356423091061824,0.09486769996110928,-1.5590599092890507e-16,3.1908648900008707,6
wood_allocation_fraction,AbvGrndWood,ocd,elasticity,0.5532982567828186,0.44162282097852334,0.7378528030752131,-1.7669717188359912e-18,2.5109015993264485,6
wood_allocation_fraction,AbvGrndWood,ocd,variance_explained,0.5134126360016588,0.3917657950020734,0.7378528030752128,-5.3009151565079795e-18,3.190864890000869,6
wood_allocation_fraction,AbvGrndWood,twi,elasticity,0.5559968175107153,0.44499602188839416,0.6978988204298084,7.743420161846088e-17,2.510901599326447,6
wood_allocation_fraction,AbvGrndWood,twi,variance_explained,0.516141436563129,0.3951767957039113,0.6978988204298084,2.3230260485538274e-16,3.190864890000865,6
wood_allocation_fraction,NPP,MAT,elasticity,0.4832602764920449,0.35407534561505605,0.31081089269358975,-1.149518193451746e-16,1.9293357401631106,6
wood_allocation_fraction,NPP,MAT,variance_explained,NA,NA,NA,0,3.2483432602499254,6
wood_allocation_fraction,NPP,MAP,elasticity,0.51998452952751,0.3999806619093874,0.5947850125336233,1.3356879704515512e-19,1.9293357401631082,6
wood_allocation_fraction,NPP,MAP,variance_explained,NA,NA,NA,-0,3.2483432602499254,6
wood_allocation_fraction,NPP,clay,elasticity,0.5674927447685961,0.4593659309607452,0.09486769996110922,-5.1968663642968366e-17,1.9293357401631095,6
wood_allocation_fraction,NPP,clay,variance_explained,NA,NA,NA,-0,3.2483432602499254,6
wood_allocation_fraction,NPP,ocd,elasticity,0.5079204653273378,0.3849005816591723,0.7378528030752131,-1.7669717188359912e-18,1.9293357401631088,6
wood_allocation_fraction,NPP,ocd,variance_explained,NA,NA,NA,-0,3.2483432602499254,6
wood_allocation_fraction,NPP,twi,elasticity,0.49782901088718784,0.37228626360898487,0.6978988204298084,7.743420161846088e-17,1.9293357401631077,6
wood_allocation_fraction,NPP,twi,variance_explained,NA,NA,NA,0,3.2483432602499254,6
wood_allocation_fraction,TotSoilCarb,MAT,elasticity,0.6516189830620556,0.5645237288275695,0.31081089269358975,-3.592244354536706e-18,0.07010005682314709,6
wood_allocation_fraction,TotSoilCarb,MAT,variance_explained,NA,NA,NA,0,0.12671401393339277,6
wood_allocation_fraction,TotSoilCarb,MAP,elasticity,0.51998452952751,0.3999806619093874,0.5947850125336233,4.174024907661097e-21,0.070100056823147,6
wood_allocation_fraction,TotSoilCarb,MAP,variance_explained,NA,NA,NA,-0,0.12671401393339277,6
wood_allocation_fraction,TotSoilCarb,clay,elasticity,0.5674927447685961,0.4593659309607452,0.09486769996110922,-1.6240207388427615e-18,0.07010005682314704,6
wood_allocation_fraction,TotSoilCarb,clay,variance_explained,NA,NA,NA,-0,0.12671401393339277,6
wood_allocation_fraction,TotSoilCarb,ocd,elasticity,0.5532982567828186,0.44162282097852334,0.7378528030752131,-5.521786621362473e-20,0.07010005682314703,6
wood_allocation_fraction,TotSoilCarb,ocd,variance_explained,NA,NA,NA,-0,0.12671401393339277,6
wood_allocation_fraction,TotSoilCarb,twi,elasticity,0.5559968175107153,0.44499602188839416,0.6978988204298084,2.4198188005769026e-18,0.07010005682314699,6
wood_allocation_fraction,TotSoilCarb,twi,variance_explained,NA,NA,NA,0,0.12671401393339277,6
root_allocation_fraction,AbvGrndWood,MAT,elasticity,NA,NA,NA,0,2.4914091913572163,6
root_allocation_fraction,AbvGrndWood,MAT,variance_explained,NA,NA,NA,0,8.461589444677738,6
root_allocation_fraction,AbvGrndWood,MAP,elasticity,NA,NA,NA,-0,2.4914091913572163,6
root_allocation_fraction,AbvGrndWood,MAP,variance_explained,NA,NA,NA,-0,8.461589444677738,6
root_allocation_fraction,AbvGrndWood,clay,elasticity,NA,NA,NA,-0,2.4914091913572163,6
root_allocation_fraction,AbvGrndWood,clay,variance_explained,NA,NA,NA,-0,8.461589444677738,6
root_allocation_fraction,AbvGrndWood,ocd,elasticity,NA,NA,NA,-0,2.4914091913572163,6
root_allocation_fraction,AbvGrndWood,ocd,variance_explained,NA,NA,NA,-0,8.461589444677738,6
root_allocation_fraction,AbvGrndWood,twi,elasticity,NA,NA,NA,0,2.4914091913572163,6
root_allocation_fraction,AbvGrndWood,twi,variance_explained,NA,NA,NA,0,8.461589444677738,6
root_allocation_fraction,NPP,MAT,elasticity,0.6516189830620556,0.5645237288275695,0.31081089269358975,-5.74759096725873e-17,1.9557516772837584,6
root_allocation_fraction,NPP,MAT,variance_explained,NA,NA,NA,0,8.404689347556253,6
root_allocation_fraction,NPP,MAP,elasticity,0.51998452952751,0.3999806619093874,0.5947850125336233,6.678439852257756e-20,1.9557516772837569,6
root_allocation_fraction,NPP,MAP,variance_explained,NA,NA,NA,-0,8.404689347556253,6
root_allocation_fraction,NPP,clay,elasticity,0.5674927447685961,0.4593659309607452,0.09486769996110922,-2.5984331821484183e-17,1.9557516772837575,6
root_allocation_fraction,NPP,clay,variance_explained,NA,NA,NA,-0,8.404689347556253,6
root_allocation_fraction,NPP,ocd,elasticity,0.5532982567828186,0.44162282097852334,0.7378528030752131,-8.834858594179956e-19,1.9557516772837575,6
root_allocation_fraction,NPP,ocd,variance_explained,NA,NA,NA,-0,8.404689347556253,6
root_allocation_fraction,NPP,twi,elasticity,0.5559968175107153,0.44499602188839416,0.6978988204298084,3.871710080923044e-17,1.9557516772837569,6
root_allocation_fraction,NPP,twi,variance_explained,NA,NA,NA,0,8.404689347556253,6
root_allocation_fraction,TotSoilCarb,MAT,elasticity,0.4832602764920449,0.35407534561505605,0.31081089269358975,-5.74759096725873e-17,0.8328973407138689,6
root_allocation_fraction,TotSoilCarb,MAT,variance_explained,0.4832602764920449,0.35407534561505605,0.31081089269358975,-5.74759096725873e-17,0.884214125639949,6
root_allocation_fraction,TotSoilCarb,MAP,elasticity,0.51998452952751,0.3999806619093874,0.5947850125336233,6.678439852257756e-20,0.8328973407138677,6
root_allocation_fraction,TotSoilCarb,MAP,variance_explained,0.51998452952751,0.3999806619093874,0.5947850125336233,6.678439852257756e-20,0.8842141256399477,6
root_allocation_fraction,TotSoilCarb,clay,elasticity,0.5674927447685961,0.4593659309607452,0.09486769996110922,-2.5984331821484183e-17,0.8328973407138685,6
root_allocation_fraction,TotSoilCarb,clay,variance_explained,0.5674927447685961,0.4593659309607452,0.09486769996110922,-2.5984331821484183e-17,0.8842141256399484,6
root_allocation_fraction,TotSoilCarb,ocd,elasticity,0.5079204653273378,0.3849005816591723,0.7378528030752131,-8.834858594179956e-19,0.832897340713868,6
root_allocation_fraction,TotSoilCarb,ocd,variance_explained,0.5079204653273378,0.3849005816591723,0.7378528030752131,-8.834858594179956e-19,0.8842141256399481,6
root_allocation_fraction,TotSoilCarb,twi,elasticity,0.49782901088718784,0.37228626360898487,0.6978988204298084,3.871710080923044e-17,0.8328973407138675,6
root_allocation_fraction,TotSoilCarb,twi,variance_explained,0.49782901088718784,0.37228626360898487,0.6978988204298084,3.871710080923044e-17,0.8842141256399475,6
wood_turnover_rate,AbvGrndWood,MAT,elasticity,0.4832602764920449,0.35407534561505605,0.31081089269358975,-1.149518193451746e-16,1.4798277943105338,6
wood_turnover_rate,AbvGrndWood,MAT,variance_explained,0.4832602764920449,0.35407534561505605,0.31081089269358975,-1.4368977418146824e-17,0.20813490482323185,6
wood_turnover_rate,AbvGrndWood,MAP,elasticity,0.51998452952751,0.3999806619093874,0.5947850125336233,1.3356879704515512e-19,1.4798277943105314,6
wood_turnover_rate,AbvGrndWood,MAP,variance_explained,0.51998452952751,0.3999806619093874,0.5947850125336233,1.669609963064439e-20,0.20813490482323152,6
wood_turnover_rate,AbvGrndWood,clay,elasticity,0.5674927447685961,0.4593659309607452,0.09486769996110922,-5.1968663642968366e-17,1.4798277943105327,6
wood_turnover_rate,AbvGrndWood,clay,variance_explained,0.5674927447685961,0.4593659309607452,0.09486769996110922,-6.496082955371046e-18,0.20813490482323171,6
wood_turnover_rate,AbvGrndWood,ocd,elasticity,0.5079204653273378,0.3849005816591723,0.7378528030752131,-1.7669717188359912e-18,1.4798277943105322,6
wood_turnover_rate,AbvGrndWood,ocd,variance_explained,0.5079204653273378,0.3849005816591723,0.7378528030752131,-2.208714648544989e-19,0.2081349048232316,6
wood_turnover_rate,AbvGrndWood,twi,elasticity,0.49782901088718784,0.37228626360898487,0.6978988204298084,7.743420161846088e-17,1.4798277943105307,6
wood_turnover_rate,AbvGrndWood,twi,variance_explained,0.49782901088718784,0.37228626360898487,0.6978988204298084,9.67927520230761e-18,0.20813490482323146,6
wood_turnover_rate,NPP,MAT,elasticity,0.6516189830620556,0.5645237288275695,0.31081089269358975,2.873795483629365e-17,0.895737305444118,6
wood_turnover_rate,NPP,MAT,variance_explained,NA,NA,NA,0,0.21280158367499932,6
wood_turnover_rate,NPP,MAP,elasticity,0.51998452952751,0.3999806619093874,0.5947850125336233,-3.339219926128878e-20,0.8957373054441188,6
wood_turnover_rate,NPP,MAP,variance_explained,NA,NA,NA,-0,0.21280158367499932,6
wood_turnover_rate,NPP,clay,elasticity,0.5674927447685961,0.4593659309607452,0.09486769996110922,1.2992165910742092e-17,0.8957373054441183,6
wood_turnover_rate,NPP,clay,variance_explained,NA,NA,NA,-0,0.21280158367499932,6
wood_turnover_rate,NPP,ocd,elasticity,0.5532982567828186,0.44162282097852334,0.7378528030752131,4.417429297089978e-19,0.8957373054441183,6
wood_turnover_rate,NPP,ocd,variance_explained,NA,NA,NA,-0,0.21280158367499932,6
wood_turnover_rate,NPP,twi,elasticity,0.5559968175107153,0.44499602188839416,0.6978988204298084,-1.935855040461522e-17,0.8957373054441188,6
wood_turnover_rate,NPP,twi,variance_explained,NA,NA,NA,0,0.21280158367499932,6
wood_turnover_rate,TotSoilCarb,MAT,elasticity,0.6516189830620556,0.5645237288275695,0.31081089269358975,-5.74759096725873e-17,1.6616177716223428,6
wood_turnover_rate,TotSoilCarb,MAT,variance_explained,0.6516189830620556,0.5645237288275695,0.31081089269358975,-1.149518193451746e-16,2.1912353150557538,6
wood_turnover_rate,TotSoilCarb,MAP,elasticity,0.51998452952751,0.3999806619093874,0.5947850125336233,6.678439852257756e-20,1.6616177716223413,6
wood_turnover_rate,TotSoilCarb,MAP,variance_explained,0.51998452952751,0.3999806619093874,0.5947850125336233,1.3356879704515512e-19,2.1912353150557515,6
wood_turnover_rate,TotSoilCarb,clay,elasticity,0.5674927447685961,0.4593659309607452,0.09486769996110922,-2.5984331821484183e-17,1.6616177716223421,6
wood_turnover_rate,TotSoilCarb,clay,variance_explained,0.5674927447685961,0.4593659309607452,0.09486769996110922,-5.1968663642968366e-17,2.191235315055753,6
wood_turnover_rate,TotSoilCarb,ocd,elasticity,0.5532982567828186,0.44162282097852334,0.7378528030752131,-8.834858594179956e-19,1.6616177716223421,6
wood_turnover_rate,TotSoilCarb,ocd,variance_explained,0.5532982567828186,0.44162282097852334,0.7378528030752131,-1.7669717188359912e-18,2.191235315055752,6
wood_turnover_rate,TotSoilCarb,twi,elasticity,0.5559968175107153,0.44499602188839416,0.6978988204298084,3.871710080923044e-17,1.6616177716223413,6
wood_turnover_rate,TotSoilCarb,twi,variance_explained,0.5559968175107153,0.44499602188839416,0.6978988204298084,7.743420161846088e-17,2.191235315055751,6
