"runid","variable","parameters","Si_original","Ti_original","Si_low.ci","Ti_low.ci","Si_high.ci","Ti_high.ci","Si_bias","Ti_bias","Si_std.error","Ti_std.error"
"0457344866426f5e200dc92fc2b1e303","AbvGrndWood","dummy",0,0,0,0,0,0,NA,NA,NA,NA
"0457344866426f5e200dc92fc2b1e303","AbvGrndWood","grass.Amax",-0.0079170195439911,0.000485477027296545,-0.0123315304755158,-7.10245379427821e-05,0.00115824770973657,0.000756177842432378,NA,NA,NA,NA
"0457344866426f5e200dc92fc2b1e303","AbvGrndWood","grass.AmaxFrac",-0.0124956110385141,0.0012093729375926,-0.0194631335031351,-0.000176929389576557,0.00182808856119382,0.00188371635983976,NA,NA,NA,NA
"0457344866426f5e200dc92fc2b1e303","AbvGrndWood","grass.GDD",0,0,0,0,0,0,NA,NA,NA,NA
"0457344866426f5e200dc92fc2b1e303","AbvGrndWood","grass.SLA",0.0557300614914105,0.0240560487051487,-0.00815322176827222,-0.00351936270502166,0.0868050088628746,0.0374696432261791,NA,NA,NA,NA
"0457344866426f5e200dc92fc2b1e303","AbvGrndWood","grass.Vm_low_temp",0,0,0,0,0,0,NA,NA,NA,NA
"0457344866426f5e200dc92fc2b1e303","AbvGrndWood","grass.coarse_root_respiration_Q10",0.00454368463219175,0.000159904840458488,-0.000664734031507561,-2.33938307475074e-05,0.00707723218335765,0.000249067392386691,NA,NA,NA,NA
"0457344866426f5e200dc92fc2b1e303","AbvGrndWood","grass.dVPDSlope",-0.00901310947992437,0.000629208444548629,-0.0140387975062163,-9.20522218994008e-05,0.00131860397144665,0.000980053549986794,NA,NA,NA,NA
"0457344866426f5e200dc92fc2b1e303","AbvGrndWood","grass.dVpdExp",-0.0129539863775743,0.00129972694323313,-0.0201770978215806,-0.000190148040802207,0.00189514816408051,0.00202445154028868,NA,NA,NA,NA
"0457344866426f5e200dc92fc2b1e303","AbvGrndWood","grass.extinction_coefficient",0,0,0,0,0,0,NA,NA,NA,NA
"0457344866426f5e200dc92fc2b1e303","AbvGrndWood","grass.fine_root_respiration_Q10",0,0,0,0,0,0,NA,NA,NA,NA
"0457344866426f5e200dc92fc2b1e303","AbvGrndWood","grass.fracLeafFall",0.00581624467149597,0.000262017672944038,-0.000850907596298758,-3.83327801468265e-05,0.00905936861985465,0.00040811809306262,NA,NA,NA,NA
"0457344866426f5e200dc92fc2b1e303","AbvGrndWood","grass.growth_resp_factor",0,0,0,0,0,0,NA,NA,NA,NA
"0457344866426f5e200dc92fc2b1e303","AbvGrndWood","grass.half_saturation_PAR",0,0,0,0,0,0,NA,NA,NA,NA
"0457344866426f5e200dc92fc2b1e303","AbvGrndWood","grass.leafC",0,0,0,0,0,0,NA,NA,NA,NA
"0457344866426f5e200dc92fc2b1e303","AbvGrndWood","grass.leafGrowth",-0.273666932813761,0.580082681117431,-0.426262952034166,-0.0848651987188867,0.0400370488415366,0.903535379794252,NA,NA,NA,NA
"0457344866426f5e200dc92fc2b1e303","AbvGrndWood","grass.leaf_respiration_rate_m2",-0.138909856694015,0.149455319201437,-0.216365656501619,-0.0218650819555445,0.0203222971070968,0.232791243373812,NA,NA,NA,NA
"0457344866426f5e200dc92fc2b1e303","AbvGrndWood","grass.leaf_turnover_rate",0,0,0,0,0,0,NA,NA,NA,NA
"0457344866426f5e200dc92fc2b1e303","AbvGrndWood","grass.psnTOpt",0,0,0,0,0,0,NA,NA,NA,NA
"0457344866426f5e200dc92fc2b1e303","AbvGrndWood","grass.root_respiration_rate",0,0,0,0,0,0,NA,NA,NA,NA
"0457344866426f5e200dc92fc2b1e303","AbvGrndWood","grass.root_turnover_rate",-0.000123928107517398,1.18955598208428e-07,-0.000193030120253232,-1.74030199647326e-08,1.8130490382957e-05,1.8528495179146e-07,NA,NA,NA,NA
"0457344866426f5e200dc92fc2b1e303","AbvGrndWood","grass.stem_respiration_rate",0.0410326729528192,0.0130408190053979,-0.00600301656550087,-0.00190785164317996,0.0639123920558723,0.0203123481124667,NA,NA,NA,NA
"0457344866426f5e200dc92fc2b1e303","AbvGrndWood","grass.veg_respiration_Q10",0,0,0,0,0,0,NA,NA,NA,NA
"0457344866426f5e200dc92fc2b1e303","AbvGrndWood","ic_ensemble",-0.138485734346994,0.148544072519397,-0.21570504456065,-0.0217317679758816,0.0202602486639477,0.231371887747891,NA,NA,NA,NA
"0457344866426f5e200dc92fc2b1e303","AbvGrndWood","met_ensemble",-0.0277046721225248,0.00594499206689192,-0.0431527302281813,-0.000869743141041742,0.00405315066567848,0.00925990525124057,NA,NA,NA,NA
"0457344866426f5e200dc92fc2b1e303","AbvGrndWood","temperate.deciduous.Amax",0,0,0,0,0,0,NA,NA,NA,NA
"0457344866426f5e200dc92fc2b1e303","AbvGrndWood","temperate.deciduous.AmaxFrac",0,0,0,0,0,0,NA,NA,NA,NA
"0457344866426f5e200dc92fc2b1e303","AbvGrndWood","temperate.deciduous.GDD",0,0,0,0,0,0,NA,NA,NA,NA
"0457344866426f5e200dc92fc2b1e303","AbvGrndWood","temperate.deciduous.SLA",0,0,0,0,0,0,NA,NA,NA,NA
"0457344866426f5e200dc92fc2b1e303","AbvGrndWood","temperate.deciduous.Vm_low_temp",0,0,0,0,0,0,NA,NA,NA,NA
"0457344866426f5e200dc92fc2b1e303","AbvGrndWood","temperate.deciduous.coarse_root_respiration_Q10",0,0,0,0,0,0,NA,NA,NA,NA
"0457344866426f5e200dc92fc2b1e303","AbvGrndWood","temperate.deciduous.dVPDSlope",0,0,0,0,0,0,NA,NA,NA,NA
"0457344866426f5e200dc92fc2b1e303","AbvGrndWood","temperate.deciduous.dVpdExp",0,0,0,0,0,0,NA,NA,NA,NA
"0457344866426f5e200dc92fc2b1e303","AbvGrndWood","temperate.deciduous.extinction_coefficient",0,0,0,0,0,0,NA,NA,NA,NA
"0457344866426f5e200dc92fc2b1e303","AbvGrndWood","temperate.deciduous.fine_root_respiration_Q10",0,0,0,0,0,0,NA,NA,NA,NA
"0457344866426f5e200dc92fc2b1e303","AbvGrndWood","temperate.deciduous.fracLeafFall",0,0,0,0,0,0,NA,NA,NA,NA
"0457344866426f5e200dc92fc2b1e303","AbvGrndWood","temperate.deciduous.growth_resp_factor",0,0,0,0,0,0,NA,NA,NA,NA
"0457344866426f5e200dc92fc2b1e303","AbvGrndWood","temperate.deciduous.half_saturation_PAR",0,0,0,0,0,0,NA,NA,NA,NA
"0457344866426f5e200dc92fc2b1e303","AbvGrndWood","temperate.deciduous.leafC",0,0,0,0,0,0,NA,NA,NA,NA
"0457344866426f5e200dc92fc2b1e303","AbvGrndWood","temperate.deciduous.leafGrowth",0,0,0,0,0,0,NA,NA,NA,NA
"0457344866426f5e200dc92fc2b1e303","AbvGrndWood","temperate.deciduous.leafWHC",0,0,0,0,0,0,NA,NA,NA,NA
"0457344866426f5e200dc92fc2b1e303","AbvGrndWood","temperate.deciduous.leaf_allocation_fraction",0,0,0,0,0,0,NA,NA,NA,NA
"0457344866426f5e200dc92fc2b1e303","AbvGrndWood","temperate.deciduous.leaf_respiration_rate_m2",0,0,0,0,0,0,NA,NA,NA,NA
"0457344866426f5e200dc92fc2b1e303","AbvGrndWood","temperate.deciduous.leaf_turnover_rate",0,0,0,0,0,0,NA,NA,NA,NA
"0457344866426f5e200dc92fc2b1e303","AbvGrndWood","temperate.deciduous.psnTOpt",0,0,0,0,0,0,NA,NA,NA,NA
"0457344866426f5e200dc92fc2b1e303","AbvGrndWood","temperate.deciduous.root_allocation_fraction",0,0,0,0,0,0,NA,NA,NA,NA
"0457344866426f5e200dc92fc2b1e303","AbvGrndWood","temperate.deciduous.root_respiration_rate",0,0,0,0,0,0,NA,NA,NA,NA
"0457344866426f5e200dc92fc2b1e303","AbvGrndWood","temperate.deciduous.root_turnover_rate",0,0,0,0,0,0,NA,NA,NA,NA
"0457344866426f5e200dc92fc2b1e303","AbvGrndWood","temperate.deciduous.stem_respiration_rate",0,0,0,0,0,0,NA,NA,NA,NA
"0457344866426f5e200dc92fc2b1e303","AbvGrndWood","temperate.deciduous.veg_respiration_Q10",0,0,0,0,0,0,NA,NA,NA,NA
"0457344866426f5e200dc92fc2b1e303","AbvGrndWood","temperate.deciduous.wood_allocation_fraction",0,0,0,0,0,0,NA,NA,NA,NA
"0457344866426f5e200dc92fc2b1e303","AbvGrndWood","temperate.deciduous.wood_turnover_rate",0,0,0,0,0,0,NA,NA,NA,NA
"0457344866426f5e200dc92fc2b1e303","AbvGrndWood","temperate.deciduous.wueConst",0,0,0,0,0,0,NA,NA,NA,NA
"0457344866426f5e200dc92fc2b1e303","NPP","dummy",0,0,0,0,0,0,NA,NA,NA,NA
"0457344866426f5e200dc92fc2b1e303","NPP","grass.Amax",0.0705291572380677,0.00341385661628097,0.0657045018079758,0.00318032650609265,0.0729888171519136,0.00353291271448927,NA,NA,NA,NA
"0457344866426f5e200dc92fc2b1e303","NPP","grass.AmaxFrac",0.114124360308751,0.00893849908811052,0.106317507990768,0.00832704731623187,0.118104375457624,0.00925022361110124,NA,NA,NA,NA
"0457344866426f5e200dc92fc2b1e303","NPP","grass.GDD",0,0,0,0,0,0,NA,NA,NA,NA
"0457344866426f5e200dc92fc2b1e303","NPP","grass.SLA",0.0503446401879485,0.00173945969562077,0.046900737677687,0.00162046928095333,0.0521003777891978,0.00180012225636323,NA,NA,NA,NA
"0457344866426f5e200dc92fc2b1e303","NPP","grass.Vm_low_temp",0,0,0,0,0,0,NA,NA,NA,NA
"0457344866426f5e200dc92fc2b1e303","NPP","grass.coarse_root_respiration_Q10",0.0832315140488208,0.00475426600776726,0.077537934372901,0.00442904313245272,0.0861341606518925,0.00492006803882789,NA,NA,NA,NA
"0457344866426f5e200dc92fc2b1e303","NPP","grass.dVPDSlope",-0.0147966326000422,0.000150256638447013,-0.0153126558376853,0.000139978102094399,-0.0137844461991768,0.000155496744026751,NA,NA,NA,NA
"0457344866426f5e200dc92fc2b1e303","NPP","grass.dVpdExp",0.0197671200477282,0.000268160426252852,0.0184149198115389,0.000249816500033948,0.0204564859028945,0.00027751235213377,NA,NA,NA,NA
"0457344866426f5e200dc92fc2b1e303","NPP","grass.extinction_coefficient",0,0,0,0,0,0,NA,NA,NA,NA
"0457344866426f5e200dc92fc2b1e303","NPP","grass.fine_root_respiration_Q10",0,0,0,0,0,0,NA,NA,NA,NA
"0457344866426f5e200dc92fc2b1e303","NPP","grass.fracLeafFall",-0.0187336523605856,0.000240853411025033,-0.0193869766814153,0.000224377463163701,-0.0174521480703547,0.000249253021957738,NA,NA,NA,NA
"0457344866426f5e200dc92fc2b1e303","NPP","grass.growth_resp_factor",0,0,0,0,0,0,NA,NA,NA,NA
"0457344866426f5e200dc92fc2b1e303","NPP","grass.half_saturation_PAR",0,0,0,0,0,0,NA,NA,NA,NA
"0457344866426f5e200dc92fc2b1e303","NPP","grass.leafC",0,0,0,0,0,0,NA,NA,NA,NA
"0457344866426f5e200dc92fc2b1e303","NPP","grass.leafGrowth",0.888835069078342,0.542188435954027,0.828032939712044,0.505099202449806,0.919832632001899,0.561096915991091,NA,NA,NA,NA
"0457344866426f5e200dc92fc2b1e303","NPP","grass.leaf_respiration_rate_m2",0.783773144996175,0.421588392838756,0.730157938065487,0.3927489906904,0.811106739523454,0.436291022369802,NA,NA,NA,NA
"0457344866426f5e200dc92fc2b1e303","NPP","grass.leaf_turnover_rate",0,0,0,0,0,0,NA,NA,NA,NA
"0457344866426f5e200dc92fc2b1e303","NPP","grass.psnTOpt",0,0,0,0,0,0,NA,NA,NA,NA
"0457344866426f5e200dc92fc2b1e303","NPP","grass.root_respiration_rate",0,0,0,0,0,0,NA,NA,NA,NA
"0457344866426f5e200dc92fc2b1e303","NPP","grass.root_turnover_rate",-0.00507073563603318,1.76461442828283e-05,-0.00524757434595228,1.64390326545558e-05,-0.00472386416926704,1.82615424447531e-05,NA,NA,NA,NA
"0457344866426f5e200dc92fc2b1e303","NPP","grass.stem_respiration_rate",-0.0976581396991452,0.00654522803479058,-0.101063905780653,0.00609749164865101,-0.090977684516592,0.00677348873794649,NA,NA,NA,NA
"0457344866426f5e200dc92fc2b1e303","NPP","grass.veg_respiration_Q10",0,0,0,0,0,0,NA,NA,NA,NA
"0457344866426f5e200dc92fc2b1e303","NPP","ic_ensemble",-0.0619971250625567,0.00263785542611549,-0.0641592357308486,0.00245740887033932,-0.0577561164102981,0.00272984897182364,NA,NA,NA,NA
"0457344866426f5e200dc92fc2b1e303","NPP","met_ensemble",0.122417619526562,0.0102847975675829,0.114043454062,0.00958125017846064,0.126686856864555,0.0106434734016584,NA,NA,NA,NA
"0457344866426f5e200dc92fc2b1e303","NPP","temperate.deciduous.Amax",0,0,0,0,0,0,NA,NA,NA,NA
"0457344866426f5e200dc92fc2b1e303","NPP","temperate.deciduous.AmaxFrac",0,0,0,0,0,0,NA,NA,NA,NA
"0457344866426f5e200dc92fc2b1e303","NPP","temperate.deciduous.GDD",0,0,0,0,0,0,NA,NA,NA,NA
"0457344866426f5e200dc92fc2b1e303","NPP","temperate.deciduous.SLA",0,0,0,0,0,0,NA,NA,NA,NA
"0457344866426f5e200dc92fc2b1e303","NPP","temperate.deciduous.Vm_low_temp",0,0,0,0,0,0,NA,NA,NA,NA
"0457344866426f5e200dc92fc2b1e303","NPP","temperate.deciduous.coarse_root_respiration_Q10",0,0,0,0,0,0,NA,NA,NA,NA
"0457344866426f5e200dc92fc2b1e303","NPP","temperate.deciduous.dVPDSlope",0,0,0,0,0,0,NA,NA,NA,NA
"0457344866426f5e200dc92fc2b1e303","NPP","temperate.deciduous.dVpdExp",0,0,0,0,0,0,NA,NA,NA,NA
"0457344866426f5e200dc92fc2b1e303","NPP","temperate.deciduous.extinction_coefficient",0,0,0,0,0,0,NA,NA,NA,NA
"0457344866426f5e200dc92fc2b1e303","NPP","temperate.deciduous.fine_root_respiration_Q10",0,0,0,0,0,0,NA,NA,NA,NA
"0457344866426f5e200dc92fc2b1e303","NPP","temperate.deciduous.fracLeafFall",0,0,0,0,0,0,NA,NA,NA,NA
"0457344866426f5e200dc92fc2b1e303","NPP","temperate.deciduous.growth_resp_factor",0,0,0,0,0,0,NA,NA,NA,NA
"0457344866426f5e200dc92fc2b1e303","NPP","temperate.deciduous.half_saturation_PAR",0,0,0,0,0,0,NA,NA,NA,NA
"0457344866426f5e200dc92fc2b1e303","NPP","temperate.deciduous.leafC",0,0,0,0,0,0,NA,NA,NA,NA
"0457344866426f5e200dc92fc2b1e303","NPP","temperate.deciduous.leafGrowth",0,0,0,0,0,0,NA,NA,NA,NA
"0457344866426f5e200dc92fc2b1e303","NPP","temperate.deciduous.leafWHC",0,0,0,0,0,0,NA,NA,NA,NA
"0457344866426f5e200dc92fc2b1e303","NPP","temperate.deciduous.leaf_allocation_fraction",0,0,0,0,0,0,NA,NA,NA,NA
"0457344866426f5e200dc92fc2b1e303","NPP","temperate.deciduous.leaf_respiration_rate_m2",0,0,0,0,0,0,NA,NA,NA,NA
"0457344866426f5e200dc92fc2b1e303","NPP","temperate.deciduous.leaf_turnover_rate",0,0,0,0,0,0,NA,NA,NA,NA
"0457344866426f5e200dc92fc2b1e303","NPP","temperate.deciduous.psnTOpt",0,0,0,0,0,0,NA,NA,NA,NA
"0457344866426f5e200dc92fc2b1e303","NPP","temperate.deciduous.root_allocation_fraction",0,0,0,0,0,0,NA,NA,NA,NA
"0457344866426f5e200dc92fc2b1e303","NPP","temperate.deciduous.root_respiration_rate",0,0,0,0,0,0,NA,NA,NA,NA
"0457344866426f5e200dc92fc2b1e303","NPP","temperate.deciduous.root_turnover_rate",0,0,0,0,0,0,NA,NA,NA,NA
"0457344866426f5e200dc92fc2b1e303","NPP","temperate.deciduous.stem_respiration_rate",0,0,0,0,0,0,NA,NA,NA,NA
"0457344866426f5e200dc92fc2b1e303","NPP","temperate.deciduous.veg_respiration_Q10",0,0,0,0,0,0,NA,NA,NA,NA
"0457344866426f5e200dc92fc2b1e303","NPP","temperate.deciduous.wood_allocation_fraction",0,0,0,0,0,0,NA,NA,NA,NA
"0457344866426f5e200dc92fc2b1e303","NPP","temperate.deciduous.wood_turnover_rate",0,0,0,0,0,0,NA,NA,NA,NA
"0457344866426f5e200dc92fc2b1e303","NPP","temperate.deciduous.wueConst",0,0,0,0,0,0,NA,NA,NA,NA
"0457344866426f5e200dc92fc2b1e303","Qle","dummy",0,0,0,0,0,0,NA,NA,NA,NA
"0457344866426f5e200dc92fc2b1e303","Qle","grass.Amax",-1.05313446737528,0.000138251351905457,-1.57339430789775,-3.84120756049495e-06,0.0292605317962177,0.000206549018084413,NA,NA,NA,NA
"0457344866426f5e200dc92fc2b1e303","Qle","grass.AmaxFrac",-1.63952583781543,0.00033507209711283,-2.44946937051568,-9.30972070074842e-06,0.0455529653565352,0.000500601344524055,NA,NA,NA,NA
"0457344866426f5e200dc92fc2b1e303","Qle","grass.GDD",0,0,0,0,0,0,NA,NA,NA,NA
"0457344866426f5e200dc92fc2b1e303","Qle","grass.SLA",-5.07590138702996,0.00321164907636147,-7.58345168372248,-8.92332012942098e-05,0.141030018986865,0.00479823852722838,NA,NA,NA,NA
"0457344866426f5e200dc92fc2b1e303","Qle","grass.Vm_low_temp",0,0,0,0,0,0,NA,NA,NA,NA
"0457344866426f5e200dc92fc2b1e303","Qle","grass.coarse_root_respiration_Q10",-0.0800740993363864,7.99255913573139e-07,-0.119631572233989,-2.22067112955751e-08,0.00222479730962116,1.19409699703758e-06,NA,NA,NA,NA
"0457344866426f5e200dc92fc2b1e303","Qle","grass.dVPDSlope",4.54186490222386,0.0025714030651975,-0.126192225686873,-7.14444579310233e-05,6.78559538765253,0.00384170404770436,NA,NA,NA,NA
"0457344866426f5e200dc92fc2b1e303","Qle","grass.dVpdExp",3.9925508040373,0.00198702181672748,-0.110929955640622,-5.52078740647791e-05,5.96491417161678,0.00296863212909506,NA,NA,NA,NA
"0457344866426f5e200dc92fc2b1e303","Qle","grass.extinction_coefficient",0,0,0,0,0,0,NA,NA,NA,NA
"0457344866426f5e200dc92fc2b1e303","Qle","grass.fine_root_respiration_Q10",0,0,0,0,0,0,NA,NA,NA,NA
"0457344866426f5e200dc92fc2b1e303","Qle","grass.fracLeafFall",2.50098725885502,0.000779694896914112,-0.0694880088694179,-2.16632234811988e-05,3.73650206987771,0.00116487262615101,NA,NA,NA,NA
"0457344866426f5e200dc92fc2b1e303","Qle","grass.growth_resp_factor",0,0,0,0,0,0,NA,NA,NA,NA
"0457344866426f5e200dc92fc2b1e303","Qle","grass.half_saturation_PAR",0,0,0,0,0,0,NA,NA,NA,NA
"0457344866426f5e200dc92fc2b1e303","Qle","grass.leafC",0,0,0,0,0,0,NA,NA,NA,NA
"0457344866426f5e200dc92fc2b1e303","Qle","grass.leafGrowth",4.35121303193132,0.0023600566423299,-0.12089510999508,-6.55723600005975e-05,6.50075942719256,0.00352595020141424,NA,NA,NA,NA
"0457344866426f5e200dc92fc2b1e303","Qle","grass.leaf_respiration_rate_m2",-0.568084652390919,4.02279448442235e-05,-0.848724627448202,-1.11770253056531e-06,0.0157837954688312,6.01009855788637e-05,NA,NA,NA,NA
"0457344866426f5e200dc92fc2b1e303","Qle","grass.leaf_turnover_rate",0,0,0,0,0,0,NA,NA,NA,NA
"0457344866426f5e200dc92fc2b1e303","Qle","grass.psnTOpt",0,0,0,0,0,0,NA,NA,NA,NA
"0457344866426f5e200dc92fc2b1e303","Qle","grass.root_respiration_rate",0,0,0,0,0,0,NA,NA,NA,NA
"0457344866426f5e200dc92fc2b1e303","Qle","grass.root_turnover_rate",0.00390426118488936,1.90011313248456e-09,-0.000108476896427021,-5.27931830662074e-11,0.00583300852374632,2.83878961293899e-09,NA,NA,NA,NA
"0457344866426f5e200dc92fc2b1e303","Qle","grass.stem_respiration_rate",0.442975056393057,2.44602154179672e-05,-0.0123077214962159,-6.79608286645058e-07,0.661809535117189,3.65438269288629e-05,NA,NA,NA,NA
"0457344866426f5e200dc92fc2b1e303","Qle","grass.veg_respiration_Q10",0,0,0,0,0,0,NA,NA,NA,NA
"0457344866426f5e200dc92fc2b1e303","Qle","ic_ensemble",0.193541199689326,4.66926573284364e-06,-0.00537739348850849,-1.29731959852548e-07,0.289152649892689,6.9759336093406e-06,NA,NA,NA,NA
"0457344866426f5e200dc92fc2b1e303","Qle","met_ensemble",-85.2809049893337,0.906578330361758,-127.410596309704,-0.0251885821640855,2.3694644030309,1.35443785085646,NA,NA,NA,NA
"0457344866426f5e200dc92fc2b1e303","Qle","temperate.deciduous.Amax",0,0,0,0,0,0,NA,NA,NA,NA
"0457344866426f5e200dc92fc2b1e303","Qle","temperate.deciduous.AmaxFrac",0,0,0,0,0,0,NA,NA,NA,NA
"0457344866426f5e200dc92fc2b1e303","Qle","temperate.deciduous.GDD",0,0,0,0,0,0,NA,NA,NA,NA
"0457344866426f5e200dc92fc2b1e303","Qle","temperate.deciduous.SLA",0,0,0,0,0,0,NA,NA,NA,NA
"0457344866426f5e200dc92fc2b1e303","Qle","temperate.deciduous.Vm_low_temp",0,0,0,0,0,0,NA,NA,NA,NA
"0457344866426f5e200dc92fc2b1e303","Qle","temperate.deciduous.coarse_root_respiration_Q10",0,0,0,0,0,0,NA,NA,NA,NA
"0457344866426f5e200dc92fc2b1e303","Qle","temperate.deciduous.dVPDSlope",0,0,0,0,0,0,NA,NA,NA,NA
"0457344866426f5e200dc92fc2b1e303","Qle","temperate.deciduous.dVpdExp",0,0,0,0,0,0,NA,NA,NA,NA
"0457344866426f5e200dc92fc2b1e303","Qle","temperate.deciduous.extinction_coefficient",0,0,0,0,0,0,NA,NA,NA,NA
"0457344866426f5e200dc92fc2b1e303","Qle","temperate.deciduous.fine_root_respiration_Q10",0,0,0,0,0,0,NA,NA,NA,NA
"0457344866426f5e200dc92fc2b1e303","Qle","temperate.deciduous.fracLeafFall",0,0,0,0,0,0,NA,NA,NA,NA
"0457344866426f5e200dc92fc2b1e303","Qle","temperate.deciduous.growth_resp_factor",0,0,0,0,0,0,NA,NA,NA,NA
"0457344866426f5e200dc92fc2b1e303","Qle","temperate.deciduous.half_saturation_PAR",0,0,0,0,0,0,NA,NA,NA,NA
"0457344866426f5e200dc92fc2b1e303","Qle","temperate.deciduous.leafC",0,0,0,0,0,0,NA,NA,NA,NA
"0457344866426f5e200dc92fc2b1e303","Qle","temperate.deciduous.leafGrowth",0,0,0,0,0,0,NA,NA,NA,NA
"0457344866426f5e200dc92fc2b1e303","Qle","temperate.deciduous.leafWHC",0,0,0,0,0,0,NA,NA,NA,NA
"0457344866426f5e200dc92fc2b1e303","Qle","temperate.deciduous.leaf_allocation_fraction",0,0,0,0,0,0,NA,NA,NA,NA
"0457344866426f5e200dc92fc2b1e303","Qle","temperate.deciduous.leaf_respiration_rate_m2",0,0,0,0,0,0,NA,NA,NA,NA
"0457344866426f5e200dc92fc2b1e303","Qle","temperate.deciduous.leaf_turnover_rate",0,0,0,0,0,0,NA,NA,NA,NA
"0457344866426f5e200dc92fc2b1e303","Qle","temperate.deciduous.psnTOpt",0,0,0,0,0,0,NA,NA,NA,NA
"0457344866426f5e200dc92fc2b1e303","Qle","temperate.deciduous.root_allocation_fraction",0,0,0,0,0,0,NA,NA,NA,NA
"0457344866426f5e200dc92fc2b1e303","Qle","temperate.deciduous.root_respiration_rate",0,0,0,0,0,0,NA,NA,NA,NA
"0457344866426f5e200dc92fc2b1e303","Qle","temperate.deciduous.root_turnover_rate",0,0,0,0,0,0,NA,NA,NA,NA
"0457344866426f5e200dc92fc2b1e303","Qle","temperate.deciduous.stem_respiration_rate",0,0,0,0,0,0,NA,NA,NA,NA
"0457344866426f5e200dc92fc2b1e303","Qle","temperate.deciduous.veg_respiration_Q10",0,0,0,0,0,0,NA,NA,NA,NA
"0457344866426f5e200dc92fc2b1e303","Qle","temperate.deciduous.wood_allocation_fraction",0,0,0,0,0,0,NA,NA,NA,NA
"0457344866426f5e200dc92fc2b1e303","Qle","temperate.deciduous.wood_turnover_rate",0,0,0,0,0,0,NA,NA,NA,NA
"0457344866426f5e200dc92fc2b1e303","Qle","temperate.deciduous.wueConst",0,0,0,0,0,0,NA,NA,NA,NA
"0457344866426f5e200dc92fc2b1e303","SoilMoistFrac","dummy",0,0,0,0,0,0,NA,NA,NA,NA
"0457344866426f5e200dc92fc2b1e303","SoilMoistFrac","grass.Amax",6.71462841113808,0.0169198163746556,4.21269104921707,0.0106153244277336,7.95368916213414,0.0200420562217811,NA,NA,NA,NA
"0457344866426f5e200dc92fc2b1e303","SoilMoistFrac","grass.AmaxFrac",10.8871350220021,0.0444814459305818,6.83048017709029,0.0279072165508313,12.8961548620547,0.0526896758467323,NA,NA,NA,NA
"0457344866426f5e200dc92fc2b1e303","SoilMoistFrac","grass.GDD",0,0,0,0,0,0,NA,NA,NA,NA
"0457344866426f5e200dc92fc2b1e303","SoilMoistFrac","grass.SLA",42.6849659295393,0.683756639080832,26.7801228745922,0.428982111433081,50.5616886165557,0.809931307706232,NA,NA,NA,NA
"0457344866426f5e200dc92fc2b1e303","SoilMoistFrac","grass.Vm_low_temp",0,0,0,0,0,0,NA,NA,NA,NA
"0457344866426f5e200dc92fc2b1e303","SoilMoistFrac","grass.coarse_root_respiration_Q10",0.103769009070836,4.04098294069953e-06,0.0651036437062852,2.53527248597788e-06,0.122917664578882,4.78667176377124e-06,NA,NA,NA,NA
"0457344866426f5e200dc92fc2b1e303","SoilMoistFrac","grass.dVPDSlope",-25.1325329114003,0.237041396951593,-29.7702780250357,0.148717413695665,-15.7679010597795,0.280783012025452,NA,NA,NA,NA
"0457344866426f5e200dc92fc2b1e303","SoilMoistFrac","grass.dVpdExp",-21.0503680960563,0.166291889112972,-24.9348250316892,0.104329876491986,-13.2067914754423,0.196977988237548,NA,NA,NA,NA
"0457344866426f5e200dc92fc2b1e303","SoilMoistFrac","grass.extinction_coefficient",0,0,0,0,0,0,NA,NA,NA,NA
"0457344866426f5e200dc92fc2b1e303","SoilMoistFrac","grass.fine_root_respiration_Q10",0,0,0,0,0,0,NA,NA,NA,NA
"0457344866426f5e200dc92fc2b1e303","SoilMoistFrac","grass.fracLeafFall",-1.04513343734984,0.000409916276398274,-1.23799352468181,0.000257177392816992,-0.65570631867846,0.000485558759969969,NA,NA,NA,NA
"0457344866426f5e200dc92fc2b1e303","SoilMoistFrac","grass.growth_resp_factor",0,0,0,0,0,0,NA,NA,NA,NA
"0457344866426f5e200dc92fc2b1e303","SoilMoistFrac","grass.half_saturation_PAR",0,0,0,0,0,0,NA,NA,NA,NA
"0457344866426f5e200dc92fc2b1e303","SoilMoistFrac","grass.leafC",0,0,0,0,0,0,NA,NA,NA,NA
"0457344866426f5e200dc92fc2b1e303","SoilMoistFrac","grass.leafGrowth",-23.5231646089763,0.207655373267501,-27.863930504205,0.130280914850738,-14.7581994013423,0.245974340006211,NA,NA,NA,NA
"0457344866426f5e200dc92fc2b1e303","SoilMoistFrac","grass.leaf_respiration_rate_m2",-0.0693252873538936,1.80357843886658e-06,-0.082117989697518,1.1315471654948e-06,-0.0434939954436956,2.13639555369536e-06,NA,NA,NA,NA
"0457344866426f5e200dc92fc2b1e303","SoilMoistFrac","grass.leaf_turnover_rate",0,0,0,0,0,0,NA,NA,NA,NA
"0457344866426f5e200dc92fc2b1e303","SoilMoistFrac","grass.psnTOpt",0,0,0,0,0,0,NA,NA,NA,NA
"0457344866426f5e200dc92fc2b1e303","SoilMoistFrac","grass.root_respiration_rate",0,0,0,0,0,0,NA,NA,NA,NA
"0457344866426f5e200dc92fc2b1e303","SoilMoistFrac","grass.root_turnover_rate",-0.00350275136102249,4.60437088433221e-09,-0.00414911947943418,2.88873647565172e-09,-0.00219759134872384,5.45402255475697e-09,NA,NA,NA,NA
"0457344866426f5e200dc92fc2b1e303","SoilMoistFrac","grass.stem_respiration_rate",-0.310431339372109,3.61645275082693e-05,-0.36771571386662,2.26892646926724e-05,-0.194761533281586,4.28380236230333e-05,NA,NA,NA,NA
"0457344866426f5e200dc92fc2b1e303","SoilMoistFrac","grass.veg_respiration_Q10",0,0,0,0,0,0,NA,NA,NA,NA
"0457344866426f5e200dc92fc2b1e303","SoilMoistFrac","ic_ensemble",-0.0259787392610272,2.53272373438233e-07,-0.0307726361392677,1.58900566832166e-07,-0.0162988025031044,3.00009115670815e-07,NA,NA,NA,NA
"0457344866426f5e200dc92fc2b1e303","SoilMoistFrac","met_ensemble",-32.5856580678239,0.398478294580648,-38.598739877421,0.250001316841695,-20.4439176183545,0.472010109702349,NA,NA,NA,NA
"0457344866426f5e200dc92fc2b1e303","SoilMoistFrac","temperate.deciduous.Amax",0,0,0,0,0,0,NA,NA,NA,NA
"0457344866426f5e200dc92fc2b1e303","SoilMoistFrac","temperate.deciduous.AmaxFrac",0,0,0,0,0,0,NA,NA,NA,NA
"0457344866426f5e200dc92fc2b1e303","SoilMoistFrac","temperate.deciduous.GDD",0,0,0,0,0,0,NA,NA,NA,NA
"0457344866426f5e200dc92fc2b1e303","SoilMoistFrac","temperate.deciduous.SLA",0,0,0,0,0,0,NA,NA,NA,NA
"0457344866426f5e200dc92fc2b1e303","SoilMoistFrac","temperate.deciduous.Vm_low_temp",0,0,0,0,0,0,NA,NA,NA,NA
"0457344866426f5e200dc92fc2b1e303","SoilMoistFrac","temperate.deciduous.coarse_root_respiration_Q10",0,0,0,0,0,0,NA,NA,NA,NA
"0457344866426f5e200dc92fc2b1e303","SoilMoistFrac","temperate.deciduous.dVPDSlope",0,0,0,0,0,0,NA,NA,NA,NA
"0457344866426f5e200dc92fc2b1e303","SoilMoistFrac","temperate.deciduous.dVpdExp",0,0,0,0,0,0,NA,NA,NA,NA
"0457344866426f5e200dc92fc2b1e303","SoilMoistFrac","temperate.deciduous.extinction_coefficient",0,0,0,0,0,0,NA,NA,NA,NA
"0457344866426f5e200dc92fc2b1e303","SoilMoistFrac","temperate.deciduous.fine_root_respiration_Q10",0,0,0,0,0,0,NA,NA,NA,NA
"0457344866426f5e200dc92fc2b1e303","SoilMoistFrac","temperate.deciduous.fracLeafFall",0,0,0,0,0,0,NA,NA,NA,NA
"0457344866426f5e200dc92fc2b1e303","SoilMoistFrac","temperate.deciduous.growth_resp_factor",0,0,0,0,0,0,NA,NA,NA,NA
"0457344866426f5e200dc92fc2b1e303","SoilMoistFrac","temperate.deciduous.half_saturation_PAR",0,0,0,0,0,0,NA,NA,NA,NA
"0457344866426f5e200dc92fc2b1e303","SoilMoistFrac","temperate.deciduous.leafC",0,0,0,0,0,0,NA,NA,NA,NA
"0457344866426f5e200dc92fc2b1e303","SoilMoistFrac","temperate.deciduous.leafGrowth",0,0,0,0,0,0,NA,NA,NA,NA
"0457344866426f5e200dc92fc2b1e303","SoilMoistFrac","temperate.deciduous.leafWHC",0,0,0,0,0,0,NA,NA,NA,NA
"0457344866426f5e200dc92fc2b1e303","SoilMoistFrac","temperate.deciduous.leaf_allocation_fraction",0,0,0,0,0,0,NA,NA,NA,NA
"0457344866426f5e200dc92fc2b1e303","SoilMoistFrac","temperate.deciduous.leaf_respiration_rate_m2",0,0,0,0,0,0,NA,NA,NA,NA
"0457344866426f5e200dc92fc2b1e303","SoilMoistFrac","temperate.deciduous.leaf_turnover_rate",0,0,0,0,0,0,NA,NA,NA,NA
"0457344866426f5e200dc92fc2b1e303","SoilMoistFrac","temperate.deciduous.psnTOpt",0,0,0,0,0,0,NA,NA,NA,NA
"0457344866426f5e200dc92fc2b1e303","SoilMoistFrac","temperate.deciduous.root_allocation_fraction",0,0,0,0,0,0,NA,NA,NA,NA
"0457344866426f5e200dc92fc2b1e303","SoilMoistFrac","temperate.deciduous.root_respiration_rate",0,0,0,0,0,0,NA,NA,NA,NA
"0457344866426f5e200dc92fc2b1e303","SoilMoistFrac","temperate.deciduous.root_turnover_rate",0,0,0,0,0,0,NA,NA,NA,NA
"0457344866426f5e200dc92fc2b1e303","SoilMoistFrac","temperate.deciduous.stem_respiration_rate",0,0,0,0,0,0,NA,NA,NA,NA
"0457344866426f5e200dc92fc2b1e303","SoilMoistFrac","temperate.deciduous.veg_respiration_Q10",0,0,0,0,0,0,NA,NA,NA,NA
"0457344866426f5e200dc92fc2b1e303","SoilMoistFrac","temperate.deciduous.wood_allocation_fraction",0,0,0,0,0,0,NA,NA,NA,NA
"0457344866426f5e200dc92fc2b1e303","SoilMoistFrac","temperate.deciduous.wood_turnover_rate",0,0,0,0,0,0,NA,NA,NA,NA
"0457344866426f5e200dc92fc2b1e303","SoilMoistFrac","temperate.deciduous.wueConst",0,0,0,0,0,0,NA,NA,NA,NA
"0457344866426f5e200dc92fc2b1e303","TotSoilCarb","dummy",0,0,0,0,0,0,NA,NA,NA,NA
"0457344866426f5e200dc92fc2b1e303","TotSoilCarb","grass.Amax",-0.0497223079034689,8.77358217185945e-05,-0.176617381008107,-0.00043284371013049,0.245304458402613,0.000311644243919968,NA,NA,NA,NA
"0457344866426f5e200dc92fc2b1e303","TotSoilCarb","grass.AmaxFrac",-0.080471529582317,0.000229804698317437,-0.285840931360986,-0.00113373894809098,0.397005404884735,0.000816283589228817,NA,NA,NA,NA
"0457344866426f5e200dc92fc2b1e303","TotSoilCarb","grass.GDD",0,0,0,0,0,0,NA,NA,NA,NA
"0457344866426f5e200dc92fc2b1e303","TotSoilCarb","grass.SLA",-0.273547604653297,0.00265546280817595,-0.971661685710608,-0.0131006965169941,1.34954409471664,0.00943240381067973,NA,NA,NA,NA
"0457344866426f5e200dc92fc2b1e303","TotSoilCarb","grass.Vm_low_temp",0,0,0,0,0,0,NA,NA,NA,NA
"0457344866426f5e200dc92fc2b1e303","TotSoilCarb","grass.coarse_root_respiration_Q10",-0.0118328885149434,4.96885057102106e-06,-0.0420313108419575,-2.45137695654469e-05,0.0583774251615982,1.76497313072862e-05,NA,NA,NA,NA
"0457344866426f5e200dc92fc2b1e303","TotSoilCarb","grass.dVPDSlope",0.139429723465187,0.000689898376318405,-0.687875005043114,-0.00340360604105872,0.495264874689938,0.00245057097155785,NA,NA,NA,NA
"0457344866426f5e200dc92fc2b1e303","TotSoilCarb","grass.dVpdExp",0.109772617616654,0.000427624354529246,-0.541561999981335,-0.00210968004323559,0.38992060198608,0.00151895390091032,NA,NA,NA,NA
"0457344866426f5e200dc92fc2b1e303","TotSoilCarb","grass.extinction_coefficient",0,0,0,0,0,0,NA,NA,NA,NA
"0457344866426f5e200dc92fc2b1e303","TotSoilCarb","grass.fine_root_respiration_Q10",0,0,0,0,0,0,NA,NA,NA,NA
"0457344866426f5e200dc92fc2b1e303","TotSoilCarb","grass.fracLeafFall",0.0027409339512783,2.66606989923721e-07,-0.0135223674601144,-1.31530264839188e-06,0.00973600374565886,9.47008099668224e-07,NA,NA,NA,NA
"0457344866426f5e200dc92fc2b1e303","TotSoilCarb","grass.growth_resp_factor",0,0,0,0,0,0,NA,NA,NA,NA
"0457344866426f5e200dc92fc2b1e303","TotSoilCarb","grass.half_saturation_PAR",0,0,0,0,0,0,NA,NA,NA,NA
"0457344866426f5e200dc92fc2b1e303","TotSoilCarb","grass.leafC",0,0,0,0,0,0,NA,NA,NA,NA
"0457344866426f5e200dc92fc2b1e303","TotSoilCarb","grass.leafGrowth",1.19611305616907,0.0507713665217439,-5.90101058867742,-0.250479977541591,4.24868362466833,0.180343716198409,NA,NA,NA,NA
"0457344866426f5e200dc92fc2b1e303","TotSoilCarb","grass.leaf_respiration_rate_m2",-0.0559137064483753,0.000110945822681219,-0.198609694757938,-0.000547349994245744,0.275849654932138,0.000394087914699948,NA,NA,NA,NA
"0457344866426f5e200dc92fc2b1e303","TotSoilCarb","grass.leaf_turnover_rate",0,0,0,0,0,0,NA,NA,NA,NA
"0457344866426f5e200dc92fc2b1e303","TotSoilCarb","grass.psnTOpt",0,0,0,0,0,0,NA,NA,NA,NA
"0457344866426f5e200dc92fc2b1e303","TotSoilCarb","grass.root_respiration_rate",0,0,0,0,0,0,NA,NA,NA,NA
"0457344866426f5e200dc92fc2b1e303","TotSoilCarb","grass.root_turnover_rate",0.286974109625646,0.00292253570028335,-1.41578360911884,-0.0144182976886778,1.0193536421844,0.0103810668299797,NA,NA,NA,NA
"0457344866426f5e200dc92fc2b1e303","TotSoilCarb","grass.stem_respiration_rate",0.00995436075309477,3.5164232466236e-06,-0.0491097291385339,-1.7348235357498e-05,0.0353586388072472,1.24906001052971e-05,NA,NA,NA,NA
"0457344866426f5e200dc92fc2b1e303","TotSoilCarb","grass.veg_respiration_Q10",0,0,0,0,0,0,NA,NA,NA,NA
"0457344866426f5e200dc92fc2b1e303","TotSoilCarb","ic_ensemble",1.30055302681293,0.0600247720048768,-6.41626403355196,-0.296131551576056,4.61966226313965,0.213212509115461,NA,NA,NA,NA
"0457344866426f5e200dc92fc2b1e303","TotSoilCarb","met_ensemble",0.103909264541743,0.00038316244218149,-0.512635212164956,-0.00189032768836934,0.369093530442517,0.00136102184094403,NA,NA,NA,NA
"0457344866426f5e200dc92fc2b1e303","TotSoilCarb","temperate.deciduous.Amax",0,0,0,0,0,0,NA,NA,NA,NA
"0457344866426f5e200dc92fc2b1e303","TotSoilCarb","temperate.deciduous.AmaxFrac",0,0,0,0,0,0,NA,NA,NA,NA
"0457344866426f5e200dc92fc2b1e303","TotSoilCarb","temperate.deciduous.GDD",0,0,0,0,0,0,NA,NA,NA,NA
"0457344866426f5e200dc92fc2b1e303","TotSoilCarb","temperate.deciduous.SLA",0,0,0,0,0,0,NA,NA,NA,NA
"0457344866426f5e200dc92fc2b1e303","TotSoilCarb","temperate.deciduous.Vm_low_temp",0,0,0,0,0,0,NA,NA,NA,NA
"0457344866426f5e200dc92fc2b1e303","TotSoilCarb","temperate.deciduous.coarse_root_respiration_Q10",0,0,0,0,0,0,NA,NA,NA,NA
"0457344866426f5e200dc92fc2b1e303","TotSoilCarb","temperate.deciduous.dVPDSlope",0,0,0,0,0,0,NA,NA,NA,NA
"0457344866426f5e200dc92fc2b1e303","TotSoilCarb","temperate.deciduous.dVpdExp",0,0,0,0,0,0,NA,NA,NA,NA
"0457344866426f5e200dc92fc2b1e303","TotSoilCarb","temperate.deciduous.extinction_coefficient",0,0,0,0,0,0,NA,NA,NA,NA
"0457344866426f5e200dc92fc2b1e303","TotSoilCarb","temperate.deciduous.fine_root_respiration_Q10",0,0,0,0,0,0,NA,NA,NA,NA
"0457344866426f5e200dc92fc2b1e303","TotSoilCarb","temperate.deciduous.fracLeafFall",0,0,0,0,0,0,NA,NA,NA,NA
"0457344866426f5e200dc92fc2b1e303","TotSoilCarb","temperate.deciduous.growth_resp_factor",0,0,0,0,0,0,NA,NA,NA,NA
"0457344866426f5e200dc92fc2b1e303","TotSoilCarb","temperate.deciduous.half_saturation_PAR",0,0,0,0,0,0,NA,NA,NA,NA
"0457344866426f5e200dc92fc2b1e303","TotSoilCarb","temperate.deciduous.leafC",0,0,0,0,0,0,NA,NA,NA,NA
"0457344866426f5e200dc92fc2b1e303","TotSoilCarb","temperate.deciduous.leafGrowth",0,0,0,0,0,0,NA,NA,NA,NA
"0457344866426f5e200dc92fc2b1e303","TotSoilCarb","temperate.deciduous.leafWHC",0,0,0,0,0,0,NA,NA,NA,NA
"0457344866426f5e200dc92fc2b1e303","TotSoilCarb","temperate.deciduous.leaf_allocation_fraction",0,0,0,0,0,0,NA,NA,NA,NA
"0457344866426f5e200dc92fc2b1e303","TotSoilCarb","temperate.deciduous.leaf_respiration_rate_m2",0,0,0,0,0,0,NA,NA,NA,NA
"0457344866426f5e200dc92fc2b1e303","TotSoilCarb","temperate.deciduous.leaf_turnover_rate",0,0,0,0,0,0,NA,NA,NA,NA
"0457344866426f5e200dc92fc2b1e303","TotSoilCarb","temperate.deciduous.psnTOpt",0,0,0,0,0,0,NA,NA,NA,NA
"0457344866426f5e200dc92fc2b1e303","TotSoilCarb","temperate.deciduous.root_allocation_fraction",0,0,0,0,0,0,NA,NA,NA,NA
"0457344866426f5e200dc92fc2b1e303","TotSoilCarb","temperate.deciduous.root_respiration_rate",0,0,0,0,0,0,NA,NA,NA,NA
"0457344866426f5e200dc92fc2b1e303","TotSoilCarb","temperate.deciduous.root_turnover_rate",0,0,0,0,0,0,NA,NA,NA,NA
"0457344866426f5e200dc92fc2b1e303","TotSoilCarb","temperate.deciduous.stem_respiration_rate",0,0,0,0,0,0,NA,NA,NA,NA
"0457344866426f5e200dc92fc2b1e303","TotSoilCarb","temperate.deciduous.veg_respiration_Q10",0,0,0,0,0,0,NA,NA,NA,NA
"0457344866426f5e200dc92fc2b1e303","TotSoilCarb","temperate.deciduous.wood_allocation_fraction",0,0,0,0,0,0,NA,NA,NA,NA
"0457344866426f5e200dc92fc2b1e303","TotSoilCarb","temperate.deciduous.wood_turnover_rate",0,0,0,0,0,0,NA,NA,NA,NA
"0457344866426f5e200dc92fc2b1e303","TotSoilCarb","temperate.deciduous.wueConst",0,0,0,0,0,0,NA,NA,NA,NA
"082846665954a88897908f18fb03a1ae","AbvGrndWood","dummy",0,0,0,0,0,0,NA,NA,NA,NA
"082846665954a88897908f18fb03a1ae","AbvGrndWood","grass.Amax",-0.00155796445123507,8.45542965273179e-05,-0.65568933503453,-0.0733263190243912,1.35108212204231,0.0355857609076757,NA,NA,NA,NA
"082846665954a88897908f18fb03a1ae","AbvGrndWood","grass.AmaxFrac",-0.00240772218280216,0.000201945109702788,-1.0133207826006,-0.175128788809663,2.08800039914252,0.0849911912877896,NA,NA,NA,NA
"082846665954a88897908f18fb03a1ae","AbvGrndWood","grass.GDD",0,0,0,0,0,0,NA,NA,NA,NA
"082846665954a88897908f18fb03a1ae","AbvGrndWood","grass.SLA",-0.000153249399729629,8.18122161135509e-07,-0.0644969767593239,-0.000709483598730729,0.132899389343754,0.000344317211722448,NA,NA,NA,NA
"082846665954a88897908f18fb03a1ae","AbvGrndWood","grass.Vm_low_temp",0,0,0,0,0,0,NA,NA,NA,NA
"082846665954a88897908f18fb03a1ae","AbvGrndWood","grass.coarse_root_respiration_Q10",0.00011187220132409,4.35978387129677e-07,-0.0970166752153258,-0.000378084752820121,0.047082851753704,0.000183487099798628,NA,NA,NA,NA
"082846665954a88897908f18fb03a1ae","AbvGrndWood","grass.dVPDSlope",0.0051901970639508,0.000938400624383323,-4.50099003056287,-0.81379026710947,2.18436104807284,0.394937946697122,NA,NA,NA,NA
"082846665954a88897908f18fb03a1ae","AbvGrndWood","grass.dVpdExp",0.00381178180790783,0.000506146990316497,-3.30561473960957,-0.438935656843791,1.60423729626337,0.213018457030428,NA,NA,NA,NA
"082846665954a88897908f18fb03a1ae","AbvGrndWood","grass.extinction_coefficient",0,0,0,0,0,0,NA,NA,NA,NA
"082846665954a88897908f18fb03a1ae","AbvGrndWood","grass.fine_root_respiration_Q10",0,0,0,0,0,0,NA,NA,NA,NA
"082846665954a88897908f18fb03a1ae","AbvGrndWood","grass.fracLeafFall",0.00028421332846118,2.81390527883359e-06,-0.246472598669134,-0.00244024638196249,0.119614827025693,0.00118426815173215,NA,NA,NA,NA
"082846665954a88897908f18fb03a1ae","AbvGrndWood","grass.growth_resp_factor",0,0,0,0,0,0,NA,NA,NA,NA
"082846665954a88897908f18fb03a1ae","AbvGrndWood","grass.half_saturation_PAR",0,0,0,0,0,0,NA,NA,NA,NA
"082846665954a88897908f18fb03a1ae","AbvGrndWood","grass.leafC",0,0,0,0,0,0,NA,NA,NA,NA
"082846665954a88897908f18fb03a1ae","AbvGrndWood","grass.leafGrowth",-0.00544341002157643,0.00103219723121699,-2.29092897115739,-0.895131608691902,4.72057880221054,0.434413452517879,NA,NA,NA,NA
"082846665954a88897908f18fb03a1ae","AbvGrndWood","grass.leaf_respiration_rate_m2",-0.00849378882129271,0.00251317951337686,-3.57472003917811,-2.1794540352411,7.36589735135099,1.05770385366761,NA,NA,NA,NA
"082846665954a88897908f18fb03a1ae","AbvGrndWood","grass.leaf_turnover_rate",0,0,0,0,0,0,NA,NA,NA,NA
"082846665954a88897908f18fb03a1ae","AbvGrndWood","grass.psnTOpt",0,0,0,0,0,0,NA,NA,NA,NA
"082846665954a88897908f18fb03a1ae","AbvGrndWood","grass.root_respiration_rate",0,0,0,0,0,0,NA,NA,NA,NA
"082846665954a88897908f18fb03a1ae","AbvGrndWood","grass.root_turnover_rate",-3.56233982336089e-06,4.42070245256727e-10,-0.00149925643559764,-3.83367672208269e-07,0.00308929619296946,1.86050936477497e-07,NA,NA,NA,NA
"082846665954a88897908f18fb03a1ae","AbvGrndWood","grass.stem_respiration_rate",0.000351297193884244,4.29902483677883e-06,-0.304648387711523,-0.00372815669483549,0.147847932778475,0.00180929977849612,NA,NA,NA,NA
"082846665954a88897908f18fb03a1ae","AbvGrndWood","grass.veg_respiration_Q10",0,0,0,0,0,0,NA,NA,NA,NA
"082846665954a88897908f18fb03a1ae","AbvGrndWood","ic_ensemble",0.00591739265450708,0.00121977960982276,-5.13162121142821,-1.05780489558462,2.49041064556776,0.51335990408467,NA,NA,NA,NA
"082846665954a88897908f18fb03a1ae","AbvGrndWood","met_ensemble",0.000646414935720382,1.4556043931554e-05,-0.56057740109576,-0.0126231447116746,0.272052022125975,0.00612609790849071,NA,NA,NA,NA
"082846665954a88897908f18fb03a1ae","AbvGrndWood","temperate.deciduous.Amax",0,0,0,0,0,0,NA,NA,NA,NA
"082846665954a88897908f18fb03a1ae","AbvGrndWood","temperate.deciduous.AmaxFrac",0,0,0,0,0,0,NA,NA,NA,NA
"082846665954a88897908f18fb03a1ae","AbvGrndWood","temperate.deciduous.GDD",0,0,0,0,0,0,NA,NA,NA,NA
"082846665954a88897908f18fb03a1ae","AbvGrndWood","temperate.deciduous.SLA",0,0,0,0,0,0,NA,NA,NA,NA
"082846665954a88897908f18fb03a1ae","AbvGrndWood","temperate.deciduous.Vm_low_temp",0,0,0,0,0,0,NA,NA,NA,NA
"082846665954a88897908f18fb03a1ae","AbvGrndWood","temperate.deciduous.coarse_root_respiration_Q10",0,0,0,0,0,0,NA,NA,NA,NA
"082846665954a88897908f18fb03a1ae","AbvGrndWood","temperate.deciduous.dVPDSlope",0,0,0,0,0,0,NA,NA,NA,NA
"082846665954a88897908f18fb03a1ae","AbvGrndWood","temperate.deciduous.dVpdExp",0,0,0,0,0,0,NA,NA,NA,NA
"082846665954a88897908f18fb03a1ae","AbvGrndWood","temperate.deciduous.extinction_coefficient",0,0,0,0,0,0,NA,NA,NA,NA
"082846665954a88897908f18fb03a1ae","AbvGrndWood","temperate.deciduous.fine_root_respiration_Q10",0,0,0,0,0,0,NA,NA,NA,NA
"082846665954a88897908f18fb03a1ae","AbvGrndWood","temperate.deciduous.fracLeafFall",0,0,0,0,0,0,NA,NA,NA,NA
"082846665954a88897908f18fb03a1ae","AbvGrndWood","temperate.deciduous.growth_resp_factor",0,0,0,0,0,0,NA,NA,NA,NA
"082846665954a88897908f18fb03a1ae","AbvGrndWood","temperate.deciduous.half_saturation_PAR",0,0,0,0,0,0,NA,NA,NA,NA
"082846665954a88897908f18fb03a1ae","AbvGrndWood","temperate.deciduous.leafC",0,0,0,0,0,0,NA,NA,NA,NA
"082846665954a88897908f18fb03a1ae","AbvGrndWood","temperate.deciduous.leafGrowth",0,0,0,0,0,0,NA,NA,NA,NA
"082846665954a88897908f18fb03a1ae","AbvGrndWood","temperate.deciduous.leafWHC",0,0,0,0,0,0,NA,NA,NA,NA
"082846665954a88897908f18fb03a1ae","AbvGrndWood","temperate.deciduous.leaf_allocation_fraction",0,0,0,0,0,0,NA,NA,NA,NA
"082846665954a88897908f18fb03a1ae","AbvGrndWood","temperate.deciduous.leaf_respiration_rate_m2",0,0,0,0,0,0,NA,NA,NA,NA
"082846665954a88897908f18fb03a1ae","AbvGrndWood","temperate.deciduous.leaf_turnover_rate",0,0,0,0,0,0,NA,NA,NA,NA
"082846665954a88897908f18fb03a1ae","AbvGrndWood","temperate.deciduous.psnTOpt",0,0,0,0,0,0,NA,NA,NA,NA
"082846665954a88897908f18fb03a1ae","AbvGrndWood","temperate.deciduous.root_allocation_fraction",0,0,0,0,0,0,NA,NA,NA,NA
"082846665954a88897908f18fb03a1ae","AbvGrndWood","temperate.deciduous.root_respiration_rate",0,0,0,0,0,0,NA,NA,NA,NA
"082846665954a88897908f18fb03a1ae","AbvGrndWood","temperate.deciduous.root_turnover_rate",0,0,0,0,0,0,NA,NA,NA,NA
"082846665954a88897908f18fb03a1ae","AbvGrndWood","temperate.deciduous.stem_respiration_rate",0,0,0,0,0,0,NA,NA,NA,NA
"082846665954a88897908f18fb03a1ae","AbvGrndWood","temperate.deciduous.veg_respiration_Q10",0,0,0,0,0,0,NA,NA,NA,NA
"082846665954a88897908f18fb03a1ae","AbvGrndWood","temperate.deciduous.wood_allocation_fraction",0,0,0,0,0,0,NA,NA,NA,NA
"082846665954a88897908f18fb03a1ae","AbvGrndWood","temperate.deciduous.wood_turnover_rate",0,0,0,0,0,0,NA,NA,NA,NA
"082846665954a88897908f18fb03a1ae","AbvGrndWood","temperate.deciduous.wueConst",0,0,0,0,0,0,NA,NA,NA,NA
"082846665954a88897908f18fb03a1ae","NPP","dummy",0,0,0,0,0,0,NA,NA,NA,NA
"082846665954a88897908f18fb03a1ae","NPP","grass.Amax",0.167929498065767,0.0211852141799012,0.0964153805900034,0.0121633215817508,0.20173098679121,0.0254494547480924,NA,NA,NA,NA
"082846665954a88897908f18fb03a1ae","NPP","grass.AmaxFrac",0.257124971527682,0.0496669387067347,0.147626249554598,0.0285158763249254,0.308880064743759,0.0596640892256118,NA,NA,NA,NA
"082846665954a88897908f18fb03a1ae","NPP","grass.GDD",0,0,0,0,0,0,NA,NA,NA,NA
"082846665954a88897908f18fb03a1ae","NPP","grass.SLA",0.281880566773874,0.0596910407768545,0.161839476920162,0.0342711344975255,0.338618560452609,0.0717058807249774,NA,NA,NA,NA
"082846665954a88897908f18fb03a1ae","NPP","grass.Vm_low_temp",0,0,0,0,0,0,NA,NA,NA,NA
"082846665954a88897908f18fb03a1ae","NPP","grass.coarse_root_respiration_Q10",0.045408728063127,0.00154902188439242,0.0260710586808266,0.000889358547760618,0.0545487697314549,0.00186081490684432,NA,NA,NA,NA
"082846665954a88897908f18fb03a1ae","NPP","grass.dVPDSlope",-0.466622016953582,0.16357213879505,-0.560545473087078,0.093913637553238,-0.267907305592227,0.196496561656792,NA,NA,NA,NA
"082846665954a88897908f18fb03a1ae","NPP","grass.dVpdExp",-0.34226209505958,0.0880027995344839,-0.411153912641099,0.0505261047512933,-0.196507049308143,0.10571633807616,NA,NA,NA,NA
"082846665954a88897908f18fb03a1ae","NPP","grass.extinction_coefficient",0,0,0,0,0,0,NA,NA,NA,NA
"082846665954a88897908f18fb03a1ae","NPP","grass.fine_root_respiration_Q10",0,0,0,0,0,0,NA,NA,NA,NA
"082846665954a88897908f18fb03a1ae","NPP","grass.fracLeafFall",-0.0419628632187011,0.00132284544438004,-0.0504093080917676,0.000759501150486994,-0.0240926428916784,0.001589112811869,NA,NA,NA,NA
"082846665954a88897908f18fb03a1ae","NPP","grass.growth_resp_factor",0,0,0,0,0,0,NA,NA,NA,NA
"082846665954a88897908f18fb03a1ae","NPP","grass.half_saturation_PAR",0,0,0,0,0,0,NA,NA,NA,NA
"082846665954a88897908f18fb03a1ae","NPP","grass.leafC",0,0,0,0,0,0,NA,NA,NA,NA
"082846665954a88897908f18fb03a1ae","NPP","grass.leafGrowth",0.806310317346006,0.48840861198951,0.462936631241021,0.280415905191129,0.968607527871256,0.586717356919523,NA,NA,NA,NA
"082846665954a88897908f18fb03a1ae","NPP","grass.leaf_respiration_rate_m2",0.967661963121355,0.703438638353854,0.555575390455088,0.403873678060058,1.1624366472193,0.845029445670188,NA,NA,NA,NA
"082846665954a88897908f18fb03a1ae","NPP","grass.leaf_turnover_rate",0,0,0,0,0,0,NA,NA,NA,NA
"082846665954a88897908f18fb03a1ae","NPP","grass.psnTOpt",0,0,0,0,0,0,NA,NA,NA,NA
"082846665954a88897908f18fb03a1ae","NPP","grass.root_respiration_rate",0,0,0,0,0,0,NA,NA,NA,NA
"082846665954a88897908f18fb03a1ae","NPP","grass.root_turnover_rate",-0.00313877398433655,7.40114593819625e-06,-0.00377055836209795,4.24930885075287e-06,-0.00180210202359618,8.89087677087773e-06,NA,NA,NA,NA
"082846665954a88897908f18fb03a1ae","NPP","grass.stem_respiration_rate",-0.0116372166262512,0.000101736575915858,-0.0139795998949352,5.8411242812205e-05,-0.00668141501613318,0.000122214501255921,NA,NA,NA,NA
"082846665954a88897908f18fb03a1ae","NPP","grass.veg_respiration_Q10",0,0,0,0,0,0,NA,NA,NA,NA
"082846665954a88897908f18fb03a1ae","NPP","ic_ensemble",0.0104818084730981,8.25375016528762e-05,0.00601804664960942,4.73882476067041e-05,0.0125916267897522,9.91509642290181e-05,NA,NA,NA,NA
"082846665954a88897908f18fb03a1ae","NPP","met_ensemble",-0.04369852040031,0.0014345389478982,-0.0524943249590251,0.000823629083787414,-0.0250891566052671,0.00172328840902384,NA,NA,NA,NA
"082846665954a88897908f18fb03a1ae","NPP","temperate.deciduous.Amax",0,0,0,0,0,0,NA,NA,NA,NA
"082846665954a88897908f18fb03a1ae","NPP","temperate.deciduous.AmaxFrac",0,0,0,0,0,0,NA,NA,NA,NA
"082846665954a88897908f18fb03a1ae","NPP","temperate.deciduous.GDD",0,0,0,0,0,0,NA,NA,NA,NA
"082846665954a88897908f18fb03a1ae","NPP","temperate.deciduous.SLA",0,0,0,0,0,0,NA,NA,NA,NA
"082846665954a88897908f18fb03a1ae","NPP","temperate.deciduous.Vm_low_temp",0,0,0,0,0,0,NA,NA,NA,NA
"082846665954a88897908f18fb03a1ae","NPP","temperate.deciduous.coarse_root_respiration_Q10",0,0,0,0,0,0,NA,NA,NA,NA
"082846665954a88897908f18fb03a1ae","NPP","temperate.deciduous.dVPDSlope",0,0,0,0,0,0,NA,NA,NA,NA
"082846665954a88897908f18fb03a1ae","NPP","temperate.deciduous.dVpdExp",0,0,0,0,0,0,NA,NA,NA,NA
"082846665954a88897908f18fb03a1ae","NPP","temperate.deciduous.extinction_coefficient",0,0,0,0,0,0,NA,NA,NA,NA
"082846665954a88897908f18fb03a1ae","NPP","temperate.deciduous.fine_root_respiration_Q10",0,0,0,0,0,0,NA,NA,NA,NA
"082846665954a88897908f18fb03a1ae","NPP","temperate.deciduous.fracLeafFall",0,0,0,0,0,0,NA,NA,NA,NA
"082846665954a88897908f18fb03a1ae","NPP","temperate.deciduous.growth_resp_factor",0,0,0,0,0,0,NA,NA,NA,NA
"082846665954a88897908f18fb03a1ae","NPP","temperate.deciduous.half_saturation_PAR",0,0,0,0,0,0,NA,NA,NA,NA
"082846665954a88897908f18fb03a1ae","NPP","temperate.deciduous.leafC",0,0,0,0,0,0,NA,NA,NA,NA
"082846665954a88897908f18fb03a1ae","NPP","temperate.deciduous.leafGrowth",0,0,0,0,0,0,NA,NA,NA,NA
"082846665954a88897908f18fb03a1ae","NPP","temperate.deciduous.leafWHC",0,0,0,0,0,0,NA,NA,NA,NA
"082846665954a88897908f18fb03a1ae","NPP","temperate.deciduous.leaf_allocation_fraction",0,0,0,0,0,0,NA,NA,NA,NA
"082846665954a88897908f18fb03a1ae","NPP","temperate.deciduous.leaf_respiration_rate_m2",0,0,0,0,0,0,NA,NA,NA,NA
"082846665954a88897908f18fb03a1ae","NPP","temperate.deciduous.leaf_turnover_rate",0,0,0,0,0,0,NA,NA,NA,NA
"082846665954a88897908f18fb03a1ae","NPP","temperate.deciduous.psnTOpt",0,0,0,0,0,0,NA,NA,NA,NA
"082846665954a88897908f18fb03a1ae","NPP","temperate.deciduous.root_allocation_fraction",0,0,0,0,0,0,NA,NA,NA,NA
"082846665954a88897908f18fb03a1ae","NPP","temperate.deciduous.root_respiration_rate",0,0,0,0,0,0,NA,NA,NA,NA
"082846665954a88897908f18fb03a1ae","NPP","temperate.deciduous.root_turnover_rate",0,0,0,0,0,0,NA,NA,NA,NA
"082846665954a88897908f18fb03a1ae","NPP","temperate.deciduous.stem_respiration_rate",0,0,0,0,0,0,NA,NA,NA,NA
"082846665954a88897908f18fb03a1ae","NPP","temperate.deciduous.veg_respiration_Q10",0,0,0,0,0,0,NA,NA,NA,NA
"082846665954a88897908f18fb03a1ae","NPP","temperate.deciduous.wood_allocation_fraction",0,0,0,0,0,0,NA,NA,NA,NA
"082846665954a88897908f18fb03a1ae","NPP","temperate.deciduous.wood_turnover_rate",0,0,0,0,0,0,NA,NA,NA,NA
"082846665954a88897908f18fb03a1ae","NPP","temperate.deciduous.wueConst",0,0,0,0,0,0,NA,NA,NA,NA
"082846665954a88897908f18fb03a1ae","Qle","dummy",0,0,0,0,0,0,NA,NA,NA,NA
"082846665954a88897908f18fb03a1ae","Qle","grass.Amax",-7.27089601836339,0.00678156967219969,-261.361624201581,-0.486963913203669,522.100951364369,0.243772165037956,NA,NA,NA,NA
"082846665954a88897908f18fb03a1ae","Qle","grass.AmaxFrac",-11.2266593766702,0.0161679684313562,-403.556579771429,-1.16097268869212,806.15229902883,0.581178231484367,NA,NA,NA,NA
"082846665954a88897908f18fb03a1ae","Qle","grass.GDD",0,0,0,0,0,0,NA,NA,NA,NA
"082846665954a88897908f18fb03a1ae","Qle","grass.SLA",-29.6423678392028,0.112714592382257,-1065.53269144105,-8.09369240968317,2128.52836988088,4.05166967892863,NA,NA,NA,NA
"082846665954a88897908f18fb03a1ae","Qle","grass.Vm_low_temp",0,0,0,0,0,0,NA,NA,NA,NA
"082846665954a88897908f18fb03a1ae","Qle","grass.coarse_root_respiration_Q10",-0.290237734838146,1.08059290625452e-05,-10.4329652893262,-0.000775940933508306,20.8410898874255,0.000388432892405686,NA,NA,NA,NA
"082846665954a88897908f18fb03a1ae","Qle","grass.dVPDSlope",36.3632665636434,0.169621203190986,-2611.1356866671,-12.1799832281905,1307.12396193615,6.09725033242896,NA,NA,NA,NA
"082846665954a88897908f18fb03a1ae","Qle","grass.dVpdExp",30.8225480698829,0.121868492071341,-2213.27352641499,-8.75100613336928,1107.95577398303,4.38071826997916,NA,NA,NA,NA
"082846665954a88897908f18fb03a1ae","Qle","grass.extinction_coefficient",0,0,0,0,0,0,NA,NA,NA,NA
"082846665954a88897908f18fb03a1ae","Qle","grass.fine_root_respiration_Q10",0,0,0,0,0,0,NA,NA,NA,NA
"082846665954a88897908f18fb03a1ae","Qle","grass.fracLeafFall",3.93993844928564,0.0019912841401908,-282.915009029673,-0.142988063837614,141.626109046096,0.0715792463284689,NA,NA,NA,NA
"082846665954a88897908f18fb03a1ae","Qle","grass.growth_resp_factor",0,0,0,0,0,0,NA,NA,NA,NA
"082846665954a88897908f18fb03a1ae","Qle","grass.half_saturation_PAR",0,0,0,0,0,0,NA,NA,NA,NA
"082846665954a88897908f18fb03a1ae","Qle","grass.leafC",0,0,0,0,0,0,NA,NA,NA,NA
"082846665954a88897908f18fb03a1ae","Qle","grass.leafGrowth",24.7953505364092,0.078866917180261,-1780.47878442721,-5.66319369538414,891.300476925563,2.83497185463042,NA,NA,NA,NA
"082846665954a88897908f18fb03a1ae","Qle","grass.leaf_respiration_rate_m2",-2.27131096550601,0.000661770731624336,-81.6451674610986,-0.0475197455297857,163.095939336778,0.0237881923809079,NA,NA,NA,NA
"082846665954a88897908f18fb03a1ae","Qle","grass.leaf_turnover_rate",0,0,0,0,0,0,NA,NA,NA,NA
"082846665954a88897908f18fb03a1ae","Qle","grass.psnTOpt",0,0,0,0,0,0,NA,NA,NA,NA
"082846665954a88897908f18fb03a1ae","Qle","grass.root_respiration_rate",0,0,0,0,0,0,NA,NA,NA,NA
"082846665954a88897908f18fb03a1ae","Qle","grass.root_turnover_rate",0.0476137531050608,2.90816599264986e-07,-3.41899894200055,-2.08826563831093e-05,1.71153703951235,1.04537733089169e-05,NA,NA,NA,NA
"082846665954a88897908f18fb03a1ae","Qle","grass.stem_respiration_rate",0.134567714248869,2.32292993962258e-06,-9.66289869292854,-0.000166802541030248,4.83720799642177,8.35006772745592e-05,NA,NA,NA,NA
"082846665954a88897908f18fb03a1ae","Qle","grass.veg_respiration_Q10",0,0,0,0,0,0,NA,NA,NA,NA
"082846665954a88897908f18fb03a1ae","Qle","ic_ensemble",-1.04462554858441,0.000139983112845572,-37.5503967284001,-0.0100517620121419,75.0113866788886,0.00503187140095386,NA,NA,NA,NA
"082846665954a88897908f18fb03a1ae","Qle","met_ensemble",-20.1695866108573,0.0521853204475317,-725.021497044421,-3.74726930272393,1448.31673174237,1.87586785414062,NA,NA,NA,NA
"082846665954a88897908f18fb03a1ae","Qle","temperate.deciduous.Amax",0,0,0,0,0,0,NA,NA,NA,NA
"082846665954a88897908f18fb03a1ae","Qle","temperate.deciduous.AmaxFrac",0,0,0,0,0,0,NA,NA,NA,NA
"082846665954a88897908f18fb03a1ae","Qle","temperate.deciduous.GDD",0,0,0,0,0,0,NA,NA,NA,NA
"082846665954a88897908f18fb03a1ae","Qle","temperate.deciduous.SLA",0,0,0,0,0,0,NA,NA,NA,NA
"082846665954a88897908f18fb03a1ae","Qle","temperate.deciduous.Vm_low_temp",0,0,0,0,0,0,NA,NA,NA,NA
"082846665954a88897908f18fb03a1ae","Qle","temperate.deciduous.coarse_root_respiration_Q10",0,0,0,0,0,0,NA,NA,NA,NA
"082846665954a88897908f18fb03a1ae","Qle","temperate.deciduous.dVPDSlope",0,0,0,0,0,0,NA,NA,NA,NA
"082846665954a88897908f18fb03a1ae","Qle","temperate.deciduous.dVpdExp",0,0,0,0,0,0,NA,NA,NA,NA
"082846665954a88897908f18fb03a1ae","Qle","temperate.deciduous.extinction_coefficient",0,0,0,0,0,0,NA,NA,NA,NA
"082846665954a88897908f18fb03a1ae","Qle","temperate.deciduous.fine_root_respiration_Q10",0,0,0,0,0,0,NA,NA,NA,NA
"082846665954a88897908f18fb03a1ae","Qle","temperate.deciduous.fracLeafFall",0,0,0,0,0,0,NA,NA,NA,NA
"082846665954a88897908f18fb03a1ae","Qle","temperate.deciduous.growth_resp_factor",0,0,0,0,0,0,NA,NA,NA,NA
"082846665954a88897908f18fb03a1ae","Qle","temperate.deciduous.half_saturation_PAR",0,0,0,0,0,0,NA,NA,NA,NA
"082846665954a88897908f18fb03a1ae","Qle","temperate.deciduous.leafC",0,0,0,0,0,0,NA,NA,NA,NA
"082846665954a88897908f18fb03a1ae","Qle","temperate.deciduous.leafGrowth",0,0,0,0,0,0,NA,NA,NA,NA
"082846665954a88897908f18fb03a1ae","Qle","temperate.deciduous.leafWHC",0,0,0,0,0,0,NA,NA,NA,NA
"082846665954a88897908f18fb03a1ae","Qle","temperate.deciduous.leaf_allocation_fraction",0,0,0,0,0,0,NA,NA,NA,NA
"082846665954a88897908f18fb03a1ae","Qle","temperate.deciduous.leaf_respiration_rate_m2",0,0,0,0,0,0,NA,NA,NA,NA
"082846665954a88897908f18fb03a1ae","Qle","temperate.deciduous.leaf_turnover_rate",0,0,0,0,0,0,NA,NA,NA,NA
"082846665954a88897908f18fb03a1ae","Qle","temperate.deciduous.psnTOpt",0,0,0,0,0,0,NA,NA,NA,NA
"082846665954a88897908f18fb03a1ae","Qle","temperate.deciduous.root_allocation_fraction",0,0,0,0,0,0,NA,NA,NA,NA
"082846665954a88897908f18fb03a1ae","Qle","temperate.deciduous.root_respiration_rate",0,0,0,0,0,0,NA,NA,NA,NA
"082846665954a88897908f18fb03a1ae","Qle","temperate.deciduous.root_turnover_rate",0,0,0,0,0,0,NA,NA,NA,NA
"082846665954a88897908f18fb03a1ae","Qle","temperate.deciduous.stem_respiration_rate",0,0,0,0,0,0,NA,NA,NA,NA
"082846665954a88897908f18fb03a1ae","Qle","temperate.deciduous.veg_respiration_Q10",0,0,0,0,0,0,NA,NA,NA,NA
"082846665954a88897908f18fb03a1ae","Qle","temperate.deciduous.wood_allocation_fraction",0,0,0,0,0,0,NA,NA,NA,NA
"082846665954a88897908f18fb03a1ae","Qle","temperate.deciduous.wood_turnover_rate",0,0,0,0,0,0,NA,NA,NA,NA
"082846665954a88897908f18fb03a1ae","Qle","temperate.deciduous.wueConst",0,0,0,0,0,0,NA,NA,NA,NA
"082846665954a88897908f18fb03a1ae","SoilMoistFrac","dummy",0,0,0,0,0,0,NA,NA,NA,NA
"082846665954a88897908f18fb03a1ae","SoilMoistFrac","grass.Amax",4.74879020461749,0.0279535840055376,2.77212701713638,0.0163180267201937,5.66724518649709,0.0333600364671165,NA,NA,NA,NA
"082846665954a88897908f18fb03a1ae","SoilMoistFrac","grass.AmaxFrac",7.36509126056117,0.067240014136554,4.29940418240086,0.03925165185005,8.78956032926899,0.0802447844684426,NA,NA,NA,NA
"082846665954a88897908f18fb03a1ae","SoilMoistFrac","grass.GDD",0,0,0,0,0,0,NA,NA,NA,NA
"082846665954a88897908f18fb03a1ae","SoilMoistFrac","grass.SLA",20.8230870982372,0.537479324109494,12.1555680158452,0.313755902306942,24.8504429635042,0.641432234559327,NA,NA,NA,NA
"082846665954a88897908f18fb03a1ae","SoilMoistFrac","grass.Vm_low_temp",0,0,0,0,0,0,NA,NA,NA,NA
"082846665954a88897908f18fb03a1ae","SoilMoistFrac","grass.coarse_root_respiration_Q10",0.0907648877104493,1.02119170963102e-05,0.0529843995181828,5.96125119444369e-06,0.108319561575878,1.21869856353516e-05,NA,NA,NA,NA
"082846665954a88897908f18fb03a1ae","SoilMoistFrac","grass.dVPDSlope",-26.0491426500523,0.841120850967528,-31.0872605305536,0.491007969435374,-15.206300763347,1.00380052360979,NA,NA,NA,NA
"082846665954a88897908f18fb03a1ae","SoilMoistFrac","grass.dVpdExp",-22.4305843649934,0.623666916954249,-26.7688433886216,0.364068285960905,-13.093951564315,0.744289214893027,NA,NA,NA,NA
"082846665954a88897908f18fb03a1ae","SoilMoistFrac","grass.extinction_coefficient",0,0,0,0,0,0,NA,NA,NA,NA
"082846665954a88897908f18fb03a1ae","SoilMoistFrac","grass.fine_root_respiration_Q10",0,0,0,0,0,0,NA,NA,NA,NA
"082846665954a88897908f18fb03a1ae","SoilMoistFrac","grass.fracLeafFall",-0.748461877671744,0.000694401900161275,-0.893220544758395,0.00040536014126633,-0.436917889186387,0.000828704924120859,NA,NA,NA,NA
"082846665954a88897908f18fb03a1ae","SoilMoistFrac","grass.growth_resp_factor",0,0,0,0,0,0,NA,NA,NA,NA
"082846665954a88897908f18fb03a1ae","SoilMoistFrac","grass.half_saturation_PAR",0,0,0,0,0,0,NA,NA,NA,NA
"082846665954a88897908f18fb03a1ae","SoilMoistFrac","grass.leafC",0,0,0,0,0,0,NA,NA,NA,NA
"082846665954a88897908f18fb03a1ae","SoilMoistFrac","grass.leafGrowth",-20.0615743362924,0.498886272285749,-23.9416473863925,0.291227039791534,-11.7110316159788,0.595374969917971,NA,NA,NA,NA
"082846665954a88897908f18fb03a1ae","SoilMoistFrac","grass.leaf_respiration_rate_m2",0.471732448039955,0.000275843675704337,0.275375876323173,0.000161024950140494,0.562969373308894,0.00032919410544627,NA,NA,NA,NA
"082846665954a88897908f18fb03a1ae","SoilMoistFrac","grass.leaf_turnover_rate",0,0,0,0,0,0,NA,NA,NA,NA
"082846665954a88897908f18fb03a1ae","SoilMoistFrac","grass.psnTOpt",0,0,0,0,0,0,NA,NA,NA,NA
"082846665954a88897908f18fb03a1ae","SoilMoistFrac","grass.root_respiration_rate",0,0,0,0,0,0,NA,NA,NA,NA
"082846665954a88897908f18fb03a1ae","SoilMoistFrac","grass.root_turnover_rate",-0.0130508842729026,2.11130710046736e-07,-0.0155750323531286,1.23248473874176e-07,-0.00761851067988962,2.51965121363043e-07,NA,NA,NA,NA
"082846665954a88897908f18fb03a1ae","SoilMoistFrac","grass.stem_respiration_rate",-0.0294806382605002,1.07732141952643e-06,-0.0351824355420518,6.28891082681444e-07,-0.0172094513092814,1.28568421977975e-06,NA,NA,NA,NA
"082846665954a88897908f18fb03a1ae","SoilMoistFrac","grass.veg_respiration_Q10",0,0,0,0,0,0,NA,NA,NA,NA
"082846665954a88897908f18fb03a1ae","SoilMoistFrac","ic_ensemble",-0.148332380474201,2.72736626192582e-05,-0.177021079690292,1.59211196421338e-05,-0.0865896747826127,3.2548612707052e-05,NA,NA,NA,NA
"082846665954a88897908f18fb03a1ae","SoilMoistFrac","met_ensemble",2.84826046185609,0.0100561312611222,1.66268448129698,0.00587031053292698,3.39913740064752,0.0120010695416619,NA,NA,NA,NA
"082846665954a88897908f18fb03a1ae","SoilMoistFrac","temperate.deciduous.Amax",0,0,0,0,0,0,NA,NA,NA,NA
"082846665954a88897908f18fb03a1ae","SoilMoistFrac","temperate.deciduous.AmaxFrac",0,0,0,0,0,0,NA,NA,NA,NA
"082846665954a88897908f18fb03a1ae","SoilMoistFrac","temperate.deciduous.GDD",0,0,0,0,0,0,NA,NA,NA,NA
"082846665954a88897908f18fb03a1ae","SoilMoistFrac","temperate.deciduous.SLA",0,0,0,0,0,0,NA,NA,NA,NA
"082846665954a88897908f18fb03a1ae","SoilMoistFrac","temperate.deciduous.Vm_low_temp",0,0,0,0,0,0,NA,NA,NA,NA
"082846665954a88897908f18fb03a1ae","SoilMoistFrac","temperate.deciduous.coarse_root_respiration_Q10",0,0,0,0,0,0,NA,NA,NA,NA
"082846665954a88897908f18fb03a1ae","SoilMoistFrac","temperate.deciduous.dVPDSlope",0,0,0,0,0,0,NA,NA,NA,NA
"082846665954a88897908f18fb03a1ae","SoilMoistFrac","temperate.deciduous.dVpdExp",0,0,0,0,0,0,NA,NA,NA,NA
"082846665954a88897908f18fb03a1ae","SoilMoistFrac","temperate.deciduous.extinction_coefficient",0,0,0,0,0,0,NA,NA,NA,NA
"082846665954a88897908f18fb03a1ae","SoilMoistFrac","temperate.deciduous.fine_root_respiration_Q10",0,0,0,0,0,0,NA,NA,NA,NA
"082846665954a88897908f18fb03a1ae","SoilMoistFrac","temperate.deciduous.fracLeafFall",0,0,0,0,0,0,NA,NA,NA,NA
"082846665954a88897908f18fb03a1ae","SoilMoistFrac","temperate.deciduous.growth_resp_factor",0,0,0,0,0,0,NA,NA,NA,NA
"082846665954a88897908f18fb03a1ae","SoilMoistFrac","temperate.deciduous.half_saturation_PAR",0,0,0,0,0,0,NA,NA,NA,NA
"082846665954a88897908f18fb03a1ae","SoilMoistFrac","temperate.deciduous.leafC",0,0,0,0,0,0,NA,NA,NA,NA
"082846665954a88897908f18fb03a1ae","SoilMoistFrac","temperate.deciduous.leafGrowth",0,0,0,0,0,0,NA,NA,NA,NA
"082846665954a88897908f18fb03a1ae","SoilMoistFrac","temperate.deciduous.leafWHC",0,0,0,0,0,0,NA,NA,NA,NA
"082846665954a88897908f18fb03a1ae","SoilMoistFrac","temperate.deciduous.leaf_allocation_fraction",0,0,0,0,0,0,NA,NA,NA,NA
"082846665954a88897908f18fb03a1ae","SoilMoistFrac","temperate.deciduous.leaf_respiration_rate_m2",0,0,0,0,0,0,NA,NA,NA,NA
"082846665954a88897908f18fb03a1ae","SoilMoistFrac","temperate.deciduous.leaf_turnover_rate",0,0,0,0,0,0,NA,NA,NA,NA
"082846665954a88897908f18fb03a1ae","SoilMoistFrac","temperate.deciduous.psnTOpt",0,0,0,0,0,0,NA,NA,NA,NA
"082846665954a88897908f18fb03a1ae","SoilMoistFrac","temperate.deciduous.root_allocation_fraction",0,0,0,0,0,0,NA,NA,NA,NA
"082846665954a88897908f18fb03a1ae","SoilMoistFrac","temperate.deciduous.root_respiration_rate",0,0,0,0,0,0,NA,NA,NA,NA
"082846665954a88897908f18fb03a1ae","SoilMoistFrac","temperate.deciduous.root_turnover_rate",0,0,0,0,0,0,NA,NA,NA,NA
"082846665954a88897908f18fb03a1ae","SoilMoistFrac","temperate.deciduous.stem_respiration_rate",0,0,0,0,0,0,NA,NA,NA,NA
"082846665954a88897908f18fb03a1ae","SoilMoistFrac","temperate.deciduous.veg_respiration_Q10",0,0,0,0,0,0,NA,NA,NA,NA
"082846665954a88897908f18fb03a1ae","SoilMoistFrac","temperate.deciduous.wood_allocation_fraction",0,0,0,0,0,0,NA,NA,NA,NA
"082846665954a88897908f18fb03a1ae","SoilMoistFrac","temperate.deciduous.wood_turnover_rate",0,0,0,0,0,0,NA,NA,NA,NA
"082846665954a88897908f18fb03a1ae","SoilMoistFrac","temperate.deciduous.wueConst",0,0,0,0,0,0,NA,NA,NA,NA
"082846665954a88897908f18fb03a1ae","TotSoilCarb","dummy",0,0,0,0,0,0,NA,NA,NA,NA
"082846665954a88897908f18fb03a1ae","TotSoilCarb","grass.Amax",-0.0150556655048278,4.60468789099679e-05,-0.210937551689904,-0.00118741306191584,0.388241164210551,0.000645140256145799,NA,NA,NA,NA
"082846665954a88897908f18fb03a1ae","TotSoilCarb","grass.AmaxFrac",-0.0234166794998927,0.000111391206458257,-0.328079621643468,-0.00287245035194918,0.603847030745233,0.00156064760887221,NA,NA,NA,NA
"082846665954a88897908f18fb03a1ae","TotSoilCarb","grass.GDD",0,0,0,0,0,0,NA,NA,NA,NA
"082846665954a88897908f18fb03a1ae","TotSoilCarb","grass.SLA",-0.0652133885858321,0.000863920578106031,-0.913672831087188,-0.0222779611384023,1.68166076076543,0.0121039678745371,NA,NA,NA,NA
"082846665954a88897908f18fb03a1ae","TotSoilCarb","grass.Vm_low_temp",0,0,0,0,0,0,NA,NA,NA,NA
"082846665954a88897908f18fb03a1ae","TotSoilCarb","grass.coarse_root_respiration_Q10",-0.00136247897329058,3.77102925276086e-07,-0.0190890252418752,-9.72437111394676e-06,0.0351343102457416,5.28340429503638e-06,NA,NA,NA,NA
"082846665954a88897908f18fb03a1ae","TotSoilCarb","grass.dVPDSlope",0.0819451029509825,0.00136410026843514,-2.11312227684928,-0.035176118660936,1.14809268204814,0.0191117404136656,NA,NA,NA,NA
"082846665954a88897908f18fb03a1ae","TotSoilCarb","grass.dVpdExp",0.0690868797280601,0.000969597396982771,-1.78154666153385,-0.0250030543053312,0.967942417361676,0.0135845539992148,NA,NA,NA,NA
"082846665954a88897908f18fb03a1ae","TotSoilCarb","grass.extinction_coefficient",0,0,0,0,0,0,NA,NA,NA,NA
"082846665954a88897908f18fb03a1ae","TotSoilCarb","grass.fine_root_respiration_Q10",0,0,0,0,0,0,NA,NA,NA,NA
"082846665954a88897908f18fb03a1ae","TotSoilCarb","grass.fracLeafFall",0.00253688643146559,1.30738150018141e-06,-0.0654188113641554,-3.37135090796886e-05,0.035543072645782,1.83170815454493e-05,NA,NA,NA,NA
"082846665954a88897908f18fb03a1ae","TotSoilCarb","grass.growth_resp_factor",0,0,0,0,0,0,NA,NA,NA,NA
"082846665954a88897908f18fb03a1ae","TotSoilCarb","grass.half_saturation_PAR",0,0,0,0,0,0,NA,NA,NA,NA
"082846665954a88897908f18fb03a1ae","TotSoilCarb","grass.leafC",0,0,0,0,0,0,NA,NA,NA,NA
"082846665954a88897908f18fb03a1ae","TotSoilCarb","grass.leafGrowth",0.259230349844341,0.0136512360375436,-6.68478539125372,-0.352025074576042,3.63194940152915,0.191260778633602,NA,NA,NA,NA
"082846665954a88897908f18fb03a1ae","TotSoilCarb","grass.leaf_respiration_rate_m2",-0.00749724708979062,1.1418365290052e-05,-0.105040255113769,-0.000294445930149657,0.193331868164918,0.00015997712075977,NA,NA,NA,NA
"082846665954a88897908f18fb03a1ae","TotSoilCarb","grass.leaf_turnover_rate",0,0,0,0,0,0,NA,NA,NA,NA
"082846665954a88897908f18fb03a1ae","TotSoilCarb","grass.psnTOpt",0,0,0,0,0,0,NA,NA,NA,NA
"082846665954a88897908f18fb03a1ae","TotSoilCarb","grass.root_respiration_rate",0,0,0,0,0,0,NA,NA,NA,NA
"082846665954a88897908f18fb03a1ae","TotSoilCarb","grass.root_turnover_rate",0.025756785138345,0.000134767010379613,-0.664191446417664,-0.00347524332220178,0.360865695026448,0.00188815454281498,NA,NA,NA,NA
"082846665954a88897908f18fb03a1ae","TotSoilCarb","grass.stem_respiration_rate",0.000202946965244093,8.36691596379003e-09,-0.0052334030690373,-2.15758060883596e-07,0.00284339048033165,1.17224759545242e-07,NA,NA,NA,NA
"082846665954a88897908f18fb03a1ae","TotSoilCarb","grass.veg_respiration_Q10",0,0,0,0,0,0,NA,NA,NA,NA
"082846665954a88897908f18fb03a1ae","TotSoilCarb","ic_ensemble",0.232164164092818,0.0109494083643488,-5.98682836879325,-0.2823529155472,3.25273833615448,0.153406795075786,NA,NA,NA,NA
"082846665954a88897908f18fb03a1ae","TotSoilCarb","met_ensemble",4.01908122329903e-06,3.28135977734694e-12,-0.00010364023913058,-8.46165810300673e-11,5.63093775571534e-05,4.5973523882112e-11,NA,NA,NA,NA
"082846665954a88897908f18fb03a1ae","TotSoilCarb","temperate.deciduous.Amax",0,0,0,0,0,0,NA,NA,NA,NA
"082846665954a88897908f18fb03a1ae","TotSoilCarb","temperate.deciduous.AmaxFrac",0,0,0,0,0,0,NA,NA,NA,NA
"082846665954a88897908f18fb03a1ae","TotSoilCarb","temperate.deciduous.GDD",0,0,0,0,0,0,NA,NA,NA,NA
"082846665954a88897908f18fb03a1ae","TotSoilCarb","temperate.deciduous.SLA",0,0,0,0,0,0,NA,NA,NA,NA
"082846665954a88897908f18fb03a1ae","TotSoilCarb","temperate.deciduous.Vm_low_temp",0,0,0,0,0,0,NA,NA,NA,NA
"082846665954a88897908f18fb03a1ae","TotSoilCarb","temperate.deciduous.coarse_root_respiration_Q10",0,0,0,0,0,0,NA,NA,NA,NA
"082846665954a88897908f18fb03a1ae","TotSoilCarb","temperate.deciduous.dVPDSlope",0,0,0,0,0,0,NA,NA,NA,NA
"082846665954a88897908f18fb03a1ae","TotSoilCarb","temperate.deciduous.dVpdExp",0,0,0,0,0,0,NA,NA,NA,NA
"082846665954a88897908f18fb03a1ae","TotSoilCarb","temperate.deciduous.extinction_coefficient",0,0,0,0,0,0,NA,NA,NA,NA
"082846665954a88897908f18fb03a1ae","TotSoilCarb","temperate.deciduous.fine_root_respiration_Q10",0,0,0,0,0,0,NA,NA,NA,NA
"082846665954a88897908f18fb03a1ae","TotSoilCarb","temperate.deciduous.fracLeafFall",0,0,0,0,0,0,NA,NA,NA,NA
"082846665954a88897908f18fb03a1ae","TotSoilCarb","temperate.deciduous.growth_resp_factor",0,0,0,0,0,0,NA,NA,NA,NA
"082846665954a88897908f18fb03a1ae","TotSoilCarb","temperate.deciduous.half_saturation_PAR",0,0,0,0,0,0,NA,NA,NA,NA
"082846665954a88897908f18fb03a1ae","TotSoilCarb","temperate.deciduous.leafC",0,0,0,0,0,0,NA,NA,NA,NA
"082846665954a88897908f18fb03a1ae","TotSoilCarb","temperate.deciduous.leafGrowth",0,0,0,0,0,0,NA,NA,NA,NA
"082846665954a88897908f18fb03a1ae","TotSoilCarb","temperate.deciduous.leafWHC",0,0,0,0,0,0,NA,NA,NA,NA
"082846665954a88897908f18fb03a1ae","TotSoilCarb","temperate.deciduous.leaf_allocation_fraction",0,0,0,0,0,0,NA,NA,NA,NA
"082846665954a88897908f18fb03a1ae","TotSoilCarb","temperate.deciduous.leaf_respiration_rate_m2",0,0,0,0,0,0,NA,NA,NA,NA
"082846665954a88897908f18fb03a1ae","TotSoilCarb","temperate.deciduous.leaf_turnover_rate",0,0,0,0,0,0,NA,NA,NA,NA
"082846665954a88897908f18fb03a1ae","TotSoilCarb","temperate.deciduous.psnTOpt",0,0,0,0,0,0,NA,NA,NA,NA
"082846665954a88897908f18fb03a1ae","TotSoilCarb","temperate.deciduous.root_allocation_fraction",0,0,0,0,0,0,NA,NA,NA,NA
"082846665954a88897908f18fb03a1ae","TotSoilCarb","temperate.deciduous.root_respiration_rate",0,0,0,0,0,0,NA,NA,NA,NA
"082846665954a88897908f18fb03a1ae","TotSoilCarb","temperate.deciduous.root_turnover_rate",0,0,0,0,0,0,NA,NA,NA,NA
"082846665954a88897908f18fb03a1ae","TotSoilCarb","temperate.deciduous.stem_respiration_rate",0,0,0,0,0,0,NA,NA,NA,NA
"082846665954a88897908f18fb03a1ae","TotSoilCarb","temperate.deciduous.veg_respiration_Q10",0,0,0,0,0,0,NA,NA,NA,NA
"082846665954a88897908f18fb03a1ae","TotSoilCarb","temperate.deciduous.wood_allocation_fraction",0,0,0,0,0,0,NA,NA,NA,NA
"082846665954a88897908f18fb03a1ae","TotSoilCarb","temperate.deciduous.wood_turnover_rate",0,0,0,0,0,0,NA,NA,NA,NA
"082846665954a88897908f18fb03a1ae","TotSoilCarb","temperate.deciduous.wueConst",0,0,0,0,0,0,NA,NA,NA,NA
"22a0e4594b9893e8564298414dfb88b6","AbvGrndWood","dummy",0,0,0,0,0,0,NA,NA,NA,NA
"22a0e4594b9893e8564298414dfb88b6","AbvGrndWood","grass.Amax",-0.00868219843138894,1.89239506962669e-05,-0.0106252105108044,9.55547396586757e-06,-0.00438399583729622,2.31589915195884e-05,NA,NA,NA,NA
"22a0e4594b9893e8564298414dfb88b6","AbvGrndWood","grass.AmaxFrac",-0.0139636381558827,4.8949647157358e-05,-0.017088597556877,2.47166718280875e-05,-0.00705081000309588,5.99042177608147e-05,NA,NA,NA,NA
"22a0e4594b9893e8564298414dfb88b6","AbvGrndWood","grass.GDD",0,0,0,0,0,0,NA,NA,NA,NA
"22a0e4594b9893e8564298414dfb88b6","AbvGrndWood","grass.SLA",0.0593603435395238,0.00088459647507502,0.0299734567269174,0.000446668812635673,0.0726447513363514,0.00108256265265801,NA,NA,NA,NA
"22a0e4594b9893e8564298414dfb88b6","AbvGrndWood","grass.Vm_low_temp",0,0,0,0,0,0,NA,NA,NA,NA
"22a0e4594b9893e8564298414dfb88b6","AbvGrndWood","grass.coarse_root_respiration_Q10",0.00982326821725496,2.42250341355822e-05,0.00496016847730589,1.22322070438744e-05,0.0120216433127215,2.96464183992172e-05,NA,NA,NA,NA
"22a0e4594b9893e8564298414dfb88b6","AbvGrndWood","grass.dVPDSlope",0.0391526350977231,0.000384834843373986,0.0197697611548527,0.000194318796642408,0.047914706540457,0.000470958047671218,NA,NA,NA,NA
"22a0e4594b9893e8564298414dfb88b6","AbvGrndWood","grass.dVpdExp",0.0349978867403916,0.000307493567962842,0.0176718593794563,0.000155266034587603,0.0428301560933644,0.000376308364309162,NA,NA,NA,NA
"22a0e4594b9893e8564298414dfb88b6","AbvGrndWood","grass.extinction_coefficient",0,0,0,0,0,0,NA,NA,NA,NA
"22a0e4594b9893e8564298414dfb88b6","AbvGrndWood","grass.fine_root_respiration_Q10",0,0,0,0,0,0,NA,NA,NA,NA
"22a0e4594b9893e8564298414dfb88b6","AbvGrndWood","grass.fracLeafFall",0.00234322197411928,1.37841266836148e-06,0.00118318827444222,6.96016734462771e-07,0.00286761779810844,1.68689127389103e-06,NA,NA,NA,NA
"22a0e4594b9893e8564298414dfb88b6","AbvGrndWood","grass.growth_resp_factor",0,0,0,0,0,0,NA,NA,NA,NA
"22a0e4594b9893e8564298414dfb88b6","AbvGrndWood","grass.half_saturation_PAR",0,0,0,0,0,0,NA,NA,NA,NA
"22a0e4594b9893e8564298414dfb88b6","AbvGrndWood","grass.leafC",0,0,0,0,0,0,NA,NA,NA,NA
"22a0e4594b9893e8564298414dfb88b6","AbvGrndWood","grass.leafGrowth",-0.72835382660562,0.133179446490607,-0.891354049920812,0.0672477303579471,-0.367775531641126,0.162984025976556,NA,NA,NA,NA
"22a0e4594b9893e8564298414dfb88b6","AbvGrndWood","grass.leaf_respiration_rate_m2",-0.212556958671143,0.0113423500889963,-0.260125640903597,0.00572721482563047,-0.107328671345924,0.013880684521921,NA,NA,NA,NA
"22a0e4594b9893e8564298414dfb88b6","AbvGrndWood","grass.leaf_turnover_rate",0,0,0,0,0,0,NA,NA,NA,NA
"22a0e4594b9893e8564298414dfb88b6","AbvGrndWood","grass.psnTOpt",0,0,0,0,0,0,NA,NA,NA,NA
"22a0e4594b9893e8564298414dfb88b6","AbvGrndWood","grass.root_respiration_rate",0,0,0,0,0,0,NA,NA,NA,NA
"22a0e4594b9893e8564298414dfb88b6","AbvGrndWood","grass.root_turnover_rate",-0.000213695748782246,1.14642106661898e-08,-0.000261519283856324,5.78874719757158e-09,-0.000107903692885235,1.40298165989958e-08,NA,NA,NA,NA
"22a0e4594b9893e8564298414dfb88b6","AbvGrndWood","grass.stem_respiration_rate",0.531370980399709,0.0708839741517993,0.268310864413136,0.0357922074769706,0.650287893175487,0.0867472856278407,NA,NA,NA,NA
"22a0e4594b9893e8564298414dfb88b6","AbvGrndWood","grass.veg_respiration_Q10",0,0,0,0,0,0,NA,NA,NA,NA
"22a0e4594b9893e8564298414dfb88b6","AbvGrndWood","ic_ensemble",-1.63292337540948,0.669397375281799,-1.99835960314068,0.338006016554837,-0.824529563219585,0.819203578904062,NA,NA,NA,NA
"22a0e4594b9893e8564298414dfb88b6","AbvGrndWood","met_ensemble",0.000547444161969705,7.52371005483131e-08,0.000276426868861988,3.79902784093908e-08,0.00066995813442938,9.20746096585699e-08,NA,NA,NA,NA
"22a0e4594b9893e8564298414dfb88b6","AbvGrndWood","temperate.deciduous.Amax",0,0,0,0,0,0,NA,NA,NA,NA
"22a0e4594b9893e8564298414dfb88b6","AbvGrndWood","temperate.deciduous.AmaxFrac",0,0,0,0,0,0,NA,NA,NA,NA
"22a0e4594b9893e8564298414dfb88b6","AbvGrndWood","temperate.deciduous.GDD",0,0,0,0,0,0,NA,NA,NA,NA
"22a0e4594b9893e8564298414dfb88b6","AbvGrndWood","temperate.deciduous.SLA",0,0,0,0,0,0,NA,NA,NA,NA
"22a0e4594b9893e8564298414dfb88b6","AbvGrndWood","temperate.deciduous.Vm_low_temp",0,0,0,0,0,0,NA,NA,NA,NA
"22a0e4594b9893e8564298414dfb88b6","AbvGrndWood","temperate.deciduous.coarse_root_respiration_Q10",0,0,0,0,0,0,NA,NA,NA,NA
"22a0e4594b9893e8564298414dfb88b6","AbvGrndWood","temperate.deciduous.dVPDSlope",0,0,0,0,0,0,NA,NA,NA,NA
"22a0e4594b9893e8564298414dfb88b6","AbvGrndWood","temperate.deciduous.dVpdExp",0,0,0,0,0,0,NA,NA,NA,NA
"22a0e4594b9893e8564298414dfb88b6","AbvGrndWood","temperate.deciduous.extinction_coefficient",0,0,0,0,0,0,NA,NA,NA,NA
"22a0e4594b9893e8564298414dfb88b6","AbvGrndWood","temperate.deciduous.fine_root_respiration_Q10",0,0,0,0,0,0,NA,NA,NA,NA
"22a0e4594b9893e8564298414dfb88b6","AbvGrndWood","temperate.deciduous.fracLeafFall",0,0,0,0,0,0,NA,NA,NA,NA
"22a0e4594b9893e8564298414dfb88b6","AbvGrndWood","temperate.deciduous.growth_resp_factor",0,0,0,0,0,0,NA,NA,NA,NA
"22a0e4594b9893e8564298414dfb88b6","AbvGrndWood","temperate.deciduous.half_saturation_PAR",0,0,0,0,0,0,NA,NA,NA,NA
"22a0e4594b9893e8564298414dfb88b6","AbvGrndWood","temperate.deciduous.leafC",0,0,0,0,0,0,NA,NA,NA,NA
"22a0e4594b9893e8564298414dfb88b6","AbvGrndWood","temperate.deciduous.leafGrowth",0,0,0,0,0,0,NA,NA,NA,NA
"22a0e4594b9893e8564298414dfb88b6","AbvGrndWood","temperate.deciduous.leafWHC",0,0,0,0,0,0,NA,NA,NA,NA
"22a0e4594b9893e8564298414dfb88b6","AbvGrndWood","temperate.deciduous.leaf_allocation_fraction",0,0,0,0,0,0,NA,NA,NA,NA
"22a0e4594b9893e8564298414dfb88b6","AbvGrndWood","temperate.deciduous.leaf_respiration_rate_m2",0,0,0,0,0,0,NA,NA,NA,NA
"22a0e4594b9893e8564298414dfb88b6","AbvGrndWood","temperate.deciduous.leaf_turnover_rate",0,0,0,0,0,0,NA,NA,NA,NA
"22a0e4594b9893e8564298414dfb88b6","AbvGrndWood","temperate.deciduous.psnTOpt",0,0,0,0,0,0,NA,NA,NA,NA
"22a0e4594b9893e8564298414dfb88b6","AbvGrndWood","temperate.deciduous.root_allocation_fraction",0,0,0,0,0,0,NA,NA,NA,NA
"22a0e4594b9893e8564298414dfb88b6","AbvGrndWood","temperate.deciduous.root_respiration_rate",0,0,0,0,0,0,NA,NA,NA,NA
"22a0e4594b9893e8564298414dfb88b6","AbvGrndWood","temperate.deciduous.root_turnover_rate",0,0,0,0,0,0,NA,NA,NA,NA
"22a0e4594b9893e8564298414dfb88b6","AbvGrndWood","temperate.deciduous.stem_respiration_rate",0,0,0,0,0,0,NA,NA,NA,NA
"22a0e4594b9893e8564298414dfb88b6","AbvGrndWood","temperate.deciduous.veg_respiration_Q10",0,0,0,0,0,0,NA,NA,NA,NA
"22a0e4594b9893e8564298414dfb88b6","AbvGrndWood","temperate.deciduous.wood_allocation_fraction",0,0,0,0,0,0,NA,NA,NA,NA
"22a0e4594b9893e8564298414dfb88b6","AbvGrndWood","temperate.deciduous.wood_turnover_rate",0,0,0,0,0,0,NA,NA,NA,NA
"22a0e4594b9893e8564298414dfb88b6","AbvGrndWood","temperate.deciduous.wueConst",0,0,0,0,0,0,NA,NA,NA,NA
"22a0e4594b9893e8564298414dfb88b6","NPP","dummy",0,0,0,0,0,0,NA,NA,NA,NA
"22a0e4594b9893e8564298414dfb88b6","NPP","grass.Amax",0.272081903653807,0.00199068942291144,-1.03631068524058,-0.00758217541208998,0.873077586960074,0.0063878791437519,NA,NA,NA,NA
"22a0e4594b9893e8564298414dfb88b6","NPP","grass.AmaxFrac",0.429345192673046,0.00495698269656743,-1.63529806594518,-0.018880249167698,1.37771626763112,0.015906351849216,NA,NA,NA,NA
"22a0e4594b9893e8564298414dfb88b6","NPP","grass.GDD",0,0,0,0,0,0,NA,NA,NA,NA
"22a0e4594b9893e8564298414dfb88b6","NPP","grass.SLA",-0.928439851268463,0.0231799097400823,-2.97925004969988,-0.0882880773177925,3.53625921294976,0.0743814983284363,NA,NA,NA,NA
"22a0e4594b9893e8564298414dfb88b6","NPP","grass.Vm_low_temp",0,0,0,0,0,0,NA,NA,NA,NA
"22a0e4594b9893e8564298414dfb88b6","NPP","grass.coarse_root_respiration_Q10",5.31003821054281,0.758227420784571,-20.2249736668376,-2.88795089805475,17.0392638586703,2.43305915614242,NA,NA,NA,NA
"22a0e4594b9893e8564298414dfb88b6","NPP","grass.dVPDSlope",-1.18061165489368,0.0374816176675225,-3.7884385582036,-0.142760692156794,4.49673593375996,0.120273931742843,NA,NA,NA,NA
"22a0e4594b9893e8564298414dfb88b6","NPP","grass.dVpdExp",-0.946588903376956,0.0240950045110359,-3.03748814053835,-0.0917735075371928,3.60538566485429,0.0773179256458535,NA,NA,NA,NA
"22a0e4594b9893e8564298414dfb88b6","NPP","grass.extinction_coefficient",0,0,0,0,0,0,NA,NA,NA,NA
"22a0e4594b9893e8564298414dfb88b6","NPP","grass.fine_root_respiration_Q10",0,0,0,0,0,0,NA,NA,NA,NA
"22a0e4594b9893e8564298414dfb88b6","NPP","grass.fracLeafFall",0.00884798348200317,2.10519728017124e-06,-0.0337003663312312,-8.01831509807704e-06,0.0283920979829628,6.75532086759238e-06,NA,NA,NA,NA
"22a0e4594b9893e8564298414dfb88b6","NPP","grass.growth_resp_factor",0,0,0,0,0,0,NA,NA,NA,NA
"22a0e4594b9893e8564298414dfb88b6","NPP","grass.half_saturation_PAR",0,0,0,0,0,0,NA,NA,NA,NA
"22a0e4594b9893e8564298414dfb88b6","NPP","grass.leafC",0,0,0,0,0,0,NA,NA,NA,NA
"22a0e4594b9893e8564298414dfb88b6","NPP","grass.leafGrowth",5.47773955543792,0.80687628781094,-20.8637177115909,-3.07324562014851,17.5773969853676,2.5891674267085,NA,NA,NA,NA
"22a0e4594b9893e8564298414dfb88b6","NPP","grass.leaf_respiration_rate_m2",4.53015899400887,0.551862752991865,-17.2545550008483,-2.10194525998109,14.5367267352968,1.77086014999491,NA,NA,NA,NA
"22a0e4594b9893e8564298414dfb88b6","NPP","grass.leaf_turnover_rate",0,0,0,0,0,0,NA,NA,NA,NA
"22a0e4594b9893e8564298414dfb88b6","NPP","grass.psnTOpt",0,0,0,0,0,0,NA,NA,NA,NA
"22a0e4594b9893e8564298414dfb88b6","NPP","grass.root_respiration_rate",0,0,0,0,0,0,NA,NA,NA,NA
"22a0e4594b9893e8564298414dfb88b6","NPP","grass.root_turnover_rate",-0.172403171866221,0.000799272180678008,-0.553220714997438,-0.00304428295351119,0.656652451982478,0.00256476677595794,NA,NA,NA,NA
"22a0e4594b9893e8564298414dfb88b6","NPP","grass.stem_respiration_rate",-10.4599834871074,2.94215935615156,-33.5648090517106,-11.2061520355279,39.8401823478926,9.44102991277669,NA,NA,NA,NA
"22a0e4594b9893e8564298414dfb88b6","NPP","grass.veg_respiration_Q10",0,0,0,0,0,0,NA,NA,NA,NA
"22a0e4594b9893e8564298414dfb88b6","NPP","ic_ensemble",-8.00839961171156,1.72462892494336,-25.6979759201538,-6.56879917036985,30.5025434541687,5.53412351196635,NA,NA,NA,NA
"22a0e4594b9893e8564298414dfb88b6","NPP","met_ensemble",-0.0776656327864656,0.000162204150932672,-0.249219526739319,-0.000617806228729508,0.295814326685226,0.000520493302896749,NA,NA,NA,NA
"22a0e4594b9893e8564298414dfb88b6","NPP","temperate.deciduous.Amax",0,0,0,0,0,0,NA,NA,NA,NA
"22a0e4594b9893e8564298414dfb88b6","NPP","temperate.deciduous.AmaxFrac",0,0,0,0,0,0,NA,NA,NA,NA
"22a0e4594b9893e8564298414dfb88b6","NPP","temperate.deciduous.GDD",0,0,0,0,0,0,NA,NA,NA,NA
"22a0e4594b9893e8564298414dfb88b6","NPP","temperate.deciduous.SLA",0,0,0,0,0,0,NA,NA,NA,NA
"22a0e4594b9893e8564298414dfb88b6","NPP","temperate.deciduous.Vm_low_temp",0,0,0,0,0,0,NA,NA,NA,NA
"22a0e4594b9893e8564298414dfb88b6","NPP","temperate.deciduous.coarse_root_respiration_Q10",0,0,0,0,0,0,NA,NA,NA,NA
"22a0e4594b9893e8564298414dfb88b6","NPP","temperate.deciduous.dVPDSlope",0,0,0,0,0,0,NA,NA,NA,NA
"22a0e4594b9893e8564298414dfb88b6","NPP","temperate.deciduous.dVpdExp",0,0,0,0,0,0,NA,NA,NA,NA
"22a0e4594b9893e8564298414dfb88b6","NPP","temperate.deciduous.extinction_coefficient",0,0,0,0,0,0,NA,NA,NA,NA
"22a0e4594b9893e8564298414dfb88b6","NPP","temperate.deciduous.fine_root_respiration_Q10",0,0,0,0,0,0,NA,NA,NA,NA
"22a0e4594b9893e8564298414dfb88b6","NPP","temperate.deciduous.fracLeafFall",0,0,0,0,0,0,NA,NA,NA,NA
"22a0e4594b9893e8564298414dfb88b6","NPP","temperate.deciduous.growth_resp_factor",0,0,0,0,0,0,NA,NA,NA,NA
"22a0e4594b9893e8564298414dfb88b6","NPP","temperate.deciduous.half_saturation_PAR",0,0,0,0,0,0,NA,NA,NA,NA
"22a0e4594b9893e8564298414dfb88b6","NPP","temperate.deciduous.leafC",0,0,0,0,0,0,NA,NA,NA,NA
"22a0e4594b9893e8564298414dfb88b6","NPP","temperate.deciduous.leafGrowth",0,0,0,0,0,0,NA,NA,NA,NA
"22a0e4594b9893e8564298414dfb88b6","NPP","temperate.deciduous.leafWHC",0,0,0,0,0,0,NA,NA,NA,NA
"22a0e4594b9893e8564298414dfb88b6","NPP","temperate.deciduous.leaf_allocation_fraction",0,0,0,0,0,0,NA,NA,NA,NA
"22a0e4594b9893e8564298414dfb88b6","NPP","temperate.deciduous.leaf_respiration_rate_m2",0,0,0,0,0,0,NA,NA,NA,NA
"22a0e4594b9893e8564298414dfb88b6","NPP","temperate.deciduous.leaf_turnover_rate",0,0,0,0,0,0,NA,NA,NA,NA
"22a0e4594b9893e8564298414dfb88b6","NPP","temperate.deciduous.psnTOpt",0,0,0,0,0,0,NA,NA,NA,NA
"22a0e4594b9893e8564298414dfb88b6","NPP","temperate.deciduous.root_allocation_fraction",0,0,0,0,0,0,NA,NA,NA,NA
"22a0e4594b9893e8564298414dfb88b6","NPP","temperate.deciduous.root_respiration_rate",0,0,0,0,0,0,NA,NA,NA,NA
"22a0e4594b9893e8564298414dfb88b6","NPP","temperate.deciduous.root_turnover_rate",0,0,0,0,0,0,NA,NA,NA,NA
"22a0e4594b9893e8564298414dfb88b6","NPP","temperate.deciduous.stem_respiration_rate",0,0,0,0,0,0,NA,NA,NA,NA
"22a0e4594b9893e8564298414dfb88b6","NPP","temperate.deciduous.veg_respiration_Q10",0,0,0,0,0,0,NA,NA,NA,NA
"22a0e4594b9893e8564298414dfb88b6","NPP","temperate.deciduous.wood_allocation_fraction",0,0,0,0,0,0,NA,NA,NA,NA
"22a0e4594b9893e8564298414dfb88b6","NPP","temperate.deciduous.wood_turnover_rate",0,0,0,0,0,0,NA,NA,NA,NA
"22a0e4594b9893e8564298414dfb88b6","NPP","temperate.deciduous.wueConst",0,0,0,0,0,0,NA,NA,NA,NA
"22a0e4594b9893e8564298414dfb88b6","Qle","dummy",0,0,0,0,0,0,NA,NA,NA,NA
"22a0e4594b9893e8564298414dfb88b6","Qle","grass.Amax",-53.0939009943735,0.0122763077575514,-2513268.63322939,-1199.76046723923,5188853.58061996,581.114942414839,NA,NA,NA,NA
"22a0e4594b9893e8564298414dfb88b6","Qle","grass.AmaxFrac",-84.0986590885215,0.0308004199899937,-3980919.05144117,-3010.11729325773,8218940.78536546,1457.97780915261,NA,NA,NA,NA
"22a0e4594b9893e8564298414dfb88b6","Qle","grass.GDD",0,0,0,0,0,0,NA,NA,NA,NA
"22a0e4594b9893e8564298414dfb88b6","Qle","grass.SLA",-268.825052836117,0.314715386151981,-12725182.374353,-30757.055475806,26272204.7512926,14897.4607929876,NA,NA,NA,NA
"22a0e4594b9893e8564298414dfb88b6","Qle","grass.Vm_low_temp",0,0,0,0,0,0,NA,NA,NA,NA
"22a0e4594b9893e8564298414dfb88b6","Qle","grass.coarse_root_respiration_Q10",-3.65145365451849,5.80644185777387e-05,-172846.292393634,-5.67462101297932,356855.646597224,2.74855452669784,NA,NA,NA,NA
"22a0e4594b9893e8564298414dfb88b6","Qle","grass.dVPDSlope",337.082907648144,0.494825370983678,-32943027.7217945,-48359.1589603173,15956256.4197273,23423.2004152636,NA,NA,NA,NA
"22a0e4594b9893e8564298414dfb88b6","Qle","grass.dVpdExp",290.339513805015,0.367105411513001,-28374807.6066639,-35877.1194679416,13743597.2751473,17377.4105606248,NA,NA,NA,NA
"22a0e4594b9893e8564298414dfb88b6","Qle","grass.extinction_coefficient",0,0,0,0,0,0,NA,NA,NA,NA
"22a0e4594b9893e8564298414dfb88b6","Qle","grass.fine_root_respiration_Q10",0,0,0,0,0,0,NA,NA,NA,NA
"22a0e4594b9893e8564298414dfb88b6","Qle","grass.fracLeafFall",37.9684079057018,0.0062780283037359,-3710642.94810092,-613.550125965045,1797283.8095504,297.178608442763,NA,NA,NA,NA
"22a0e4594b9893e8564298414dfb88b6","Qle","grass.growth_resp_factor",0,0,0,0,0,0,NA,NA,NA,NA
"22a0e4594b9893e8564298414dfb88b6","Qle","grass.half_saturation_PAR",0,0,0,0,0,0,NA,NA,NA,NA
"22a0e4594b9893e8564298414dfb88b6","Qle","grass.leafC",0,0,0,0,0,0,NA,NA,NA,NA
"22a0e4594b9893e8564298414dfb88b6","Qle","grass.leafGrowth",232.743683778696,0.23590345623413,-22745981.6348726,-23054.7854016379,11017223.9949979,11166.7959204292,NA,NA,NA,NA
"22a0e4594b9893e8564298414dfb88b6","Qle","grass.leaf_respiration_rate_m2",5.96654130132779,0.000155032874149719,-583108.579619954,-15.1513237693878,282433.967379491,7.33868207877922,NA,NA,NA,NA
"22a0e4594b9893e8564298414dfb88b6","Qle","grass.leaf_turnover_rate",0,0,0,0,0,0,NA,NA,NA,NA
"22a0e4594b9893e8564298414dfb88b6","Qle","grass.psnTOpt",0,0,0,0,0,0,NA,NA,NA,NA
"22a0e4594b9893e8564298414dfb88b6","Qle","grass.root_respiration_rate",0,0,0,0,0,0,NA,NA,NA,NA
"22a0e4594b9893e8564298414dfb88b6","Qle","grass.root_turnover_rate",0.21799651509562,2.0695579804438e-07,-21304.7445512895,-0.0202257380527839,10319.1476475085,0.00979652099296709,NA,NA,NA,NA
"22a0e4594b9893e8564298414dfb88b6","Qle","grass.stem_respiration_rate",10.8044596951736,0.000508375489436495,-1055917.12656236,-49.683408626191,511443.106313633,24.0646128382765,NA,NA,NA,NA
"22a0e4594b9893e8564298414dfb88b6","Qle","grass.veg_respiration_Q10",0,0,0,0,0,0,NA,NA,NA,NA
"22a0e4594b9893e8564298414dfb88b6","Qle","ic_ensemble",20.1440986530168,0.00176715309375959,-1968677.69115599,-172.703427066507,953547.024067241,83.6504825880267,NA,NA,NA,NA
"22a0e4594b9893e8564298414dfb88b6","Qle","met_ensemble",-544.647158460109,1.29184075148657,-25781579.3132316,-126251.271490717,53228229.710409,61150.9566830048,NA,NA,NA,NA
"22a0e4594b9893e8564298414dfb88b6","Qle","temperate.deciduous.Amax",0,0,0,0,0,0,NA,NA,NA,NA
"22a0e4594b9893e8564298414dfb88b6","Qle","temperate.deciduous.AmaxFrac",0,0,0,0,0,0,NA,NA,NA,NA
"22a0e4594b9893e8564298414dfb88b6","Qle","temperate.deciduous.GDD",0,0,0,0,0,0,NA,NA,NA,NA
"22a0e4594b9893e8564298414dfb88b6","Qle","temperate.deciduous.SLA",0,0,0,0,0,0,NA,NA,NA,NA
"22a0e4594b9893e8564298414dfb88b6","Qle","temperate.deciduous.Vm_low_temp",0,0,0,0,0,0,NA,NA,NA,NA
"22a0e4594b9893e8564298414dfb88b6","Qle","temperate.deciduous.coarse_root_respiration_Q10",0,0,0,0,0,0,NA,NA,NA,NA
"22a0e4594b9893e8564298414dfb88b6","Qle","temperate.deciduous.dVPDSlope",0,0,0,0,0,0,NA,NA,NA,NA
"22a0e4594b9893e8564298414dfb88b6","Qle","temperate.deciduous.dVpdExp",0,0,0,0,0,0,NA,NA,NA,NA
"22a0e4594b9893e8564298414dfb88b6","Qle","temperate.deciduous.extinction_coefficient",0,0,0,0,0,0,NA,NA,NA,NA
"22a0e4594b9893e8564298414dfb88b6","Qle","temperate.deciduous.fine_root_respiration_Q10",0,0,0,0,0,0,NA,NA,NA,NA
"22a0e4594b9893e8564298414dfb88b6","Qle","temperate.deciduous.fracLeafFall",0,0,0,0,0,0,NA,NA,NA,NA
"22a0e4594b9893e8564298414dfb88b6","Qle","temperate.deciduous.growth_resp_factor",0,0,0,0,0,0,NA,NA,NA,NA
"22a0e4594b9893e8564298414dfb88b6","Qle","temperate.deciduous.half_saturation_PAR",0,0,0,0,0,0,NA,NA,NA,NA
"22a0e4594b9893e8564298414dfb88b6","Qle","temperate.deciduous.leafC",0,0,0,0,0,0,NA,NA,NA,NA
"22a0e4594b9893e8564298414dfb88b6","Qle","temperate.deciduous.leafGrowth",0,0,0,0,0,0,NA,NA,NA,NA
"22a0e4594b9893e8564298414dfb88b6","Qle","temperate.deciduous.leafWHC",0,0,0,0,0,0,NA,NA,NA,NA
"22a0e4594b9893e8564298414dfb88b6","Qle","temperate.deciduous.leaf_allocation_fraction",0,0,0,0,0,0,NA,NA,NA,NA
"22a0e4594b9893e8564298414dfb88b6","Qle","temperate.deciduous.leaf_respiration_rate_m2",0,0,0,0,0,0,NA,NA,NA,NA
"22a0e4594b9893e8564298414dfb88b6","Qle","temperate.deciduous.leaf_turnover_rate",0,0,0,0,0,0,NA,NA,NA,NA
"22a0e4594b9893e8564298414dfb88b6","Qle","temperate.deciduous.psnTOpt",0,0,0,0,0,0,NA,NA,NA,NA
"22a0e4594b9893e8564298414dfb88b6","Qle","temperate.deciduous.root_allocation_fraction",0,0,0,0,0,0,NA,NA,NA,NA
"22a0e4594b9893e8564298414dfb88b6","Qle","temperate.deciduous.root_respiration_rate",0,0,0,0,0,0,NA,NA,NA,NA
"22a0e4594b9893e8564298414dfb88b6","Qle","temperate.deciduous.root_turnover_rate",0,0,0,0,0,0,NA,NA,NA,NA
"22a0e4594b9893e8564298414dfb88b6","Qle","temperate.deciduous.stem_respiration_rate",0,0,0,0,0,0,NA,NA,NA,NA
"22a0e4594b9893e8564298414dfb88b6","Qle","temperate.deciduous.veg_respiration_Q10",0,0,0,0,0,0,NA,NA,NA,NA
"22a0e4594b9893e8564298414dfb88b6","Qle","temperate.deciduous.wood_allocation_fraction",0,0,0,0,0,0,NA,NA,NA,NA
"22a0e4594b9893e8564298414dfb88b6","Qle","temperate.deciduous.wood_turnover_rate",0,0,0,0,0,0,NA,NA,NA,NA
"22a0e4594b9893e8564298414dfb88b6","Qle","temperate.deciduous.wueConst",0,0,0,0,0,0,NA,NA,NA,NA
"22a0e4594b9893e8564298414dfb88b6","SoilMoistFrac","dummy",0,0,0,0,0,0,NA,NA,NA,NA
"22a0e4594b9893e8564298414dfb88b6","SoilMoistFrac","grass.Amax",9.05562427585111,0.0119571858849279,9.05423872975096,0.0119553563884993,9.05632126813226,0.01195810620428,NA,NA,NA,NA
"22a0e4594b9893e8564298414dfb88b6","SoilMoistFrac","grass.AmaxFrac",14.2972634365072,0.0298056110314917,14.2950758990174,0.0298010506558766,14.2983638666878,0.0298079051064435,NA,NA,NA,NA
"22a0e4594b9893e8564298414dfb88b6","SoilMoistFrac","grass.GDD",0,0,0,0,0,0,NA,NA,NA,NA
"22a0e4594b9893e8564298414dfb88b6","SoilMoistFrac","grass.SLA",45.0186058828283,0.295512784669393,45.0117178592183,0.29546757005206,45.0220708698742,0.295535529664505,NA,NA,NA,NA
"22a0e4594b9893e8564298414dfb88b6","SoilMoistFrac","grass.Vm_low_temp",0,0,0,0,0,0,NA,NA,NA,NA
"22a0e4594b9893e8564298414dfb88b6","SoilMoistFrac","grass.coarse_root_respiration_Q10",0.487468297344334,3.46485403486783e-05,0.487393712779233,3.46432389858464e-05,0.487505816749976,3.46512071736746e-05,NA,NA,NA,NA
"22a0e4594b9893e8564298414dfb88b6","SoilMoistFrac","grass.dVPDSlope",-74.8695830892867,0.81734050205253,-74.8753456430231,0.817215445743808,-74.8581277488586,0.817403411025302,NA,NA,NA,NA
"22a0e4594b9893e8564298414dfb88b6","SoilMoistFrac","grass.dVpdExp",-64.6550659024822,0.609533119206291,-64.6600422663969,0.609439858243766,-64.6451734233237,0.609580033683554,NA,NA,NA,NA
"22a0e4594b9893e8564298414dfb88b6","SoilMoistFrac","grass.extinction_coefficient",0,0,0,0,0,0,NA,NA,NA,NA
"22a0e4594b9893e8564298414dfb88b6","SoilMoistFrac","grass.fine_root_respiration_Q10",0,0,0,0,0,0,NA,NA,NA,NA
"22a0e4594b9893e8564298414dfb88b6","SoilMoistFrac","grass.fracLeafFall",-0.67301868914003,6.60459877192367e-05,-0.673070489967572,6.60358824235743e-05,-0.672915714635826,6.60510711394669e-05,NA,NA,NA,NA
"22a0e4594b9893e8564298414dfb88b6","SoilMoistFrac","grass.growth_resp_factor",0,0,0,0,0,0,NA,NA,NA,NA
"22a0e4594b9893e8564298414dfb88b6","SoilMoistFrac","grass.half_saturation_PAR",0,0,0,0,0,0,NA,NA,NA,NA
"22a0e4594b9893e8564298414dfb88b6","SoilMoistFrac","grass.leafC",0,0,0,0,0,0,NA,NA,NA,NA
"22a0e4594b9893e8564298414dfb88b6","SoilMoistFrac","grass.leafGrowth",-53.4627427850326,0.416768283881491,-53.4668576994676,0.41670451669628,-53.4545627752937,0.416800361656368,NA,NA,NA,NA
"22a0e4594b9893e8564298414dfb88b6","SoilMoistFrac","grass.leaf_respiration_rate_m2",-1.21596081495921,0.00021559135905421,-1.21605440489585,0.000215558372729064,-1.21577476817616,0.000215607952665933,NA,NA,NA,NA
"22a0e4594b9893e8564298414dfb88b6","SoilMoistFrac","grass.leaf_turnover_rate",0,0,0,0,0,0,NA,NA,NA,NA
"22a0e4594b9893e8564298414dfb88b6","SoilMoistFrac","grass.psnTOpt",0,0,0,0,0,0,NA,NA,NA,NA
"22a0e4594b9893e8564298414dfb88b6","SoilMoistFrac","grass.root_respiration_rate",0,0,0,0,0,0,NA,NA,NA,NA
"22a0e4594b9893e8564298414dfb88b6","SoilMoistFrac","grass.root_turnover_rate",-0.020085351689419,5.88235284810826e-08,-0.0200868976165318,5.88145282500658e-08,-0.020082278551681,5.88280560038742e-08,NA,NA,NA,NA
"22a0e4594b9893e8564298414dfb88b6","SoilMoistFrac","grass.stem_respiration_rate",-1.03327975911997,0.000155678283662129,-1.03335928848145,0.000155654464272959,-1.03312166325634,0.000155690265890935,NA,NA,NA,NA
"22a0e4594b9893e8564298414dfb88b6","SoilMoistFrac","grass.veg_respiration_Q10",0,0,0,0,0,0,NA,NA,NA,NA
"22a0e4594b9893e8564298414dfb88b6","SoilMoistFrac","ic_ensemble",0.297135678956883,1.28736529609374e-05,0.297090216030347,1.28716832414447e-05,0.297158548862743,1.28746438188254e-05,NA,NA,NA,NA
"22a0e4594b9893e8564298414dfb88b6","SoilMoistFrac","met_ensemble",15.1395729470266,0.0334210000038788,15.1372565328716,0.0334158864595435,15.1407382079918,0.0334235723476865,NA,NA,NA,NA
"22a0e4594b9893e8564298414dfb88b6","SoilMoistFrac","temperate.deciduous.Amax",0,0,0,0,0,0,NA,NA,NA,NA
"22a0e4594b9893e8564298414dfb88b6","SoilMoistFrac","temperate.deciduous.AmaxFrac",0,0,0,0,0,0,NA,NA,NA,NA
"22a0e4594b9893e8564298414dfb88b6","SoilMoistFrac","temperate.deciduous.GDD",0,0,0,0,0,0,NA,NA,NA,NA
"22a0e4594b9893e8564298414dfb88b6","SoilMoistFrac","temperate.deciduous.SLA",0,0,0,0,0,0,NA,NA,NA,NA
"22a0e4594b9893e8564298414dfb88b6","SoilMoistFrac","temperate.deciduous.Vm_low_temp",0,0,0,0,0,0,NA,NA,NA,NA
"22a0e4594b9893e8564298414dfb88b6","SoilMoistFrac","temperate.deciduous.coarse_root_respiration_Q10",0,0,0,0,0,0,NA,NA,NA,NA
"22a0e4594b9893e8564298414dfb88b6","SoilMoistFrac","temperate.deciduous.dVPDSlope",0,0,0,0,0,0,NA,NA,NA,NA
"22a0e4594b9893e8564298414dfb88b6","SoilMoistFrac","temperate.deciduous.dVpdExp",0,0,0,0,0,0,NA,NA,NA,NA
"22a0e4594b9893e8564298414dfb88b6","SoilMoistFrac","temperate.deciduous.extinction_coefficient",0,0,0,0,0,0,NA,NA,NA,NA
"22a0e4594b9893e8564298414dfb88b6","SoilMoistFrac","temperate.deciduous.fine_root_respiration_Q10",0,0,0,0,0,0,NA,NA,NA,NA
"22a0e4594b9893e8564298414dfb88b6","SoilMoistFrac","temperate.deciduous.fracLeafFall",0,0,0,0,0,0,NA,NA,NA,NA
"22a0e4594b9893e8564298414dfb88b6","SoilMoistFrac","temperate.deciduous.growth_resp_factor",0,0,0,0,0,0,NA,NA,NA,NA
"22a0e4594b9893e8564298414dfb88b6","SoilMoistFrac","temperate.deciduous.half_saturation_PAR",0,0,0,0,0,0,NA,NA,NA,NA
"22a0e4594b9893e8564298414dfb88b6","SoilMoistFrac","temperate.deciduous.leafC",0,0,0,0,0,0,NA,NA,NA,NA
"22a0e4594b9893e8564298414dfb88b6","SoilMoistFrac","temperate.deciduous.leafGrowth",0,0,0,0,0,0,NA,NA,NA,NA
"22a0e4594b9893e8564298414dfb88b6","SoilMoistFrac","temperate.deciduous.leafWHC",0,0,0,0,0,0,NA,NA,NA,NA
"22a0e4594b9893e8564298414dfb88b6","SoilMoistFrac","temperate.deciduous.leaf_allocation_fraction",0,0,0,0,0,0,NA,NA,NA,NA
"22a0e4594b9893e8564298414dfb88b6","SoilMoistFrac","temperate.deciduous.leaf_respiration_rate_m2",0,0,0,0,0,0,NA,NA,NA,NA
"22a0e4594b9893e8564298414dfb88b6","SoilMoistFrac","temperate.deciduous.leaf_turnover_rate",0,0,0,0,0,0,NA,NA,NA,NA
"22a0e4594b9893e8564298414dfb88b6","SoilMoistFrac","temperate.deciduous.psnTOpt",0,0,0,0,0,0,NA,NA,NA,NA
"22a0e4594b9893e8564298414dfb88b6","SoilMoistFrac","temperate.deciduous.root_allocation_fraction",0,0,0,0,0,0,NA,NA,NA,NA
"22a0e4594b9893e8564298414dfb88b6","SoilMoistFrac","temperate.deciduous.root_respiration_rate",0,0,0,0,0,0,NA,NA,NA,NA
"22a0e4594b9893e8564298414dfb88b6","SoilMoistFrac","temperate.deciduous.root_turnover_rate",0,0,0,0,0,0,NA,NA,NA,NA
"22a0e4594b9893e8564298414dfb88b6","SoilMoistFrac","temperate.deciduous.stem_respiration_rate",0,0,0,0,0,0,NA,NA,NA,NA
"22a0e4594b9893e8564298414dfb88b6","SoilMoistFrac","temperate.deciduous.veg_respiration_Q10",0,0,0,0,0,0,NA,NA,NA,NA
"22a0e4594b9893e8564298414dfb88b6","SoilMoistFrac","temperate.deciduous.wood_allocation_fraction",0,0,0,0,0,0,NA,NA,NA,NA
"22a0e4594b9893e8564298414dfb88b6","SoilMoistFrac","temperate.deciduous.wood_turnover_rate",0,0,0,0,0,0,NA,NA,NA,NA
"22a0e4594b9893e8564298414dfb88b6","SoilMoistFrac","temperate.deciduous.wueConst",0,0,0,0,0,0,NA,NA,NA,NA
"22a0e4594b9893e8564298414dfb88b6","TotSoilCarb","dummy",0,0,0,0,0,0,NA,NA,NA,NA
"22a0e4594b9893e8564298414dfb88b6","TotSoilCarb","grass.Amax",-0.120184514331074,0.000252426319427512,-0.206038518075408,-0.000132260493630804,0.0629714969035585,0.00043274747223093,NA,NA,NA,NA
"22a0e4594b9893e8564298414dfb88b6","TotSoilCarb","grass.AmaxFrac",-0.186968197302119,0.000610904171632289,-0.320529233851546,-0.000320087411980058,0.0979632635951853,0.00104730456257007,NA,NA,NA,NA
"22a0e4594b9893e8564298414dfb88b6","TotSoilCarb","grass.GDD",0,0,0,0,0,0,NA,NA,NA,NA
"22a0e4594b9893e8564298414dfb88b6","TotSoilCarb","grass.SLA",-0.531451842120809,0.00493588966246833,-0.911095331944157,-0.00258619309090195,0.278457821432059,0.00846185048963298,NA,NA,NA,NA
"22a0e4594b9893e8564298414dfb88b6","TotSoilCarb","grass.Vm_low_temp",0,0,0,0,0,0,NA,NA,NA,NA
"22a0e4594b9893e8564298414dfb88b6","TotSoilCarb","grass.coarse_root_respiration_Q10",-0.254995744963466,0.0011363273937973,-0.437152371087323,-0.000595386496822865,0.133606761684403,0.0019480647200648,NA,NA,NA,NA
"22a0e4594b9893e8564298414dfb88b6","TotSoilCarb","grass.dVPDSlope",0.875106705344819,0.0133831896558747,-0.45851813349348,-0.00701221360060654,1.5002406069588,0.0229434930046192,NA,NA,NA,NA
"22a0e4594b9893e8564298414dfb88b6","TotSoilCarb","grass.dVpdExp",0.739404719130277,0.00955436977650208,-0.38741615124329,-0.00500607728162941,1.26759968566247,0.0163795494024473,NA,NA,NA,NA
"22a0e4594b9893e8564298414dfb88b6","TotSoilCarb","grass.extinction_coefficient",0,0,0,0,0,0,NA,NA,NA,NA
"22a0e4594b9893e8564298414dfb88b6","TotSoilCarb","grass.fine_root_respiration_Q10",0,0,0,0,0,0,NA,NA,NA,NA
"22a0e4594b9893e8564298414dfb88b6","TotSoilCarb","grass.fracLeafFall",0.00296475641402293,1.53608639961509e-07,-0.00155340436648234,-8.04842957475347e-08,0.00508263499170215,2.63339222339939e-07,NA,NA,NA,NA
"22a0e4594b9893e8564298414dfb88b6","TotSoilCarb","grass.growth_resp_factor",0,0,0,0,0,0,NA,NA,NA,NA
"22a0e4594b9893e8564298414dfb88b6","TotSoilCarb","grass.half_saturation_PAR",0,0,0,0,0,0,NA,NA,NA,NA
"22a0e4594b9893e8564298414dfb88b6","TotSoilCarb","grass.leafC",0,0,0,0,0,0,NA,NA,NA,NA
"22a0e4594b9893e8564298414dfb88b6","TotSoilCarb","grass.leafGrowth",2.50273892052657,0.109463342233086,-1.31132714610976,-0.0573540655786611,4.29057454851832,0.187658659210932,NA,NA,NA,NA
"22a0e4594b9893e8564298414dfb88b6","TotSoilCarb","grass.leaf_respiration_rate_m2",-0.0406447882318217,2.88700369431434e-05,-0.0696794589667706,-1.5126652980955e-05,0.0212961143166528,4.94933948991263e-05,NA,NA,NA,NA
"22a0e4594b9893e8564298414dfb88b6","TotSoilCarb","grass.leaf_turnover_rate",0,0,0,0,0,0,NA,NA,NA,NA
"22a0e4594b9893e8564298414dfb88b6","TotSoilCarb","grass.psnTOpt",0,0,0,0,0,0,NA,NA,NA,NA
"22a0e4594b9893e8564298414dfb88b6","TotSoilCarb","grass.root_respiration_rate",0,0,0,0,0,0,NA,NA,NA,NA
"22a0e4594b9893e8564298414dfb88b6","TotSoilCarb","grass.root_turnover_rate",3.48509250919961,0.212259057062312,-1.82603801640471,-0.111214582252513,5.97467402475109,0.363886660512092,NA,NA,NA,NA
"22a0e4594b9893e8564298414dfb88b6","TotSoilCarb","grass.stem_respiration_rate",0.157792621095951,0.000435121947868236,-0.0826765212311461,-0.000227985115597963,0.270512037218743,0.000745952020689546,NA,NA,NA,NA
"22a0e4594b9893e8564298414dfb88b6","TotSoilCarb","grass.veg_respiration_Q10",0,0,0,0,0,0,NA,NA,NA,NA
"22a0e4594b9893e8564298414dfb88b6","TotSoilCarb","ic_ensemble",-11.2128197335972,2.19718836020208,-19.2227157900968,-1.1512318437287,5.8750334605447,3.76675344729937,NA,NA,NA,NA
"22a0e4594b9893e8564298414dfb88b6","TotSoilCarb","met_ensemble",0.0608621633565529,6.4733990554411e-05,-0.031889146057481,-3.39178163546325e-05,0.104339148971419,0.00011097682224015,NA,NA,NA,NA
"22a0e4594b9893e8564298414dfb88b6","TotSoilCarb","temperate.deciduous.Amax",0,0,0,0,0,0,NA,NA,NA,NA
"22a0e4594b9893e8564298414dfb88b6","TotSoilCarb","temperate.deciduous.AmaxFrac",0,0,0,0,0,0,NA,NA,NA,NA
"22a0e4594b9893e8564298414dfb88b6","TotSoilCarb","temperate.deciduous.GDD",0,0,0,0,0,0,NA,NA,NA,NA
"22a0e4594b9893e8564298414dfb88b6","TotSoilCarb","temperate.deciduous.SLA",0,0,0,0,0,0,NA,NA,NA,NA
"22a0e4594b9893e8564298414dfb88b6","TotSoilCarb","temperate.deciduous.Vm_low_temp",0,0,0,0,0,0,NA,NA,NA,NA
"22a0e4594b9893e8564298414dfb88b6","TotSoilCarb","temperate.deciduous.coarse_root_respiration_Q10",0,0,0,0,0,0,NA,NA,NA,NA
"22a0e4594b9893e8564298414dfb88b6","TotSoilCarb","temperate.deciduous.dVPDSlope",0,0,0,0,0,0,NA,NA,NA,NA
"22a0e4594b9893e8564298414dfb88b6","TotSoilCarb","temperate.deciduous.dVpdExp",0,0,0,0,0,0,NA,NA,NA,NA
"22a0e4594b9893e8564298414dfb88b6","TotSoilCarb","temperate.deciduous.extinction_coefficient",0,0,0,0,0,0,NA,NA,NA,NA
"22a0e4594b9893e8564298414dfb88b6","TotSoilCarb","temperate.deciduous.fine_root_respiration_Q10",0,0,0,0,0,0,NA,NA,NA,NA
"22a0e4594b9893e8564298414dfb88b6","TotSoilCarb","temperate.deciduous.fracLeafFall",0,0,0,0,0,0,NA,NA,NA,NA
"22a0e4594b9893e8564298414dfb88b6","TotSoilCarb","temperate.deciduous.growth_resp_factor",0,0,0,0,0,0,NA,NA,NA,NA
"22a0e4594b9893e8564298414dfb88b6","TotSoilCarb","temperate.deciduous.half_saturation_PAR",0,0,0,0,0,0,NA,NA,NA,NA
"22a0e4594b9893e8564298414dfb88b6","TotSoilCarb","temperate.deciduous.leafC",0,0,0,0,0,0,NA,NA,NA,NA
"22a0e4594b9893e8564298414dfb88b6","TotSoilCarb","temperate.deciduous.leafGrowth",0,0,0,0,0,0,NA,NA,NA,NA
"22a0e4594b9893e8564298414dfb88b6","TotSoilCarb","temperate.deciduous.leafWHC",0,0,0,0,0,0,NA,NA,NA,NA
"22a0e4594b9893e8564298414dfb88b6","TotSoilCarb","temperate.deciduous.leaf_allocation_fraction",0,0,0,0,0,0,NA,NA,NA,NA
"22a0e4594b9893e8564298414dfb88b6","TotSoilCarb","temperate.deciduous.leaf_respiration_rate_m2",0,0,0,0,0,0,NA,NA,NA,NA
"22a0e4594b9893e8564298414dfb88b6","TotSoilCarb","temperate.deciduous.leaf_turnover_rate",0,0,0,0,0,0,NA,NA,NA,NA
"22a0e4594b9893e8564298414dfb88b6","TotSoilCarb","temperate.deciduous.psnTOpt",0,0,0,0,0,0,NA,NA,NA,NA
"22a0e4594b9893e8564298414dfb88b6","TotSoilCarb","temperate.deciduous.root_allocation_fraction",0,0,0,0,0,0,NA,NA,NA,NA
"22a0e4594b9893e8564298414dfb88b6","TotSoilCarb","temperate.deciduous.root_respiration_rate",0,0,0,0,0,0,NA,NA,NA,NA
"22a0e4594b9893e8564298414dfb88b6","TotSoilCarb","temperate.deciduous.root_turnover_rate",0,0,0,0,0,0,NA,NA,NA,NA
"22a0e4594b9893e8564298414dfb88b6","TotSoilCarb","temperate.deciduous.stem_respiration_rate",0,0,0,0,0,0,NA,NA,NA,NA
"22a0e4594b9893e8564298414dfb88b6","TotSoilCarb","temperate.deciduous.veg_respiration_Q10",0,0,0,0,0,0,NA,NA,NA,NA
"22a0e4594b9893e8564298414dfb88b6","TotSoilCarb","temperate.deciduous.wood_allocation_fraction",0,0,0,0,0,0,NA,NA,NA,NA
"22a0e4594b9893e8564298414dfb88b6","TotSoilCarb","temperate.deciduous.wood_turnover_rate",0,0,0,0,0,0,NA,NA,NA,NA
"22a0e4594b9893e8564298414dfb88b6","TotSoilCarb","temperate.deciduous.wueConst",0,0,0,0,0,0,NA,NA,NA,NA
"39089dd38f528ba464d64746b7334494","AbvGrndWood","dummy",0,0,0,0,0,0,NA,NA,NA,NA
"39089dd38f528ba464d64746b7334494","AbvGrndWood","grass.Amax",-0.000335229926124738,4.17317754055058e-06,-0.000366981387550774,3.3198808016628e-06,-0.000266684890606769,4.56844203031301e-06,NA,NA,NA,NA
"39089dd38f528ba464d64746b7334494","AbvGrndWood","grass.AmaxFrac",-0.000517917973977693,9.96100745263837e-06,-0.000566972820490664,7.92426324686663e-06,-0.000412018401311005,1.09044689972357e-05,NA,NA,NA,NA
"39089dd38f528ba464d64746b7334494","AbvGrndWood","grass.GDD",0,0,0,0,0,0,NA,NA,NA,NA
"39089dd38f528ba464d64746b7334494","AbvGrndWood","grass.SLA",0.00733447231409456,0.00199764837260464,0.00583478023383529,0.00158918579816954,0.00802916033748615,0.00218685658554306,NA,NA,NA,NA
"39089dd38f528ba464d64746b7334494","AbvGrndWood","grass.Vm_low_temp",0,0,0,0,0,0,NA,NA,NA,NA
"39089dd38f528ba464d64746b7334494","AbvGrndWood","grass.coarse_root_respiration_Q10",0.00108987540538741,4.41097913154909e-05,0.000867026719901489,3.50905869521983e-05,0.00119310347125068,4.8287671117735e-05,NA,NA,NA,NA
"39089dd38f528ba464d64746b7334494","AbvGrndWood","grass.dVPDSlope",-0.000432095345375083,6.93330770230612e-06,-0.000473021460921049,5.51564243534919e-06,-0.000343744072151155,7.58999922925141e-06,NA,NA,NA,NA
"39089dd38f528ba464d64746b7334494","AbvGrndWood","grass.dVpdExp",-0.000589889092646885,1.29217707125951e-05,-0.000645760717794836,1.02796341865133e-05,-0.000469273462429857,1.41456623534159e-05,NA,NA,NA,NA
"39089dd38f528ba464d64746b7334494","AbvGrndWood","grass.extinction_coefficient",0,0,0,0,0,0,NA,NA,NA,NA
"39089dd38f528ba464d64746b7334494","AbvGrndWood","grass.fine_root_respiration_Q10",0,0,0,0,0,0,NA,NA,NA,NA
"39089dd38f528ba464d64746b7334494","AbvGrndWood","grass.fracLeafFall",0.000546608909768145,1.1095189179332e-05,0.000434842852460498,8.82653689888818e-06,0.000598381231870357,1.21460752840261e-05,NA,NA,NA,NA
"39089dd38f528ba464d64746b7334494","AbvGrndWood","grass.growth_resp_factor",0,0,0,0,0,0,NA,NA,NA,NA
"39089dd38f528ba464d64746b7334494","AbvGrndWood","grass.half_saturation_PAR",0,0,0,0,0,0,NA,NA,NA,NA
"39089dd38f528ba464d64746b7334494","AbvGrndWood","grass.leafC",0,0,0,0,0,0,NA,NA,NA,NA
"39089dd38f528ba464d64746b7334494","AbvGrndWood","grass.leafGrowth",-0.0802971086280361,0.239431404615783,-0.0879024873503302,0.190474456400488,-0.0638786216912496,0.26210926364741,NA,NA,NA,NA
"39089dd38f528ba464d64746b7334494","AbvGrndWood","grass.leaf_respiration_rate_m2",-0.0196209846675836,0.0142962750639006,-0.0214793955350603,0.0113730912856568,-0.0156090484228564,0.0156503535361744,NA,NA,NA,NA
"39089dd38f528ba464d64746b7334494","AbvGrndWood","grass.leaf_turnover_rate",0,0,0,0,0,0,NA,NA,NA,NA
"39089dd38f528ba464d64746b7334494","AbvGrndWood","grass.psnTOpt",0,0,0,0,0,0,NA,NA,NA,NA
"39089dd38f528ba464d64746b7334494","AbvGrndWood","grass.root_respiration_rate",0,0,0,0,0,0,NA,NA,NA,NA
"39089dd38f528ba464d64746b7334494","AbvGrndWood","grass.root_turnover_rate",-3.11285788930562e-05,3.59832086787416e-08,-3.40769370047434e-05,2.8625660546189e-08,-2.47636652037739e-05,3.93913753527483e-08,NA,NA,NA,NA
"39089dd38f528ba464d64746b7334494","AbvGrndWood","grass.stem_respiration_rate",0.0200813824101574,0.0149750579508934,0.0159753078527148,0.0119130822764851,0.0219834000681524,0.0163934276662019,NA,NA,NA,NA
"39089dd38f528ba464d64746b7334494","AbvGrndWood","grass.veg_respiration_Q10",0,0,0,0,0,0,NA,NA,NA,NA
"39089dd38f528ba464d64746b7334494","AbvGrndWood","ic_ensemble",-0.15369719886556,0.877229451179905,-0.168254701942578,0.697860847118701,-0.122270470121384,0.960316654649195,NA,NA,NA,NA
"39089dd38f528ba464d64746b7334494","AbvGrndWood","met_ensemble",-0.000664757879745617,1.64099888755258e-05,-0.000727720737567989,1.30546104243077e-05,-0.000528833700765671,1.79642687538355e-05,NA,NA,NA,NA
"39089dd38f528ba464d64746b7334494","AbvGrndWood","temperate.deciduous.Amax",0,0,0,0,0,0,NA,NA,NA,NA
"39089dd38f528ba464d64746b7334494","AbvGrndWood","temperate.deciduous.AmaxFrac",0,0,0,0,0,0,NA,NA,NA,NA
"39089dd38f528ba464d64746b7334494","AbvGrndWood","temperate.deciduous.GDD",0,0,0,0,0,0,NA,NA,NA,NA
"39089dd38f528ba464d64746b7334494","AbvGrndWood","temperate.deciduous.SLA",0,0,0,0,0,0,NA,NA,NA,NA
"39089dd38f528ba464d64746b7334494","AbvGrndWood","temperate.deciduous.Vm_low_temp",0,0,0,0,0,0,NA,NA,NA,NA
"39089dd38f528ba464d64746b7334494","AbvGrndWood","temperate.deciduous.coarse_root_respiration_Q10",0,0,0,0,0,0,NA,NA,NA,NA
"39089dd38f528ba464d64746b7334494","AbvGrndWood","temperate.deciduous.dVPDSlope",0,0,0,0,0,0,NA,NA,NA,NA
"39089dd38f528ba464d64746b7334494","AbvGrndWood","temperate.deciduous.dVpdExp",0,0,0,0,0,0,NA,NA,NA,NA
"39089dd38f528ba464d64746b7334494","AbvGrndWood","temperate.deciduous.extinction_coefficient",0,0,0,0,0,0,NA,NA,NA,NA
"39089dd38f528ba464d64746b7334494","AbvGrndWood","temperate.deciduous.fine_root_respiration_Q10",0,0,0,0,0,0,NA,NA,NA,NA
"39089dd38f528ba464d64746b7334494","AbvGrndWood","temperate.deciduous.fracLeafFall",0,0,0,0,0,0,NA,NA,NA,NA
"39089dd38f528ba464d64746b7334494","AbvGrndWood","temperate.deciduous.growth_resp_factor",0,0,0,0,0,0,NA,NA,NA,NA
"39089dd38f528ba464d64746b7334494","AbvGrndWood","temperate.deciduous.half_saturation_PAR",0,0,0,0,0,0,NA,NA,NA,NA
"39089dd38f528ba464d64746b7334494","AbvGrndWood","temperate.deciduous.leafC",0,0,0,0,0,0,NA,NA,NA,NA
"39089dd38f528ba464d64746b7334494","AbvGrndWood","temperate.deciduous.leafGrowth",0,0,0,0,0,0,NA,NA,NA,NA
"39089dd38f528ba464d64746b7334494","AbvGrndWood","temperate.deciduous.leafWHC",0,0,0,0,0,0,NA,NA,NA,NA
"39089dd38f528ba464d64746b7334494","AbvGrndWood","temperate.deciduous.leaf_allocation_fraction",0,0,0,0,0,0,NA,NA,NA,NA
"39089dd38f528ba464d64746b7334494","AbvGrndWood","temperate.deciduous.leaf_respiration_rate_m2",0,0,0,0,0,0,NA,NA,NA,NA
"39089dd38f528ba464d64746b7334494","AbvGrndWood","temperate.deciduous.leaf_turnover_rate",0,0,0,0,0,0,NA,NA,NA,NA
"39089dd38f528ba464d64746b7334494","AbvGrndWood","temperate.deciduous.psnTOpt",0,0,0,0,0,0,NA,NA,NA,NA
"39089dd38f528ba464d64746b7334494","AbvGrndWood","temperate.deciduous.root_allocation_fraction",0,0,0,0,0,0,NA,NA,NA,NA
"39089dd38f528ba464d64746b7334494","AbvGrndWood","temperate.deciduous.root_respiration_rate",0,0,0,0,0,0,NA,NA,NA,NA
"39089dd38f528ba464d64746b7334494","AbvGrndWood","temperate.deciduous.root_turnover_rate",0,0,0,0,0,0,NA,NA,NA,NA
"39089dd38f528ba464d64746b7334494","AbvGrndWood","temperate.deciduous.stem_respiration_rate",0,0,0,0,0,0,NA,NA,NA,NA
"39089dd38f528ba464d64746b7334494","AbvGrndWood","temperate.deciduous.veg_respiration_Q10",0,0,0,0,0,0,NA,NA,NA,NA
"39089dd38f528ba464d64746b7334494","AbvGrndWood","temperate.deciduous.wood_allocation_fraction",0,0,0,0,0,0,NA,NA,NA,NA
"39089dd38f528ba464d64746b7334494","AbvGrndWood","temperate.deciduous.wood_turnover_rate",0,0,0,0,0,0,NA,NA,NA,NA
"39089dd38f528ba464d64746b7334494","AbvGrndWood","temperate.deciduous.wueConst",0,0,0,0,0,0,NA,NA,NA,NA
"39089dd38f528ba464d64746b7334494","NPP","dummy",0,0,0,0,0,0,NA,NA,NA,NA
"39089dd38f528ba464d64746b7334494","NPP","grass.Amax",0.227068724648378,0.055632837299545,0.181114129771881,0.044373759221357,0.248318974441173,0.0608392420614863,NA,NA,NA,NA
"39089dd38f528ba464d64746b7334494","NPP","grass.AmaxFrac",0.364414855636965,0.143287634898155,0.290663892866965,0.114288814286673,0.398518657129146,0.156697222847881,NA,NA,NA,NA
"39089dd38f528ba464d64746b7334494","NPP","grass.GDD",0,0,0,0,0,0,NA,NA,NA,NA
"39089dd38f528ba464d64746b7334494","NPP","grass.SLA",0.0706129116628408,0.00538003136478786,0.0563221380059196,0.00429121051473673,0.0772212282143852,0.00588352214966744,NA,NA,NA,NA
"39089dd38f528ba464d64746b7334494","NPP","grass.Vm_low_temp",0,0,0,0,0,0,NA,NA,NA,NA
"39089dd38f528ba464d64746b7334494","NPP","grass.coarse_root_respiration_Q10",1.06439798715532,1.22243185209102,0.848983123823406,0.975033798422642,1.16400978151856,1.33683326184848,NA,NA,NA,NA
"39089dd38f528ba464d64746b7334494","NPP","grass.dVPDSlope",0.0283506320296398,0.000867245507321365,0.0226129778836,0.000691730733064671,0.0310038288243388,0.000948406766718918,NA,NA,NA,NA
"39089dd38f528ba464d64746b7334494","NPP","grass.dVpdExp",0.124300822450591,0.0166711121352144,0.0991445885950577,0.0132971811568255,0.135933527617783,0.0182312798674532,NA,NA,NA,NA
"39089dd38f528ba464d64746b7334494","NPP","grass.extinction_coefficient",0,0,0,0,0,0,NA,NA,NA,NA
"39089dd38f528ba464d64746b7334494","NPP","grass.fine_root_respiration_Q10",0,0,0,0,0,0,NA,NA,NA,NA
"39089dd38f528ba464d64746b7334494","NPP","grass.fracLeafFall",-0.0406174909724909,0.00178009325064022,-0.0444186830144977,0.00141983463597528,-0.032397246879294,0.00194668345934972,NA,NA,NA,NA
"39089dd38f528ba464d64746b7334494","NPP","grass.growth_resp_factor",0,0,0,0,0,0,NA,NA,NA,NA
"39089dd38f528ba464d64746b7334494","NPP","grass.half_saturation_PAR",0,0,0,0,0,0,NA,NA,NA,NA
"39089dd38f528ba464d64746b7334494","NPP","grass.leafC",0,0,0,0,0,0,NA,NA,NA,NA
"39089dd38f528ba464d64746b7334494","NPP","grass.leafGrowth",1.82101960453979,3.57804510416627,1.4524782375225,2.85391361725007,1.99143991025988,3.91289682076072,NA,NA,NA,NA
"39089dd38f528ba464d64746b7334494","NPP","grass.leaf_respiration_rate_m2",2.60301616759827,7.31089083983231,2.07621286774187,5.83129902351747,2.84661970155833,7.99508130593402,NA,NA,NA,NA
"39089dd38f528ba464d64746b7334494","NPP","grass.leaf_turnover_rate",0,0,0,0,0,0,NA,NA,NA,NA
"39089dd38f528ba464d64746b7334494","NPP","grass.psnTOpt",0,0,0,0,0,0,NA,NA,NA,NA
"39089dd38f528ba464d64746b7334494","NPP","grass.root_respiration_rate",0,0,0,0,0,0,NA,NA,NA,NA
"39089dd38f528ba464d64746b7334494","NPP","grass.root_turnover_rate",-0.0411887725302185,0.00183051911244844,-0.0450434280151655,0.00146005521718274,-0.032852911402635,0.0020018284305866,NA,NA,NA,NA
"39089dd38f528ba464d64746b7334494","NPP","grass.stem_respiration_rate",-2.19582425114422,5.20249561365555,-2.40132068800557,4.14960478228935,-1.75142921595133,5.68937169712895,NA,NA,NA,NA
"39089dd38f528ba464d64746b7334494","NPP","grass.veg_respiration_Q10",0,0,0,0,0,0,NA,NA,NA,NA
"39089dd38f528ba464d64746b7334494","NPP","ic_ensemble",-3.1687230217734,10.8339075832629,-3.46526828947215,8.641321023008,-2.52743090650337,11.8477999311981,NA,NA,NA,NA
"39089dd38f528ba464d64746b7334494","NPP","met_ensemble",0.140277872609013,0.0212321957830278,0.111888173341241,0.016935184131342,0.153405791647443,0.0232192129943921,NA,NA,NA,NA
"39089dd38f528ba464d64746b7334494","NPP","temperate.deciduous.Amax",0,0,0,0,0,0,NA,NA,NA,NA
"39089dd38f528ba464d64746b7334494","NPP","temperate.deciduous.AmaxFrac",0,0,0,0,0,0,NA,NA,NA,NA
"39089dd38f528ba464d64746b7334494","NPP","temperate.deciduous.GDD",0,0,0,0,0,0,NA,NA,NA,NA
"39089dd38f528ba464d64746b7334494","NPP","temperate.deciduous.SLA",0,0,0,0,0,0,NA,NA,NA,NA
"39089dd38f528ba464d64746b7334494","NPP","temperate.deciduous.Vm_low_temp",0,0,0,0,0,0,NA,NA,NA,NA
"39089dd38f528ba464d64746b7334494","NPP","temperate.deciduous.coarse_root_respiration_Q10",0,0,0,0,0,0,NA,NA,NA,NA
"39089dd38f528ba464d64746b7334494","NPP","temperate.deciduous.dVPDSlope",0,0,0,0,0,0,NA,NA,NA,NA
"39089dd38f528ba464d64746b7334494","NPP","temperate.deciduous.dVpdExp",0,0,0,0,0,0,NA,NA,NA,NA
"39089dd38f528ba464d64746b7334494","NPP","temperate.deciduous.extinction_coefficient",0,0,0,0,0,0,NA,NA,NA,NA
"39089dd38f528ba464d64746b7334494","NPP","temperate.deciduous.fine_root_respiration_Q10",0,0,0,0,0,0,NA,NA,NA,NA
"39089dd38f528ba464d64746b7334494","NPP","temperate.deciduous.fracLeafFall",0,0,0,0,0,0,NA,NA,NA,NA
"39089dd38f528ba464d64746b7334494","NPP","temperate.deciduous.growth_resp_factor",0,0,0,0,0,0,NA,NA,NA,NA
"39089dd38f528ba464d64746b7334494","NPP","temperate.deciduous.half_saturation_PAR",0,0,0,0,0,0,NA,NA,NA,NA
"39089dd38f528ba464d64746b7334494","NPP","temperate.deciduous.leafC",0,0,0,0,0,0,NA,NA,NA,NA
"39089dd38f528ba464d64746b7334494","NPP","temperate.deciduous.leafGrowth",0,0,0,0,0,0,NA,NA,NA,NA
"39089dd38f528ba464d64746b7334494","NPP","temperate.deciduous.leafWHC",0,0,0,0,0,0,NA,NA,NA,NA
"39089dd38f528ba464d64746b7334494","NPP","temperate.deciduous.leaf_allocation_fraction",0,0,0,0,0,0,NA,NA,NA,NA
"39089dd38f528ba464d64746b7334494","NPP","temperate.deciduous.leaf_respiration_rate_m2",0,0,0,0,0,0,NA,NA,NA,NA
"39089dd38f528ba464d64746b7334494","NPP","temperate.deciduous.leaf_turnover_rate",0,0,0,0,0,0,NA,NA,NA,NA
"39089dd38f528ba464d64746b7334494","NPP","temperate.deciduous.psnTOpt",0,0,0,0,0,0,NA,NA,NA,NA
"39089dd38f528ba464d64746b7334494","NPP","temperate.deciduous.root_allocation_fraction",0,0,0,0,0,0,NA,NA,NA,NA
"39089dd38f528ba464d64746b7334494","NPP","temperate.deciduous.root_respiration_rate",0,0,0,0,0,0,NA,NA,NA,NA
"39089dd38f528ba464d64746b7334494","NPP","temperate.deciduous.root_turnover_rate",0,0,0,0,0,0,NA,NA,NA,NA
"39089dd38f528ba464d64746b7334494","NPP","temperate.deciduous.stem_respiration_rate",0,0,0,0,0,0,NA,NA,NA,NA
"39089dd38f528ba464d64746b7334494","NPP","temperate.deciduous.veg_respiration_Q10",0,0,0,0,0,0,NA,NA,NA,NA
"39089dd38f528ba464d64746b7334494","NPP","temperate.deciduous.wood_allocation_fraction",0,0,0,0,0,0,NA,NA,NA,NA
"39089dd38f528ba464d64746b7334494","NPP","temperate.deciduous.wood_turnover_rate",0,0,0,0,0,0,NA,NA,NA,NA
"39089dd38f528ba464d64746b7334494","NPP","temperate.deciduous.wueConst",0,0,0,0,0,0,NA,NA,NA,NA
"39089dd38f528ba464d64746b7334494","Qle","dummy",0,0,0,0,0,0,NA,NA,NA,NA
"39089dd38f528ba464d64746b7334494","Qle","grass.Amax",-5.96324712569606,0.000333962026224954,-6.48209827287697,0.000274310551487142,-4.89810660868955,0.000363019446916949,NA,NA,NA,NA
"39089dd38f528ba464d64746b7334494","Qle","grass.AmaxFrac",-9.25111928666662,0.000803748238528122,-10.0560421338032,0.000660184707404298,-7.59870714070196,0.000873680892133564,NA,NA,NA,NA
"39089dd38f528ba464d64746b7334494","Qle","grass.GDD",0,0,0,0,0,0,NA,NA,NA,NA
"39089dd38f528ba464d64746b7334494","Qle","grass.SLA",-32.134438585749,0.00969779291440964,-34.9303968904762,0.00796559702499802,-26.3946642970986,0.0105415800110541,NA,NA,NA,NA
"39089dd38f528ba464d64746b7334494","Qle","grass.Vm_low_temp",0,0,0,0,0,0,NA,NA,NA,NA
"39089dd38f528ba464d64746b7334494","Qle","grass.coarse_root_respiration_Q10",-2.2306125748638,4.67282766728545e-05,-2.42469406586845,3.838178696263e-05,-1.83218604965849,5.0794017945428e-05,NA,NA,NA,NA
"39089dd38f528ba464d64746b7334494","Qle","grass.dVPDSlope",4.99207542955386,0.00023404197268618,4.10040320938742,0.000192237971856836,5.4264267165023,0.000254405533587999,NA,NA,NA,NA
"39089dd38f528ba464d64746b7334494","Qle","grass.dVpdExp",1.36488875307864,1.74954848510106e-05,1.12109568506272,1.43704844298165e-05,1.48364520914728,1.9017734758501e-05,NA,NA,NA,NA
"39089dd38f528ba464d64746b7334494","Qle","grass.extinction_coefficient",0,0,0,0,0,0,NA,NA,NA,NA
"39089dd38f528ba464d64746b7334494","Qle","grass.fine_root_respiration_Q10",0,0,0,0,0,0,NA,NA,NA,NA
"39089dd38f528ba464d64746b7334494","Qle","grass.fracLeafFall",25.3921466727711,0.00605522532206527,20.856663962622,0.00497365588612098,27.6014705784972,0.00658207932267417,NA,NA,NA,NA
"39089dd38f528ba464d64746b7334494","Qle","grass.growth_resp_factor",0,0,0,0,0,0,NA,NA,NA,NA
"39089dd38f528ba464d64746b7334494","Qle","grass.half_saturation_PAR",0,0,0,0,0,0,NA,NA,NA,NA
"39089dd38f528ba464d64746b7334494","Qle","grass.leafC",0,0,0,0,0,0,NA,NA,NA,NA
"39089dd38f528ba464d64746b7334494","Qle","grass.leafGrowth",21.457195358683,0.00432391733909841,17.6245639623798,0.00355158987169983,23.3241463993609,0.00470013342144713,NA,NA,NA,NA
"39089dd38f528ba464d64746b7334494","Qle","grass.leaf_respiration_rate_m2",-5.03077569354531,0.000237684784022065,-5.46849421917176,0.000195230113202383,-4.13219092752471,0.000258365299227596,NA,NA,NA,NA
"39089dd38f528ba464d64746b7334494","Qle","grass.leaf_turnover_rate",0,0,0,0,0,0,NA,NA,NA,NA
"39089dd38f528ba464d64746b7334494","Qle","grass.psnTOpt",0,0,0,0,0,0,NA,NA,NA,NA
"39089dd38f528ba464d64746b7334494","Qle","grass.root_respiration_rate",0,0,0,0,0,0,NA,NA,NA,NA
"39089dd38f528ba464d64746b7334494","Qle","grass.root_turnover_rate",0.125967979969638,1.49022485435923e-07,0.103467889585497,1.2240445605746e-07,0.136928221854243,1.61988657371176e-07,NA,NA,NA,NA
"39089dd38f528ba464d64746b7334494","Qle","grass.stem_respiration_rate",4.91886217554678,0.000227227442430338,4.04026712652236,0.000186640636214409,5.34684331213423,0.000246998083608017,NA,NA,NA,NA
"39089dd38f528ba464d64746b7334494","Qle","grass.veg_respiration_Q10",0,0,0,0,0,0,NA,NA,NA,NA
"39089dd38f528ba464d64746b7334494","Qle","ic_ensemble",4.41839426312119,0.000183341341596884,3.62919156020449,0.000150593362641647,4.80283060858799,0.000199293533986047,NA,NA,NA,NA
"39089dd38f528ba464d64746b7334494","Qle","met_ensemble",356.844047870165,1.19588215845805,293.105442773406,0.98227663219199,387.892391113277,1.29993366206511,NA,NA,NA,NA
"39089dd38f528ba464d64746b7334494","Qle","temperate.deciduous.Amax",0,0,0,0,0,0,NA,NA,NA,NA
"39089dd38f528ba464d64746b7334494","Qle","temperate.deciduous.AmaxFrac",0,0,0,0,0,0,NA,NA,NA,NA
"39089dd38f528ba464d64746b7334494","Qle","temperate.deciduous.GDD",0,0,0,0,0,0,NA,NA,NA,NA
"39089dd38f528ba464d64746b7334494","Qle","temperate.deciduous.SLA",0,0,0,0,0,0,NA,NA,NA,NA
"39089dd38f528ba464d64746b7334494","Qle","temperate.deciduous.Vm_low_temp",0,0,0,0,0,0,NA,NA,NA,NA
"39089dd38f528ba464d64746b7334494","Qle","temperate.deciduous.coarse_root_respiration_Q10",0,0,0,0,0,0,NA,NA,NA,NA
"39089dd38f528ba464d64746b7334494","Qle","temperate.deciduous.dVPDSlope",0,0,0,0,0,0,NA,NA,NA,NA
"39089dd38f528ba464d64746b7334494","Qle","temperate.deciduous.dVpdExp",0,0,0,0,0,0,NA,NA,NA,NA
"39089dd38f528ba464d64746b7334494","Qle","temperate.deciduous.extinction_coefficient",0,0,0,0,0,0,NA,NA,NA,NA
"39089dd38f528ba464d64746b7334494","Qle","temperate.deciduous.fine_root_respiration_Q10",0,0,0,0,0,0,NA,NA,NA,NA
"39089dd38f528ba464d64746b7334494","Qle","temperate.deciduous.fracLeafFall",0,0,0,0,0,0,NA,NA,NA,NA
"39089dd38f528ba464d64746b7334494","Qle","temperate.deciduous.growth_resp_factor",0,0,0,0,0,0,NA,NA,NA,NA
"39089dd38f528ba464d64746b7334494","Qle","temperate.deciduous.half_saturation_PAR",0,0,0,0,0,0,NA,NA,NA,NA
"39089dd38f528ba464d64746b7334494","Qle","temperate.deciduous.leafC",0,0,0,0,0,0,NA,NA,NA,NA
"39089dd38f528ba464d64746b7334494","Qle","temperate.deciduous.leafGrowth",0,0,0,0,0,0,NA,NA,NA,NA
"39089dd38f528ba464d64746b7334494","Qle","temperate.deciduous.leafWHC",0,0,0,0,0,0,NA,NA,NA,NA
"39089dd38f528ba464d64746b7334494","Qle","temperate.deciduous.leaf_allocation_fraction",0,0,0,0,0,0,NA,NA,NA,NA
"39089dd38f528ba464d64746b7334494","Qle","temperate.deciduous.leaf_respiration_rate_m2",0,0,0,0,0,0,NA,NA,NA,NA
"39089dd38f528ba464d64746b7334494","Qle","temperate.deciduous.leaf_turnover_rate",0,0,0,0,0,0,NA,NA,NA,NA
"39089dd38f528ba464d64746b7334494","Qle","temperate.deciduous.psnTOpt",0,0,0,0,0,0,NA,NA,NA,NA
"39089dd38f528ba464d64746b7334494","Qle","temperate.deciduous.root_allocation_fraction",0,0,0,0,0,0,NA,NA,NA,NA
"39089dd38f528ba464d64746b7334494","Qle","temperate.deciduous.root_respiration_rate",0,0,0,0,0,0,NA,NA,NA,NA
"39089dd38f528ba464d64746b7334494","Qle","temperate.deciduous.root_turnover_rate",0,0,0,0,0,0,NA,NA,NA,NA
"39089dd38f528ba464d64746b7334494","Qle","temperate.deciduous.stem_respiration_rate",0,0,0,0,0,0,NA,NA,NA,NA
"39089dd38f528ba464d64746b7334494","Qle","temperate.deciduous.veg_respiration_Q10",0,0,0,0,0,0,NA,NA,NA,NA
"39089dd38f528ba464d64746b7334494","Qle","temperate.deciduous.wood_allocation_fraction",0,0,0,0,0,0,NA,NA,NA,NA
"39089dd38f528ba464d64746b7334494","Qle","temperate.deciduous.wood_turnover_rate",0,0,0,0,0,0,NA,NA,NA,NA
"39089dd38f528ba464d64746b7334494","Qle","temperate.deciduous.wueConst",0,0,0,0,0,0,NA,NA,NA,NA
"39089dd38f528ba464d64746b7334494","SoilMoistFrac","dummy",0,0,0,0,0,0,NA,NA,NA,NA
"39089dd38f528ba464d64746b7334494","SoilMoistFrac","grass.Amax",180.944492418391,0.331838877847592,-18.073953574525,-0.0331463002398091,263.120608168194,0.482543824275223,NA,NA,NA,NA
"39089dd38f528ba464d64746b7334494","SoilMoistFrac","grass.AmaxFrac",301.224400176379,0.919637824450607,-30.0883201888971,-0.0918596146384173,438.025752042469,1.33729222940043,NA,NA,NA,NA
"39089dd38f528ba464d64746b7334494","SoilMoistFrac","grass.GDD",0,0,0,0,0,0,NA,NA,NA,NA
"39089dd38f528ba464d64746b7334494","SoilMoistFrac","grass.SLA",1378.78282071075,19.2676281427009,-137.722106695887,-1.92458036101569,2004.95836854992,28.0180400470194,NA,NA,NA,NA
"39089dd38f528ba464d64746b7334494","SoilMoistFrac","grass.Vm_low_temp",0,0,0,0,0,0,NA,NA,NA,NA
"39089dd38f528ba464d64746b7334494","SoilMoistFrac","grass.coarse_root_respiration_Q10",4.88769943185895,0.000242128276836542,-0.488216311184458,-2.41854017004532e-05,7.10745284294352,0.000352091067290604,NA,NA,NA,NA
"39089dd38f528ba464d64746b7334494","SoilMoistFrac","grass.dVPDSlope",-179.510058889473,0.326598441256227,-261.034725268631,-0.0326228501673771,17.9306727005902,0.474923438351575,NA,NA,NA,NA
"39089dd38f528ba464d64746b7334494","SoilMoistFrac","grass.dVpdExp",-73.9862219706142,0.0554802272202031,-107.587136037065,-0.00554173845072575,7.39024174308314,0.0806766259220263,NA,NA,NA,NA
"39089dd38f528ba464d64746b7334494","SoilMoistFrac","grass.extinction_coefficient",0,0,0,0,0,0,NA,NA,NA,NA
"39089dd38f528ba464d64746b7334494","SoilMoistFrac","grass.fine_root_respiration_Q10",0,0,0,0,0,0,NA,NA,NA,NA
"39089dd38f528ba464d64746b7334494","SoilMoistFrac","grass.fracLeafFall",-47.8609372356282,0.0232166164524156,-69.5970280422768,-0.00231903188823371,4.78067249280961,0.0337604652063254,NA,NA,NA,NA
"39089dd38f528ba464d64746b7334494","SoilMoistFrac","grass.growth_resp_factor",0,0,0,0,0,0,NA,NA,NA,NA
"39089dd38f528ba464d64746b7334494","SoilMoistFrac","grass.half_saturation_PAR",0,0,0,0,0,0,NA,NA,NA,NA
"39089dd38f528ba464d64746b7334494","SoilMoistFrac","grass.leafC",0,0,0,0,0,0,NA,NA,NA,NA
"39089dd38f528ba464d64746b7334494","SoilMoistFrac","grass.leafGrowth",-687.777672635345,4.79438245349861,-1000.13256601296,-0.478895183406224,68.6998623647669,6.97175586885815,NA,NA,NA,NA
"39089dd38f528ba464d64746b7334494","SoilMoistFrac","grass.leaf_respiration_rate_m2",-16.5823172301022,0.00278693581867169,-24.1131925935258,-0.000278377904343075,1.65635343617926,0.00405262540867527,NA,NA,NA,NA
"39089dd38f528ba464d64746b7334494","SoilMoistFrac","grass.leaf_turnover_rate",0,0,0,0,0,0,NA,NA,NA,NA
"39089dd38f528ba464d64746b7334494","SoilMoistFrac","grass.psnTOpt",0,0,0,0,0,0,NA,NA,NA,NA
"39089dd38f528ba464d64746b7334494","SoilMoistFrac","grass.root_respiration_rate",0,0,0,0,0,0,NA,NA,NA,NA
"39089dd38f528ba464d64746b7334494","SoilMoistFrac","grass.root_turnover_rate",-0.232431358851391,5.47552758601208e-07,-0.337990284649978,-5.46932543029725e-08,0.0232168082763752,7.9622437202559e-07,NA,NA,NA,NA
"39089dd38f528ba464d64746b7334494","SoilMoistFrac","grass.stem_respiration_rate",-9.59609467260963,0.000933309264314793,-13.954170323451,-9.32252100544462e-05,0.958522513127706,0.00135717256686481,NA,NA,NA,NA
"39089dd38f528ba464d64746b7334494","SoilMoistFrac","grass.veg_respiration_Q10",0,0,0,0,0,0,NA,NA,NA,NA
"39089dd38f528ba464d64746b7334494","SoilMoistFrac","ic_ensemble",-18.0698779267546,0.0033093825010755,-26.2763304152906,-0.000330563394803304,1.8049410091484,0.00481234175578401,NA,NA,NA,NA
"39089dd38f528ba464d64746b7334494","SoilMoistFrac","met_ensemble",535.860536489605,2.91031553804057,-53.5253564752813,-0.290701901001423,779.222115965046,4.23203814659323,NA,NA,NA,NA
"39089dd38f528ba464d64746b7334494","SoilMoistFrac","temperate.deciduous.Amax",0,0,0,0,0,0,NA,NA,NA,NA
"39089dd38f528ba464d64746b7334494","SoilMoistFrac","temperate.deciduous.AmaxFrac",0,0,0,0,0,0,NA,NA,NA,NA
"39089dd38f528ba464d64746b7334494","SoilMoistFrac","temperate.deciduous.GDD",0,0,0,0,0,0,NA,NA,NA,NA
"39089dd38f528ba464d64746b7334494","SoilMoistFrac","temperate.deciduous.SLA",0,0,0,0,0,0,NA,NA,NA,NA
"39089dd38f528ba464d64746b7334494","SoilMoistFrac","temperate.deciduous.Vm_low_temp",0,0,0,0,0,0,NA,NA,NA,NA
"39089dd38f528ba464d64746b7334494","SoilMoistFrac","temperate.deciduous.coarse_root_respiration_Q10",0,0,0,0,0,0,NA,NA,NA,NA
"39089dd38f528ba464d64746b7334494","SoilMoistFrac","temperate.deciduous.dVPDSlope",0,0,0,0,0,0,NA,NA,NA,NA
"39089dd38f528ba464d64746b7334494","SoilMoistFrac","temperate.deciduous.dVpdExp",0,0,0,0,0,0,NA,NA,NA,NA
"39089dd38f528ba464d64746b7334494","SoilMoistFrac","temperate.deciduous.extinction_coefficient",0,0,0,0,0,0,NA,NA,NA,NA
"39089dd38f528ba464d64746b7334494","SoilMoistFrac","temperate.deciduous.fine_root_respiration_Q10",0,0,0,0,0,0,NA,NA,NA,NA
"39089dd38f528ba464d64746b7334494","SoilMoistFrac","temperate.deciduous.fracLeafFall",0,0,0,0,0,0,NA,NA,NA,NA
"39089dd38f528ba464d64746b7334494","SoilMoistFrac","temperate.deciduous.growth_resp_factor",0,0,0,0,0,0,NA,NA,NA,NA
"39089dd38f528ba464d64746b7334494","SoilMoistFrac","temperate.deciduous.half_saturation_PAR",0,0,0,0,0,0,NA,NA,NA,NA
"39089dd38f528ba464d64746b7334494","SoilMoistFrac","temperate.deciduous.leafC",0,0,0,0,0,0,NA,NA,NA,NA
"39089dd38f528ba464d64746b7334494","SoilMoistFrac","temperate.deciduous.leafGrowth",0,0,0,0,0,0,NA,NA,NA,NA
"39089dd38f528ba464d64746b7334494","SoilMoistFrac","temperate.deciduous.leafWHC",0,0,0,0,0,0,NA,NA,NA,NA
"39089dd38f528ba464d64746b7334494","SoilMoistFrac","temperate.deciduous.leaf_allocation_fraction",0,0,0,0,0,0,NA,NA,NA,NA
"39089dd38f528ba464d64746b7334494","SoilMoistFrac","temperate.deciduous.leaf_respiration_rate_m2",0,0,0,0,0,0,NA,NA,NA,NA
"39089dd38f528ba464d64746b7334494","SoilMoistFrac","temperate.deciduous.leaf_turnover_rate",0,0,0,0,0,0,NA,NA,NA,NA
"39089dd38f528ba464d64746b7334494","SoilMoistFrac","temperate.deciduous.psnTOpt",0,0,0,0,0,0,NA,NA,NA,NA
"39089dd38f528ba464d64746b7334494","SoilMoistFrac","temperate.deciduous.root_allocation_fraction",0,0,0,0,0,0,NA,NA,NA,NA
"39089dd38f528ba464d64746b7334494","SoilMoistFrac","temperate.deciduous.root_respiration_rate",0,0,0,0,0,0,NA,NA,NA,NA
"39089dd38f528ba464d64746b7334494","SoilMoistFrac","temperate.deciduous.root_turnover_rate",0,0,0,0,0,0,NA,NA,NA,NA
"39089dd38f528ba464d64746b7334494","SoilMoistFrac","temperate.deciduous.stem_respiration_rate",0,0,0,0,0,0,NA,NA,NA,NA
"39089dd38f528ba464d64746b7334494","SoilMoistFrac","temperate.deciduous.veg_respiration_Q10",0,0,0,0,0,0,NA,NA,NA,NA
"39089dd38f528ba464d64746b7334494","SoilMoistFrac","temperate.deciduous.wood_allocation_fraction",0,0,0,0,0,0,NA,NA,NA,NA
"39089dd38f528ba464d64746b7334494","SoilMoistFrac","temperate.deciduous.wood_turnover_rate",0,0,0,0,0,0,NA,NA,NA,NA
"39089dd38f528ba464d64746b7334494","SoilMoistFrac","temperate.deciduous.wueConst",0,0,0,0,0,0,NA,NA,NA,NA
"39089dd38f528ba464d64746b7334494","TotSoilCarb","dummy",0,0,0,0,0,0,NA,NA,NA,NA
"39089dd38f528ba464d64746b7334494","TotSoilCarb","grass.Amax",-0.0219001140891796,3.92978162909011e-05,-0.0299696508652985,1.03086827251243e-05,-0.00574488226313095,5.37778857777205e-05,NA,NA,NA,NA
"39089dd38f528ba464d64746b7334494","TotSoilCarb","grass.AmaxFrac",-0.0366370688241014,0.0001099808581708,-0.0501367324807103,2.885040136396e-05,-0.00961071006313525,0.000150505513707497,NA,NA,NA,NA
"39089dd38f528ba464d64746b7334494","TotSoilCarb","grass.GDD",0,0,0,0,0,0,NA,NA,NA,NA
"39089dd38f528ba464d64746b7334494","TotSoilCarb","grass.SLA",-0.153036353253081,0.00191895539479699,-0.209425670479014,0.000503384263954839,-0.0401448059967986,0.00262603304137861,NA,NA,NA,NA
"39089dd38f528ba464d64746b7334494","TotSoilCarb","grass.Vm_low_temp",0,0,0,0,0,0,NA,NA,NA,NA
"39089dd38f528ba464d64746b7334494","TotSoilCarb","grass.coarse_root_respiration_Q10",-0.0181049259914273,2.68577218134897e-05,-0.0247760495080357,7.04537195770391e-06,-0.00474932083823429,3.67539887011498e-05,NA,NA,NA,NA
"39089dd38f528ba464d64746b7334494","TotSoilCarb","grass.dVPDSlope",0.016828649362047,2.32046053593126e-05,0.00441452536908202,6.08707905396408e-06,0.0230295031277607,3.17548081372432e-05,NA,NA,NA,NA
"39089dd38f528ba464d64746b7334494","TotSoilCarb","grass.dVpdExp",0.00512670774034019,2.15353921187885e-06,0.00134484835310919,5.64920765750371e-07,0.00701574614820533,2.94705397615383e-06,NA,NA,NA,NA
"39089dd38f528ba464d64746b7334494","TotSoilCarb","grass.extinction_coefficient",0,0,0,0,0,0,NA,NA,NA,NA
"39089dd38f528ba464d64746b7334494","TotSoilCarb","grass.fine_root_respiration_Q10",0,0,0,0,0,0,NA,NA,NA,NA
"39089dd38f528ba464d64746b7334494","TotSoilCarb","grass.fracLeafFall",0.00264881421177449,5.74881931778342e-07,0.000694842306372776,1.50804192152571e-07,0.00362482299455894,7.86708722795092e-07,NA,NA,NA,NA
"39089dd38f528ba464d64746b7334494","TotSoilCarb","grass.growth_resp_factor",0,0,0,0,0,0,NA,NA,NA,NA
"39089dd38f528ba464d64746b7334494","TotSoilCarb","grass.half_saturation_PAR",0,0,0,0,0,0,NA,NA,NA,NA
"39089dd38f528ba464d64746b7334494","TotSoilCarb","grass.leafC",0,0,0,0,0,0,NA,NA,NA,NA
"39089dd38f528ba464d64746b7334494","TotSoilCarb","grass.leafGrowth",0.502282753339381,0.0206715097173896,0.131759828692476,0.00542259227709892,0.687358919316298,0.0282883425431506,NA,NA,NA,NA
"39089dd38f528ba464d64746b7334494","TotSoilCarb","grass.leaf_respiration_rate_m2",-0.0204531731293268,3.42765460240096e-05,-0.0279895554551602,8.99149294350098e-06,-0.00536531778131105,4.69064276571715e-05,NA,NA,NA,NA
"39089dd38f528ba464d64746b7334494","TotSoilCarb","grass.leaf_turnover_rate",0,0,0,0,0,0,NA,NA,NA,NA
"39089dd38f528ba464d64746b7334494","TotSoilCarb","grass.psnTOpt",0,0,0,0,0,0,NA,NA,NA,NA
"39089dd38f528ba464d64746b7334494","TotSoilCarb","grass.root_respiration_rate",0,0,0,0,0,0,NA,NA,NA,NA
"39089dd38f528ba464d64746b7334494","TotSoilCarb","grass.root_turnover_rate",0.361618200919974,0.0107146064977099,0.0948604185362172,0.0028106772674547,0.49486368810579,0.0146626184040786,NA,NA,NA,NA
"39089dd38f528ba464d64746b7334494","TotSoilCarb","grass.stem_respiration_rate",0.0149913187343509,1.8414305300457e-05,0.00393255307927676,4.83047784489586e-06,0.0205151711378933,2.51994258356115e-05,NA,NA,NA,NA
"39089dd38f528ba464d64746b7334494","TotSoilCarb","grass.veg_respiration_Q10",0,0,0,0,0,0,NA,NA,NA,NA
"39089dd38f528ba464d64746b7334494","TotSoilCarb","ic_ensemble",-3.91841287942124,1.25804464652339,-5.36223078401063,0.330012818499878,-1.02788599908405,1.72159645724824,NA,NA,NA,NA
"39089dd38f528ba464d64746b7334494","TotSoilCarb","met_ensemble",-0.0301247660345704,7.43572001925078e-05,-0.0412248409655979,1.95055312854773e-05,-0.00790238961168153,0.000101755603647362,NA,NA,NA,NA
"39089dd38f528ba464d64746b7334494","TotSoilCarb","temperate.deciduous.Amax",0,0,0,0,0,0,NA,NA,NA,NA
"39089dd38f528ba464d64746b7334494","TotSoilCarb","temperate.deciduous.AmaxFrac",0,0,0,0,0,0,NA,NA,NA,NA
"39089dd38f528ba464d64746b7334494","TotSoilCarb","temperate.deciduous.GDD",0,0,0,0,0,0,NA,NA,NA,NA
"39089dd38f528ba464d64746b7334494","TotSoilCarb","temperate.deciduous.SLA",0,0,0,0,0,0,NA,NA,NA,NA
"39089dd38f528ba464d64746b7334494","TotSoilCarb","temperate.deciduous.Vm_low_temp",0,0,0,0,0,0,NA,NA,NA,NA
"39089dd38f528ba464d64746b7334494","TotSoilCarb","temperate.deciduous.coarse_root_respiration_Q10",0,0,0,0,0,0,NA,NA,NA,NA
"39089dd38f528ba464d64746b7334494","TotSoilCarb","temperate.deciduous.dVPDSlope",0,0,0,0,0,0,NA,NA,NA,NA
"39089dd38f528ba464d64746b7334494","TotSoilCarb","temperate.deciduous.dVpdExp",0,0,0,0,0,0,NA,NA,NA,NA
"39089dd38f528ba464d64746b7334494","TotSoilCarb","temperate.deciduous.extinction_coefficient",0,0,0,0,0,0,NA,NA,NA,NA
"39089dd38f528ba464d64746b7334494","TotSoilCarb","temperate.deciduous.fine_root_respiration_Q10",0,0,0,0,0,0,NA,NA,NA,NA
"39089dd38f528ba464d64746b7334494","TotSoilCarb","temperate.deciduous.fracLeafFall",0,0,0,0,0,0,NA,NA,NA,NA
"39089dd38f528ba464d64746b7334494","TotSoilCarb","temperate.deciduous.growth_resp_factor",0,0,0,0,0,0,NA,NA,NA,NA
"39089dd38f528ba464d64746b7334494","TotSoilCarb","temperate.deciduous.half_saturation_PAR",0,0,0,0,0,0,NA,NA,NA,NA
"39089dd38f528ba464d64746b7334494","TotSoilCarb","temperate.deciduous.leafC",0,0,0,0,0,0,NA,NA,NA,NA
"39089dd38f528ba464d64746b7334494","TotSoilCarb","temperate.deciduous.leafGrowth",0,0,0,0,0,0,NA,NA,NA,NA
"39089dd38f528ba464d64746b7334494","TotSoilCarb","temperate.deciduous.leafWHC",0,0,0,0,0,0,NA,NA,NA,NA
"39089dd38f528ba464d64746b7334494","TotSoilCarb","temperate.deciduous.leaf_allocation_fraction",0,0,0,0,0,0,NA,NA,NA,NA
"39089dd38f528ba464d64746b7334494","TotSoilCarb","temperate.deciduous.leaf_respiration_rate_m2",0,0,0,0,0,0,NA,NA,NA,NA
"39089dd38f528ba464d64746b7334494","TotSoilCarb","temperate.deciduous.leaf_turnover_rate",0,0,0,0,0,0,NA,NA,NA,NA
"39089dd38f528ba464d64746b7334494","TotSoilCarb","temperate.deciduous.psnTOpt",0,0,0,0,0,0,NA,NA,NA,NA
"39089dd38f528ba464d64746b7334494","TotSoilCarb","temperate.deciduous.root_allocation_fraction",0,0,0,0,0,0,NA,NA,NA,NA
"39089dd38f528ba464d64746b7334494","TotSoilCarb","temperate.deciduous.root_respiration_rate",0,0,0,0,0,0,NA,NA,NA,NA
"39089dd38f528ba464d64746b7334494","TotSoilCarb","temperate.deciduous.root_turnover_rate",0,0,0,0,0,0,NA,NA,NA,NA
"39089dd38f528ba464d64746b7334494","TotSoilCarb","temperate.deciduous.stem_respiration_rate",0,0,0,0,0,0,NA,NA,NA,NA
"39089dd38f528ba464d64746b7334494","TotSoilCarb","temperate.deciduous.veg_respiration_Q10",0,0,0,0,0,0,NA,NA,NA,NA
"39089dd38f528ba464d64746b7334494","TotSoilCarb","temperate.deciduous.wood_allocation_fraction",0,0,0,0,0,0,NA,NA,NA,NA
"39089dd38f528ba464d64746b7334494","TotSoilCarb","temperate.deciduous.wood_turnover_rate",0,0,0,0,0,0,NA,NA,NA,NA
"39089dd38f528ba464d64746b7334494","TotSoilCarb","temperate.deciduous.wueConst",0,0,0,0,0,0,NA,NA,NA,NA
"4c95254f38c2a019009aee04f0a63846","AbvGrndWood","dummy",0,0,0,0,0,0,NA,NA,NA,NA
"4c95254f38c2a019009aee04f0a63846","AbvGrndWood","grass.Amax",-0.659366002729351,0.028515090952303,-1038.89423064089,-98.0874606294378,2268.11609828941,44.9282543442075,NA,NA,NA,NA
"4c95254f38c2a019009aee04f0a63846","AbvGrndWood","grass.AmaxFrac",-0.965679129811077,0.0611627987997115,-1521.51987281461,-210.390478125702,3321.78542879112,96.3678420480399,NA,NA,NA,NA
"4c95254f38c2a019009aee04f0a63846","AbvGrndWood","grass.GDD",0,0,0,0,0,0,NA,NA,NA,NA
"4c95254f38c2a019009aee04f0a63846","AbvGrndWood","grass.SLA",0.308451456690302,0.00624015403958481,-1061.02485048392,-21.4651555803636,485.994785084279,9.83195979653213,NA,NA,NA,NA
"4c95254f38c2a019009aee04f0a63846","AbvGrndWood","grass.Vm_low_temp",0,0,0,0,0,0,NA,NA,NA,NA
"4c95254f38c2a019009aee04f0a63846","AbvGrndWood","grass.coarse_root_respiration_Q10",0.0350842358190817,8.07319982707569e-05,-120.684293287872,-0.277705468839795,55.2785706694214,0.127200988350056,NA,NA,NA,NA
"4c95254f38c2a019009aee04f0a63846","AbvGrndWood","grass.dVPDSlope",3.35923264211671,0.740119459180542,-11555.2357900557,-2545.89537991949,5292.79246553463,1166.1290284075,NA,NA,NA,NA
"4c95254f38c2a019009aee04f0a63846","AbvGrndWood","grass.dVpdExp",2.64416116007164,0.458561408347955,-9095.50154057875,-1577.37964654386,4166.1289218921,722.507377625285,NA,NA,NA,NA
"4c95254f38c2a019009aee04f0a63846","AbvGrndWood","grass.extinction_coefficient",0,0,0,0,0,0,NA,NA,NA,NA
"4c95254f38c2a019009aee04f0a63846","AbvGrndWood","grass.fine_root_respiration_Q10",0,0,0,0,0,0,NA,NA,NA,NA
"4c95254f38c2a019009aee04f0a63846","AbvGrndWood","grass.fracLeafFall",0.210905900542049,0.00291742110085761,-725.483367755612,-10.0354730710319,332.302427444371,4.59667610626725,NA,NA,NA,NA
"4c95254f38c2a019009aee04f0a63846","AbvGrndWood","grass.growth_resp_factor",0,0,0,0,0,0,NA,NA,NA,NA
"4c95254f38c2a019009aee04f0a63846","AbvGrndWood","grass.half_saturation_PAR",0,0,0,0,0,0,NA,NA,NA,NA
"4c95254f38c2a019009aee04f0a63846","AbvGrndWood","grass.leafC",0,0,0,0,0,0,NA,NA,NA,NA
"4c95254f38c2a019009aee04f0a63846","AbvGrndWood","grass.leafGrowth",-0.0762953367914018,0.000381783933587504,-120.210603654562,-1.31327712113405,262.444046075607,0.601537119465721,NA,NA,NA,NA
"4c95254f38c2a019009aee04f0a63846","AbvGrndWood","grass.leaf_respiration_rate_m2",-1.63445999725031,0.175214583663074,-2575.24812369445,-602.710810409217,5622.28719167852,276.067342474783,NA,NA,NA,NA
"4c95254f38c2a019009aee04f0a63846","AbvGrndWood","grass.leaf_turnover_rate",0,0,0,0,0,0,NA,NA,NA,NA
"4c95254f38c2a019009aee04f0a63846","AbvGrndWood","grass.psnTOpt",0,0,0,0,0,0,NA,NA,NA,NA
"4c95254f38c2a019009aee04f0a63846","AbvGrndWood","grass.root_respiration_rate",0,0,0,0,0,0,NA,NA,NA,NA
"4c95254f38c2a019009aee04f0a63846","AbvGrndWood","grass.root_turnover_rate",-0.00199583707338017,2.61259343006522e-07,-3.14463228654653,-0.000898691347823154,6.86536790941354,0.000411639094261755,NA,NA,NA,NA
"4c95254f38c2a019009aee04f0a63846","AbvGrndWood","grass.stem_respiration_rate",0.0625018082962179,0.00025621634071026,-214.996461725429,-0.881344207320738,98.4775796367776,0.403693361589751,NA,NA,NA,NA
"4c95254f38c2a019009aee04f0a63846","AbvGrndWood","grass.veg_respiration_Q10",0,0,0,0,0,0,NA,NA,NA,NA
"4c95254f38c2a019009aee04f0a63846","AbvGrndWood","ic_ensemble",1.21078292494006,0.0961510950451269,-4164.90421438624,-330.744754259832,1907.70435550503,151.495250738895,NA,NA,NA,NA
"4c95254f38c2a019009aee04f0a63846","AbvGrndWood","met_ensemble",0.116066760981901,0.000883562731729631,-399.251535519969,-3.0393178407579,182.874288110311,1.39213763009252,NA,NA,NA,NA
"4c95254f38c2a019009aee04f0a63846","AbvGrndWood","temperate.deciduous.Amax",0,0,0,0,0,0,NA,NA,NA,NA
"4c95254f38c2a019009aee04f0a63846","AbvGrndWood","temperate.deciduous.AmaxFrac",0,0,0,0,0,0,NA,NA,NA,NA
"4c95254f38c2a019009aee04f0a63846","AbvGrndWood","temperate.deciduous.GDD",0,0,0,0,0,0,NA,NA,NA,NA
"4c95254f38c2a019009aee04f0a63846","AbvGrndWood","temperate.deciduous.SLA",0,0,0,0,0,0,NA,NA,NA,NA
"4c95254f38c2a019009aee04f0a63846","AbvGrndWood","temperate.deciduous.Vm_low_temp",0,0,0,0,0,0,NA,NA,NA,NA
"4c95254f38c2a019009aee04f0a63846","AbvGrndWood","temperate.deciduous.coarse_root_respiration_Q10",0,0,0,0,0,0,NA,NA,NA,NA
"4c95254f38c2a019009aee04f0a63846","AbvGrndWood","temperate.deciduous.dVPDSlope",0,0,0,0,0,0,NA,NA,NA,NA
"4c95254f38c2a019009aee04f0a63846","AbvGrndWood","temperate.deciduous.dVpdExp",0,0,0,0,0,0,NA,NA,NA,NA
"4c95254f38c2a019009aee04f0a63846","AbvGrndWood","temperate.deciduous.extinction_coefficient",0,0,0,0,0,0,NA,NA,NA,NA
"4c95254f38c2a019009aee04f0a63846","AbvGrndWood","temperate.deciduous.fine_root_respiration_Q10",0,0,0,0,0,0,NA,NA,NA,NA
"4c95254f38c2a019009aee04f0a63846","AbvGrndWood","temperate.deciduous.fracLeafFall",0,0,0,0,0,0,NA,NA,NA,NA
"4c95254f38c2a019009aee04f0a63846","AbvGrndWood","temperate.deciduous.growth_resp_factor",0,0,0,0,0,0,NA,NA,NA,NA
"4c95254f38c2a019009aee04f0a63846","AbvGrndWood","temperate.deciduous.half_saturation_PAR",0,0,0,0,0,0,NA,NA,NA,NA
"4c95254f38c2a019009aee04f0a63846","AbvGrndWood","temperate.deciduous.leafC",0,0,0,0,0,0,NA,NA,NA,NA
"4c95254f38c2a019009aee04f0a63846","AbvGrndWood","temperate.deciduous.leafGrowth",0,0,0,0,0,0,NA,NA,NA,NA
"4c95254f38c2a019009aee04f0a63846","AbvGrndWood","temperate.deciduous.leafWHC",0,0,0,0,0,0,NA,NA,NA,NA
"4c95254f38c2a019009aee04f0a63846","AbvGrndWood","temperate.deciduous.leaf_allocation_fraction",0,0,0,0,0,0,NA,NA,NA,NA
"4c95254f38c2a019009aee04f0a63846","AbvGrndWood","temperate.deciduous.leaf_respiration_rate_m2",0,0,0,0,0,0,NA,NA,NA,NA
"4c95254f38c2a019009aee04f0a63846","AbvGrndWood","temperate.deciduous.leaf_turnover_rate",0,0,0,0,0,0,NA,NA,NA,NA
"4c95254f38c2a019009aee04f0a63846","AbvGrndWood","temperate.deciduous.psnTOpt",0,0,0,0,0,0,NA,NA,NA,NA
"4c95254f38c2a019009aee04f0a63846","AbvGrndWood","temperate.deciduous.root_allocation_fraction",0,0,0,0,0,0,NA,NA,NA,NA
"4c95254f38c2a019009aee04f0a63846","AbvGrndWood","temperate.deciduous.root_respiration_rate",0,0,0,0,0,0,NA,NA,NA,NA
"4c95254f38c2a019009aee04f0a63846","AbvGrndWood","temperate.deciduous.root_turnover_rate",0,0,0,0,0,0,NA,NA,NA,NA
"4c95254f38c2a019009aee04f0a63846","AbvGrndWood","temperate.deciduous.stem_respiration_rate",0,0,0,0,0,0,NA,NA,NA,NA
"4c95254f38c2a019009aee04f0a63846","AbvGrndWood","temperate.deciduous.veg_respiration_Q10",0,0,0,0,0,0,NA,NA,NA,NA
"4c95254f38c2a019009aee04f0a63846","AbvGrndWood","temperate.deciduous.wood_allocation_fraction",0,0,0,0,0,0,NA,NA,NA,NA
"4c95254f38c2a019009aee04f0a63846","AbvGrndWood","temperate.deciduous.wood_turnover_rate",0,0,0,0,0,0,NA,NA,NA,NA
"4c95254f38c2a019009aee04f0a63846","AbvGrndWood","temperate.deciduous.wueConst",0,0,0,0,0,0,NA,NA,NA,NA
"4c95254f38c2a019009aee04f0a63846","NPP","dummy",0,0,0,0,0,0,NA,NA,NA,NA
"4c95254f38c2a019009aee04f0a63846","NPP","grass.Amax",0.193332818868645,0.00548467221280861,0.175516658108389,0.0049792443065042,0.2018431315161,0.00572610186543019,NA,NA,NA,NA
"4c95254f38c2a019009aee04f0a63846","NPP","grass.AmaxFrac",0.29254823397155,0.0125584046503111,0.265589094819353,0.011401112487234,0.305425907561206,0.0131112127589024,NA,NA,NA,NA
"4c95254f38c2a019009aee04f0a63846","NPP","grass.GDD",0,0,0,0,0,0,NA,NA,NA,NA
"4c95254f38c2a019009aee04f0a63846","NPP","grass.SLA",-0.211900869849606,0.00658877974789742,-0.221228529081187,0.0059816052397648,-0.192373611184621,0.00687881108322864,NA,NA,NA,NA
"4c95254f38c2a019009aee04f0a63846","NPP","grass.Vm_low_temp",0,0,0,0,0,0,NA,NA,NA,NA
"4c95254f38c2a019009aee04f0a63846","NPP","grass.coarse_root_respiration_Q10",0.0695834447078649,0.000710479187166396,0.0631711353833419,0.000645006540103959,0.0726464366665821,0.000741753753210991,NA,NA,NA,NA
"4c95254f38c2a019009aee04f0a63846","NPP","grass.dVPDSlope",-0.950128191826076,0.132465846787816,-0.991951861572982,0.12025874798573,-0.862571217756783,0.138296857672936,NA,NA,NA,NA
"4c95254f38c2a019009aee04f0a63846","NPP","grass.dVpdExp",-0.76065504382446,0.0849014309110908,-0.79413829968185,0.0770775262541401,-0.690558551034562,0.0886387049316002,NA,NA,NA,NA
"4c95254f38c2a019009aee04f0a63846","NPP","grass.extinction_coefficient",0,0,0,0,0,0,NA,NA,NA,NA
"4c95254f38c2a019009aee04f0a63846","NPP","grass.fine_root_respiration_Q10",0,0,0,0,0,0,NA,NA,NA,NA
"4c95254f38c2a019009aee04f0a63846","NPP","grass.fracLeafFall",-0.0901271955841971,0.00119193130542237,-0.0940945024126405,0.00108209149717432,-0.0818217220758937,0.00124439890054043,NA,NA,NA,NA
"4c95254f38c2a019009aee04f0a63846","NPP","grass.growth_resp_factor",0,0,0,0,0,0,NA,NA,NA,NA
"4c95254f38c2a019009aee04f0a63846","NPP","grass.half_saturation_PAR",0,0,0,0,0,0,NA,NA,NA,NA
"4c95254f38c2a019009aee04f0a63846","NPP","grass.leafC",0,0,0,0,0,0,NA,NA,NA,NA
"4c95254f38c2a019009aee04f0a63846","NPP","grass.leafGrowth",2.97826527924165,1.30156621815939,2.70380979200381,1.18162324562868,3.10936546606831,1.35885982983236,NA,NA,NA,NA
"4c95254f38c2a019009aee04f0a63846","NPP","grass.leaf_respiration_rate_m2",2.16634787920337,0.688645807280566,1.9667128544601,0.625185167327227,2.26170829376235,0.71895929030746,NA,NA,NA,NA
"4c95254f38c2a019009aee04f0a63846","NPP","grass.leaf_turnover_rate",0,0,0,0,0,0,NA,NA,NA,NA
"4c95254f38c2a019009aee04f0a63846","NPP","grass.psnTOpt",0,0,0,0,0,0,NA,NA,NA,NA
"4c95254f38c2a019009aee04f0a63846","NPP","grass.root_respiration_rate",0,0,0,0,0,0,NA,NA,NA,NA
"4c95254f38c2a019009aee04f0a63846","NPP","grass.root_turnover_rate",-0.00305527876677027,1.3697496394386e-06,-0.00318976900842971,1.24352337366361e-06,-0.00277372627095134,1.43004461547307e-06,NA,NA,NA,NA
"4c95254f38c2a019009aee04f0a63846","NPP","grass.stem_respiration_rate",-0.0104182889125552,1.59269385585016e-05,-0.0108768913185832,1.44592265609344e-05,-0.0094582144089139,1.66280260791969e-05,NA,NA,NA,NA
"4c95254f38c2a019009aee04f0a63846","NPP","grass.veg_respiration_Q10",0,0,0,0,0,0,NA,NA,NA,NA
"4c95254f38c2a019009aee04f0a63846","NPP","ic_ensemble",0.00395492782626964,2.29517939272943e-06,0.00359047014981117,2.08367218317347e-06,0.00412901969797891,2.39621083854615e-06,NA,NA,NA,NA
"4c95254f38c2a019009aee04f0a63846","NPP","met_ensemble",0.0425622206031377,0.000265820253481359,0.0386399927629994,0.000241324172593128,0.0444357659557698,0.00027752138874846,NA,NA,NA,NA
"4c95254f38c2a019009aee04f0a63846","NPP","temperate.deciduous.Amax",0,0,0,0,0,0,NA,NA,NA,NA
"4c95254f38c2a019009aee04f0a63846","NPP","temperate.deciduous.AmaxFrac",0,0,0,0,0,0,NA,NA,NA,NA
"4c95254f38c2a019009aee04f0a63846","NPP","temperate.deciduous.GDD",0,0,0,0,0,0,NA,NA,NA,NA
"4c95254f38c2a019009aee04f0a63846","NPP","temperate.deciduous.SLA",0,0,0,0,0,0,NA,NA,NA,NA
"4c95254f38c2a019009aee04f0a63846","NPP","temperate.deciduous.Vm_low_temp",0,0,0,0,0,0,NA,NA,NA,NA
"4c95254f38c2a019009aee04f0a63846","NPP","temperate.deciduous.coarse_root_respiration_Q10",0,0,0,0,0,0,NA,NA,NA,NA
"4c95254f38c2a019009aee04f0a63846","NPP","temperate.deciduous.dVPDSlope",0,0,0,0,0,0,NA,NA,NA,NA
"4c95254f38c2a019009aee04f0a63846","NPP","temperate.deciduous.dVpdExp",0,0,0,0,0,0,NA,NA,NA,NA
"4c95254f38c2a019009aee04f0a63846","NPP","temperate.deciduous.extinction_coefficient",0,0,0,0,0,0,NA,NA,NA,NA
"4c95254f38c2a019009aee04f0a63846","NPP","temperate.deciduous.fine_root_respiration_Q10",0,0,0,0,0,0,NA,NA,NA,NA
"4c95254f38c2a019009aee04f0a63846","NPP","temperate.deciduous.fracLeafFall",0,0,0,0,0,0,NA,NA,NA,NA
"4c95254f38c2a019009aee04f0a63846","NPP","temperate.deciduous.growth_resp_factor",0,0,0,0,0,0,NA,NA,NA,NA
"4c95254f38c2a019009aee04f0a63846","NPP","temperate.deciduous.half_saturation_PAR",0,0,0,0,0,0,NA,NA,NA,NA
"4c95254f38c2a019009aee04f0a63846","NPP","temperate.deciduous.leafC",0,0,0,0,0,0,NA,NA,NA,NA
"4c95254f38c2a019009aee04f0a63846","NPP","temperate.deciduous.leafGrowth",0,0,0,0,0,0,NA,NA,NA,NA
"4c95254f38c2a019009aee04f0a63846","NPP","temperate.deciduous.leafWHC",0,0,0,0,0,0,NA,NA,NA,NA
"4c95254f38c2a019009aee04f0a63846","NPP","temperate.deciduous.leaf_allocation_fraction",0,0,0,0,0,0,NA,NA,NA,NA
"4c95254f38c2a019009aee04f0a63846","NPP","temperate.deciduous.leaf_respiration_rate_m2",0,0,0,0,0,0,NA,NA,NA,NA
"4c95254f38c2a019009aee04f0a63846","NPP","temperate.deciduous.leaf_turnover_rate",0,0,0,0,0,0,NA,NA,NA,NA
"4c95254f38c2a019009aee04f0a63846","NPP","temperate.deciduous.psnTOpt",0,0,0,0,0,0,NA,NA,NA,NA
"4c95254f38c2a019009aee04f0a63846","NPP","temperate.deciduous.root_allocation_fraction",0,0,0,0,0,0,NA,NA,NA,NA
"4c95254f38c2a019009aee04f0a63846","NPP","temperate.deciduous.root_respiration_rate",0,0,0,0,0,0,NA,NA,NA,NA
"4c95254f38c2a019009aee04f0a63846","NPP","temperate.deciduous.root_turnover_rate",0,0,0,0,0,0,NA,NA,NA,NA
"4c95254f38c2a019009aee04f0a63846","NPP","temperate.deciduous.stem_respiration_rate",0,0,0,0,0,0,NA,NA,NA,NA
"4c95254f38c2a019009aee04f0a63846","NPP","temperate.deciduous.veg_respiration_Q10",0,0,0,0,0,0,NA,NA,NA,NA
"4c95254f38c2a019009aee04f0a63846","NPP","temperate.deciduous.wood_allocation_fraction",0,0,0,0,0,0,NA,NA,NA,NA
"4c95254f38c2a019009aee04f0a63846","NPP","temperate.deciduous.wood_turnover_rate",0,0,0,0,0,0,NA,NA,NA,NA
"4c95254f38c2a019009aee04f0a63846","NPP","temperate.deciduous.wueConst",0,0,0,0,0,0,NA,NA,NA,NA
"4c95254f38c2a019009aee04f0a63846","Qle","dummy",0,0,0,0,0,0,NA,NA,NA,NA
"4c95254f38c2a019009aee04f0a63846","Qle","grass.Amax",-5.01622948216007,0.003049523677298,-96.7499782305295,-0.114576745314991,188.469842715978,0.0588173548362098,NA,NA,NA,NA
"4c95254f38c2a019009aee04f0a63846","Qle","grass.AmaxFrac",-7.6169374182349,0.00703133826800599,-146.910848480599,-0.264181537580549,286.183676862807,0.135616168833673,NA,NA,NA,NA
"4c95254f38c2a019009aee04f0a63846","Qle","grass.GDD",0,0,0,0,0,0,NA,NA,NA,NA
"4c95254f38c2a019009aee04f0a63846","Qle","grass.SLA",-20.3132134672785,0.0500074238019476,-391.788886003078,-1.87887961109104,763.208334237827,0.9645127244298,NA,NA,NA,NA
"4c95254f38c2a019009aee04f0a63846","Qle","grass.Vm_low_temp",0,0,0,0,0,0,NA,NA,NA,NA
"4c95254f38c2a019009aee04f0a63846","Qle","grass.coarse_root_respiration_Q10",-0.164163346132969,3.26610098353662e-06,-3.16628260750468,-0.000122713990827345,6.16794748634311,6.29945659742438e-05,NA,NA,NA,NA
"4c95254f38c2a019009aee04f0a63846","Qle","grass.dVPDSlope",38.6658880351851,0.181189570289286,-1452.7552741321,-6.80765701322988,745.764092127888,3.49467404619988,NA,NA,NA,NA
"4c95254f38c2a019009aee04f0a63846","Qle","grass.dVpdExp",32.3396406184746,0.12674989136441,-1215.06541966069,-4.76224865203554,623.747286073768,2.44467468520758,NA,NA,NA,NA
"4c95254f38c2a019009aee04f0a63846","Qle","grass.extinction_coefficient",0,0,0,0,0,0,NA,NA,NA,NA
"4c95254f38c2a019009aee04f0a63846","Qle","grass.fine_root_respiration_Q10",0,0,0,0,0,0,NA,NA,NA,NA
"4c95254f38c2a019009aee04f0a63846","Qle","grass.fracLeafFall",3.1627081159595,0.00121225907254096,-118.829312592524,-0.0455470144548546,61.0003873341208,0.0233813144504694,NA,NA,NA,NA
"4c95254f38c2a019009aee04f0a63846","Qle","grass.growth_resp_factor",0,0,0,0,0,0,NA,NA,NA,NA
"4c95254f38c2a019009aee04f0a63846","Qle","grass.half_saturation_PAR",0,0,0,0,0,0,NA,NA,NA,NA
"4c95254f38c2a019009aee04f0a63846","Qle","grass.leafC",0,0,0,0,0,0,NA,NA,NA,NA
"4c95254f38c2a019009aee04f0a63846","Qle","grass.leafGrowth",26.6340184030164,0.0859707287110889,-1000.69370373969,-3.23009339504534,513.700720799905,1.65815103970859,NA,NA,NA,NA
"4c95254f38c2a019009aee04f0a63846","Qle","grass.leaf_respiration_rate_m2",-1.72906698380488,0.000362327129354396,-33.3491905897042,-0.0136133598600336,64.9645283657893,0.00698834493159447,NA,NA,NA,NA
"4c95254f38c2a019009aee04f0a63846","Qle","grass.leaf_turnover_rate",0,0,0,0,0,0,NA,NA,NA,NA
"4c95254f38c2a019009aee04f0a63846","Qle","grass.psnTOpt",0,0,0,0,0,0,NA,NA,NA,NA
"4c95254f38c2a019009aee04f0a63846","Qle","grass.root_respiration_rate",0,0,0,0,0,0,NA,NA,NA,NA
"4c95254f38c2a019009aee04f0a63846","Qle","grass.root_turnover_rate",0.0295691419544387,1.05963101497329e-07,-1.1109722059605,-3.9812470988267e-06,0.570311595703844,2.04375174612053e-06,NA,NA,NA,NA
"4c95254f38c2a019009aee04f0a63846","Qle","grass.stem_respiration_rate",0.0604213611747979,4.42443915116946e-07,-2.27015220850618,-1.66235088305459e-05,1.16537040402772,8.5335886860905e-06,NA,NA,NA,NA
"4c95254f38c2a019009aee04f0a63846","Qle","grass.veg_respiration_Q10",0,0,0,0,0,0,NA,NA,NA,NA
"4c95254f38c2a019009aee04f0a63846","Qle","ic_ensemble",0.0269240604551171,8.78533509150275e-08,-1.01159116768843,-3.30082730224234e-06,0.519294875199435,1.69446190983428e-06,NA,NA,NA,NA
"4c95254f38c2a019009aee04f0a63846","Qle","met_ensemble",-27.5596026947008,0.0920498577637986,-531.552826727168,-3.45849851496441,1035.46976940705,1.77540157730899,NA,NA,NA,NA
"4c95254f38c2a019009aee04f0a63846","Qle","temperate.deciduous.Amax",0,0,0,0,0,0,NA,NA,NA,NA
"4c95254f38c2a019009aee04f0a63846","Qle","temperate.deciduous.AmaxFrac",0,0,0,0,0,0,NA,NA,NA,NA
"4c95254f38c2a019009aee04f0a63846","Qle","temperate.deciduous.GDD",0,0,0,0,0,0,NA,NA,NA,NA
"4c95254f38c2a019009aee04f0a63846","Qle","temperate.deciduous.SLA",0,0,0,0,0,0,NA,NA,NA,NA
"4c95254f38c2a019009aee04f0a63846","Qle","temperate.deciduous.Vm_low_temp",0,0,0,0,0,0,NA,NA,NA,NA
"4c95254f38c2a019009aee04f0a63846","Qle","temperate.deciduous.coarse_root_respiration_Q10",0,0,0,0,0,0,NA,NA,NA,NA
"4c95254f38c2a019009aee04f0a63846","Qle","temperate.deciduous.dVPDSlope",0,0,0,0,0,0,NA,NA,NA,NA
"4c95254f38c2a019009aee04f0a63846","Qle","temperate.deciduous.dVpdExp",0,0,0,0,0,0,NA,NA,NA,NA
"4c95254f38c2a019009aee04f0a63846","Qle","temperate.deciduous.extinction_coefficient",0,0,0,0,0,0,NA,NA,NA,NA
"4c95254f38c2a019009aee04f0a63846","Qle","temperate.deciduous.fine_root_respiration_Q10",0,0,0,0,0,0,NA,NA,NA,NA
"4c95254f38c2a019009aee04f0a63846","Qle","temperate.deciduous.fracLeafFall",0,0,0,0,0,0,NA,NA,NA,NA
"4c95254f38c2a019009aee04f0a63846","Qle","temperate.deciduous.growth_resp_factor",0,0,0,0,0,0,NA,NA,NA,NA
"4c95254f38c2a019009aee04f0a63846","Qle","temperate.deciduous.half_saturation_PAR",0,0,0,0,0,0,NA,NA,NA,NA
"4c95254f38c2a019009aee04f0a63846","Qle","temperate.deciduous.leafC",0,0,0,0,0,0,NA,NA,NA,NA
"4c95254f38c2a019009aee04f0a63846","Qle","temperate.deciduous.leafGrowth",0,0,0,0,0,0,NA,NA,NA,NA
"4c95254f38c2a019009aee04f0a63846","Qle","temperate.deciduous.leafWHC",0,0,0,0,0,0,NA,NA,NA,NA
"4c95254f38c2a019009aee04f0a63846","Qle","temperate.deciduous.leaf_allocation_fraction",0,0,0,0,0,0,NA,NA,NA,NA
"4c95254f38c2a019009aee04f0a63846","Qle","temperate.deciduous.leaf_respiration_rate_m2",0,0,0,0,0,0,NA,NA,NA,NA
"4c95254f38c2a019009aee04f0a63846","Qle","temperate.deciduous.leaf_turnover_rate",0,0,0,0,0,0,NA,NA,NA,NA
"4c95254f38c2a019009aee04f0a63846","Qle","temperate.deciduous.psnTOpt",0,0,0,0,0,0,NA,NA,NA,NA
"4c95254f38c2a019009aee04f0a63846","Qle","temperate.deciduous.root_allocation_fraction",0,0,0,0,0,0,NA,NA,NA,NA
"4c95254f38c2a019009aee04f0a63846","Qle","temperate.deciduous.root_respiration_rate",0,0,0,0,0,0,NA,NA,NA,NA
"4c95254f38c2a019009aee04f0a63846","Qle","temperate.deciduous.root_turnover_rate",0,0,0,0,0,0,NA,NA,NA,NA
"4c95254f38c2a019009aee04f0a63846","Qle","temperate.deciduous.stem_respiration_rate",0,0,0,0,0,0,NA,NA,NA,NA
"4c95254f38c2a019009aee04f0a63846","Qle","temperate.deciduous.veg_respiration_Q10",0,0,0,0,0,0,NA,NA,NA,NA
"4c95254f38c2a019009aee04f0a63846","Qle","temperate.deciduous.wood_allocation_fraction",0,0,0,0,0,0,NA,NA,NA,NA
"4c95254f38c2a019009aee04f0a63846","Qle","temperate.deciduous.wood_turnover_rate",0,0,0,0,0,0,NA,NA,NA,NA
"4c95254f38c2a019009aee04f0a63846","Qle","temperate.deciduous.wueConst",0,0,0,0,0,0,NA,NA,NA,NA
"4c95254f38c2a019009aee04f0a63846","SoilMoistFrac","dummy",0,0,0,0,0,0,NA,NA,NA,NA
"4c95254f38c2a019009aee04f0a63846","SoilMoistFrac","grass.Amax",2.12943050446372,0.00904644516980753,1.05255888954582,0.004471578791752,2.64766111538255,0.0112480407594104,NA,NA,NA,NA
"4c95254f38c2a019009aee04f0a63846","SoilMoistFrac","grass.AmaxFrac",3.29076324390811,0.0216045034298718,1.62659551392048,0.0106789172464971,4.09162255474494,0.0268623012249119,NA,NA,NA,NA
"4c95254f38c2a019009aee04f0a63846","SoilMoistFrac","grass.GDD",0,0,0,0,0,0,NA,NA,NA,NA
"4c95254f38c2a019009aee04f0a63846","SoilMoistFrac","grass.SLA",9.6229756350313,0.184743762998796,4.75655276248888,0.0913172275990757,11.9648790367839,0.22970408124427,NA,NA,NA,NA
"4c95254f38c2a019009aee04f0a63846","SoilMoistFrac","grass.Vm_low_temp",0,0,0,0,0,0,NA,NA,NA,NA
"4c95254f38c2a019009aee04f0a63846","SoilMoistFrac","grass.coarse_root_respiration_Q10",0.0429025775192086,3.67212775794069e-06,0.0212063691478131,1.8151006605129e-06,0.0533435986801088,4.56579815825688e-06,NA,NA,NA,NA
"4c95254f38c2a019009aee04f0a63846","SoilMoistFrac","grass.dVPDSlope",-17.9038665985866,0.639506082625268,-22.2610558591638,0.316102268082877,-8.84972480016702,0.795140007841655,NA,NA,NA,NA
"4c95254f38c2a019009aee04f0a63846","SoilMoistFrac","grass.dVpdExp",-15.4301436976024,0.474997095692571,-19.1853133442341,0.234786913464251,-7.62698518774669,0.590595155628988,NA,NA,NA,NA
"4c95254f38c2a019009aee04f0a63846","SoilMoistFrac","grass.extinction_coefficient",0,0,0,0,0,0,NA,NA,NA,NA
"4c95254f38c2a019009aee04f0a63846","SoilMoistFrac","grass.fine_root_respiration_Q10",0,0,0,0,0,0,NA,NA,NA,NA
"4c95254f38c2a019009aee04f0a63846","SoilMoistFrac","grass.fracLeafFall",-0.54578635353924,0.000594287175438307,-0.678612099593362,0.000293750957422392,-0.269777424999929,0.000738916364013861,NA,NA,NA,NA
"4c95254f38c2a019009aee04f0a63846","SoilMoistFrac","grass.growth_resp_factor",0,0,0,0,0,0,NA,NA,NA,NA
"4c95254f38c2a019009aee04f0a63846","SoilMoistFrac","grass.half_saturation_PAR",0,0,0,0,0,0,NA,NA,NA,NA
"4c95254f38c2a019009aee04f0a63846","SoilMoistFrac","grass.leafC",0,0,0,0,0,0,NA,NA,NA,NA
"4c95254f38c2a019009aee04f0a63846","SoilMoistFrac","grass.leafGrowth",-11.1197743773845,0.246685125763083,-13.8259474395211,0.121934301916113,-5.4964073005085,0.306719854842437,NA,NA,NA,NA
"4c95254f38c2a019009aee04f0a63846","SoilMoistFrac","grass.leaf_respiration_rate_m2",0.242316027472378,0.000117142717369411,0.119774694811988,5.79026215010378e-05,0.301287467342898,0.000145651251392845,NA,NA,NA,NA
"4c95254f38c2a019009aee04f0a63846","SoilMoistFrac","grass.leaf_turnover_rate",0,0,0,0,0,0,NA,NA,NA,NA
"4c95254f38c2a019009aee04f0a63846","SoilMoistFrac","grass.psnTOpt",0,0,0,0,0,0,NA,NA,NA,NA
"4c95254f38c2a019009aee04f0a63846","SoilMoistFrac","grass.root_respiration_rate",0,0,0,0,0,0,NA,NA,NA,NA
"4c95254f38c2a019009aee04f0a63846","SoilMoistFrac","grass.root_turnover_rate",-0.00617847552807434,7.61576745861976e-08,-0.00768210532052318,3.76440730161455e-08,-0.0030539664606494,9.46918498712005e-08,NA,NA,NA,NA
"4c95254f38c2a019009aee04f0a63846","SoilMoistFrac","grass.stem_respiration_rate",-0.0109069006771467,2.37330595866859e-07,-0.0135612675556621,1.17310439536405e-07,-0.00539118569075597,2.95088752063079e-07,NA,NA,NA,NA
"4c95254f38c2a019009aee04f0a63846","SoilMoistFrac","grass.veg_respiration_Q10",0,0,0,0,0,0,NA,NA,NA,NA
"4c95254f38c2a019009aee04f0a63846","SoilMoistFrac","ic_ensemble",0.0146265951277705,4.26812856827859e-07,0.00722979815178312,2.10969865269094e-07,0.0181862085139965,5.30684519734096e-07,NA,NA,NA,NA
"4c95254f38c2a019009aee04f0a63846","SoilMoistFrac","met_ensemble",1.0481027185415,0.00219158696120044,0.51806801454449,0.00108328228293375,1.30317510103854,0.00272494432947514,NA,NA,NA,NA
"4c95254f38c2a019009aee04f0a63846","SoilMoistFrac","temperate.deciduous.Amax",0,0,0,0,0,0,NA,NA,NA,NA
"4c95254f38c2a019009aee04f0a63846","SoilMoistFrac","temperate.deciduous.AmaxFrac",0,0,0,0,0,0,NA,NA,NA,NA
"4c95254f38c2a019009aee04f0a63846","SoilMoistFrac","temperate.deciduous.GDD",0,0,0,0,0,0,NA,NA,NA,NA
"4c95254f38c2a019009aee04f0a63846","SoilMoistFrac","temperate.deciduous.SLA",0,0,0,0,0,0,NA,NA,NA,NA
"4c95254f38c2a019009aee04f0a63846","SoilMoistFrac","temperate.deciduous.Vm_low_temp",0,0,0,0,0,0,NA,NA,NA,NA
"4c95254f38c2a019009aee04f0a63846","SoilMoistFrac","temperate.deciduous.coarse_root_respiration_Q10",0,0,0,0,0,0,NA,NA,NA,NA
"4c95254f38c2a019009aee04f0a63846","SoilMoistFrac","temperate.deciduous.dVPDSlope",0,0,0,0,0,0,NA,NA,NA,NA
"4c95254f38c2a019009aee04f0a63846","SoilMoistFrac","temperate.deciduous.dVpdExp",0,0,0,0,0,0,NA,NA,NA,NA
"4c95254f38c2a019009aee04f0a63846","SoilMoistFrac","temperate.deciduous.extinction_coefficient",0,0,0,0,0,0,NA,NA,NA,NA
"4c95254f38c2a019009aee04f0a63846","SoilMoistFrac","temperate.deciduous.fine_root_respiration_Q10",0,0,0,0,0,0,NA,NA,NA,NA
"4c95254f38c2a019009aee04f0a63846","SoilMoistFrac","temperate.deciduous.fracLeafFall",0,0,0,0,0,0,NA,NA,NA,NA
"4c95254f38c2a019009aee04f0a63846","SoilMoistFrac","temperate.deciduous.growth_resp_factor",0,0,0,0,0,0,NA,NA,NA,NA
"4c95254f38c2a019009aee04f0a63846","SoilMoistFrac","temperate.deciduous.half_saturation_PAR",0,0,0,0,0,0,NA,NA,NA,NA
"4c95254f38c2a019009aee04f0a63846","SoilMoistFrac","temperate.deciduous.leafC",0,0,0,0,0,0,NA,NA,NA,NA
"4c95254f38c2a019009aee04f0a63846","SoilMoistFrac","temperate.deciduous.leafGrowth",0,0,0,0,0,0,NA,NA,NA,NA
"4c95254f38c2a019009aee04f0a63846","SoilMoistFrac","temperate.deciduous.leafWHC",0,0,0,0,0,0,NA,NA,NA,NA
"4c95254f38c2a019009aee04f0a63846","SoilMoistFrac","temperate.deciduous.leaf_allocation_fraction",0,0,0,0,0,0,NA,NA,NA,NA
"4c95254f38c2a019009aee04f0a63846","SoilMoistFrac","temperate.deciduous.leaf_respiration_rate_m2",0,0,0,0,0,0,NA,NA,NA,NA
"4c95254f38c2a019009aee04f0a63846","SoilMoistFrac","temperate.deciduous.leaf_turnover_rate",0,0,0,0,0,0,NA,NA,NA,NA
"4c95254f38c2a019009aee04f0a63846","SoilMoistFrac","temperate.deciduous.psnTOpt",0,0,0,0,0,0,NA,NA,NA,NA
"4c95254f38c2a019009aee04f0a63846","SoilMoistFrac","temperate.deciduous.root_allocation_fraction",0,0,0,0,0,0,NA,NA,NA,NA
"4c95254f38c2a019009aee04f0a63846","SoilMoistFrac","temperate.deciduous.root_respiration_rate",0,0,0,0,0,0,NA,NA,NA,NA
"4c95254f38c2a019009aee04f0a63846","SoilMoistFrac","temperate.deciduous.root_turnover_rate",0,0,0,0,0,0,NA,NA,NA,NA
"4c95254f38c2a019009aee04f0a63846","SoilMoistFrac","temperate.deciduous.stem_respiration_rate",0,0,0,0,0,0,NA,NA,NA,NA
"4c95254f38c2a019009aee04f0a63846","SoilMoistFrac","temperate.deciduous.veg_respiration_Q10",0,0,0,0,0,0,NA,NA,NA,NA
"4c95254f38c2a019009aee04f0a63846","SoilMoistFrac","temperate.deciduous.wood_allocation_fraction",0,0,0,0,0,0,NA,NA,NA,NA
"4c95254f38c2a019009aee04f0a63846","SoilMoistFrac","temperate.deciduous.wood_turnover_rate",0,0,0,0,0,0,NA,NA,NA,NA
"4c95254f38c2a019009aee04f0a63846","SoilMoistFrac","temperate.deciduous.wueConst",0,0,0,0,0,0,NA,NA,NA,NA
"4c95254f38c2a019009aee04f0a63846","TotSoilCarb","dummy",0,0,0,0,0,0,NA,NA,NA,NA
"4c95254f38c2a019009aee04f0a63846","TotSoilCarb","grass.Amax",-0.0181195151063526,5.25328554672967e-05,-0.6247964409,-0.00341805908877512,1.17894930215667,0.00181143595364612,NA,NA,NA,NA
"4c95254f38c2a019009aee04f0a63846","TotSoilCarb","grass.AmaxFrac",-0.0284572543118973,0.000129575786950354,-0.981261976796831,-0.00843087040160161,1.85157604468918,0.00446802742999532,NA,NA,NA,NA
"4c95254f38c2a019009aee04f0a63846","TotSoilCarb","grass.GDD",0,0,0,0,0,0,NA,NA,NA,NA
"4c95254f38c2a019009aee04f0a63846","TotSoilCarb","grass.SLA",-0.0834211283672178,0.00111349939355669,-2.876524222297,-0.0724500255818264,5.42780976733602,0.0383956443621726,NA,NA,NA,NA
"4c95254f38c2a019009aee04f0a63846","TotSoilCarb","grass.Vm_low_temp",0,0,0,0,0,0,NA,NA,NA,NA
"4c95254f38c2a019009aee04f0a63846","TotSoilCarb","grass.coarse_root_respiration_Q10",-0.00169327626930978,4.58768413633646e-07,-0.0583874888657625,-2.98498441007002e-05,0.110173305651061,1.58192352473686e-05,NA,NA,NA,NA
"4c95254f38c2a019009aee04f0a63846","TotSoilCarb","grass.dVPDSlope",0.14437230711347,0.00333507541132175,-9.39360847810433,-0.216997243344505,4.97824048378605,0.114999945357057,NA,NA,NA,NA
"4c95254f38c2a019009aee04f0a63846","TotSoilCarb","grass.dVpdExp",0.126521012698082,0.00256131612669329,-8.23211100038013,-0.166652465170495,4.36269281870081,0.0883192066997799,NA,NA,NA,NA
"4c95254f38c2a019009aee04f0a63846","TotSoilCarb","grass.extinction_coefficient",0,0,0,0,0,0,NA,NA,NA,NA
"4c95254f38c2a019009aee04f0a63846","TotSoilCarb","grass.fine_root_respiration_Q10",0,0,0,0,0,0,NA,NA,NA,NA
"4c95254f38c2a019009aee04f0a63846","TotSoilCarb","grass.fracLeafFall",0.00487256263927114,3.79885508539728e-06,-0.317034108780834,-0.000247173145949874,0.168015522336554,0.000130991978699195,NA,NA,NA,NA
"4c95254f38c2a019009aee04f0a63846","TotSoilCarb","grass.growth_resp_factor",0,0,0,0,0,0,NA,NA,NA,NA
"4c95254f38c2a019009aee04f0a63846","TotSoilCarb","grass.half_saturation_PAR",0,0,0,0,0,0,NA,NA,NA,NA
"4c95254f38c2a019009aee04f0a63846","TotSoilCarb","grass.leafC",0,0,0,0,0,0,NA,NA,NA,NA
"4c95254f38c2a019009aee04f0a63846","TotSoilCarb","grass.leafGrowth",0.4066323546101,0.0264570688586579,-26.4576026393678,-1.72143364129485,14.0214816138266,0.912291656951693,NA,NA,NA,NA
"4c95254f38c2a019009aee04f0a63846","TotSoilCarb","grass.leaf_respiration_rate_m2",-0.00886406964339641,1.25719945539579e-05,-0.305650517278032,-0.000817998943079312,0.576742184269957,0.000433507045095989,NA,NA,NA,NA
"4c95254f38c2a019009aee04f0a63846","TotSoilCarb","grass.leaf_turnover_rate",0,0,0,0,0,0,NA,NA,NA,NA
"4c95254f38c2a019009aee04f0a63846","TotSoilCarb","grass.psnTOpt",0,0,0,0,0,0,NA,NA,NA,NA
"4c95254f38c2a019009aee04f0a63846","TotSoilCarb","grass.root_respiration_rate",0,0,0,0,0,0,NA,NA,NA,NA
"4c95254f38c2a019009aee04f0a63846","TotSoilCarb","grass.root_turnover_rate",0.0255300556326037,0.000104289692618113,-1.66111736961033,-0.00678562641508832,0.880326421629096,0.0035961132727833,NA,NA,NA,NA
"4c95254f38c2a019009aee04f0a63846","TotSoilCarb","grass.stem_respiration_rate",0.000201671043654283,6.50766152832915e-09,-0.0131217604216167,-4.23422093387345e-07,0.00695401337001606,2.24396940956571e-07,NA,NA,NA,NA
"4c95254f38c2a019009aee04f0a63846","TotSoilCarb","grass.veg_respiration_Q10",0,0,0,0,0,0,NA,NA,NA,NA
"4c95254f38c2a019009aee04f0a63846","TotSoilCarb","ic_ensemble",-0.902444225957456,0.130310258470885,-31.1180479819403,-8.47865891478758,58.7176855552192,4.49335344944321,NA,NA,NA,NA
"4c95254f38c2a019009aee04f0a63846","TotSoilCarb","met_ensemble",-0.000526681009575131,4.43846892723069e-08,-0.0181609948357167,-2.88789728295108e-06,0.0342685885937464,1.53047119224881e-06,NA,NA,NA,NA
"4c95254f38c2a019009aee04f0a63846","TotSoilCarb","temperate.deciduous.Amax",0,0,0,0,0,0,NA,NA,NA,NA
"4c95254f38c2a019009aee04f0a63846","TotSoilCarb","temperate.deciduous.AmaxFrac",0,0,0,0,0,0,NA,NA,NA,NA
"4c95254f38c2a019009aee04f0a63846","TotSoilCarb","temperate.deciduous.GDD",0,0,0,0,0,0,NA,NA,NA,NA
"4c95254f38c2a019009aee04f0a63846","TotSoilCarb","temperate.deciduous.SLA",0,0,0,0,0,0,NA,NA,NA,NA
"4c95254f38c2a019009aee04f0a63846","TotSoilCarb","temperate.deciduous.Vm_low_temp",0,0,0,0,0,0,NA,NA,NA,NA
"4c95254f38c2a019009aee04f0a63846","TotSoilCarb","temperate.deciduous.coarse_root_respiration_Q10",0,0,0,0,0,0,NA,NA,NA,NA
"4c95254f38c2a019009aee04f0a63846","TotSoilCarb","temperate.deciduous.dVPDSlope",0,0,0,0,0,0,NA,NA,NA,NA
"4c95254f38c2a019009aee04f0a63846","TotSoilCarb","temperate.deciduous.dVpdExp",0,0,0,0,0,0,NA,NA,NA,NA
"4c95254f38c2a019009aee04f0a63846","TotSoilCarb","temperate.deciduous.extinction_coefficient",0,0,0,0,0,0,NA,NA,NA,NA
"4c95254f38c2a019009aee04f0a63846","TotSoilCarb","temperate.deciduous.fine_root_respiration_Q10",0,0,0,0,0,0,NA,NA,NA,NA
"4c95254f38c2a019009aee04f0a63846","TotSoilCarb","temperate.deciduous.fracLeafFall",0,0,0,0,0,0,NA,NA,NA,NA
"4c95254f38c2a019009aee04f0a63846","TotSoilCarb","temperate.deciduous.growth_resp_factor",0,0,0,0,0,0,NA,NA,NA,NA
"4c95254f38c2a019009aee04f0a63846","TotSoilCarb","temperate.deciduous.half_saturation_PAR",0,0,0,0,0,0,NA,NA,NA,NA
"4c95254f38c2a019009aee04f0a63846","TotSoilCarb","temperate.deciduous.leafC",0,0,0,0,0,0,NA,NA,NA,NA
"4c95254f38c2a019009aee04f0a63846","TotSoilCarb","temperate.deciduous.leafGrowth",0,0,0,0,0,0,NA,NA,NA,NA
"4c95254f38c2a019009aee04f0a63846","TotSoilCarb","temperate.deciduous.leafWHC",0,0,0,0,0,0,NA,NA,NA,NA
"4c95254f38c2a019009aee04f0a63846","TotSoilCarb","temperate.deciduous.leaf_allocation_fraction",0,0,0,0,0,0,NA,NA,NA,NA
"4c95254f38c2a019009aee04f0a63846","TotSoilCarb","temperate.deciduous.leaf_respiration_rate_m2",0,0,0,0,0,0,NA,NA,NA,NA
"4c95254f38c2a019009aee04f0a63846","TotSoilCarb","temperate.deciduous.leaf_turnover_rate",0,0,0,0,0,0,NA,NA,NA,NA
"4c95254f38c2a019009aee04f0a63846","TotSoilCarb","temperate.deciduous.psnTOpt",0,0,0,0,0,0,NA,NA,NA,NA
"4c95254f38c2a019009aee04f0a63846","TotSoilCarb","temperate.deciduous.root_allocation_fraction",0,0,0,0,0,0,NA,NA,NA,NA
"4c95254f38c2a019009aee04f0a63846","TotSoilCarb","temperate.deciduous.root_respiration_rate",0,0,0,0,0,0,NA,NA,NA,NA
"4c95254f38c2a019009aee04f0a63846","TotSoilCarb","temperate.deciduous.root_turnover_rate",0,0,0,0,0,0,NA,NA,NA,NA
"4c95254f38c2a019009aee04f0a63846","TotSoilCarb","temperate.deciduous.stem_respiration_rate",0,0,0,0,0,0,NA,NA,NA,NA
"4c95254f38c2a019009aee04f0a63846","TotSoilCarb","temperate.deciduous.veg_respiration_Q10",0,0,0,0,0,0,NA,NA,NA,NA
"4c95254f38c2a019009aee04f0a63846","TotSoilCarb","temperate.deciduous.wood_allocation_fraction",0,0,0,0,0,0,NA,NA,NA,NA
"4c95254f38c2a019009aee04f0a63846","TotSoilCarb","temperate.deciduous.wood_turnover_rate",0,0,0,0,0,0,NA,NA,NA,NA
"4c95254f38c2a019009aee04f0a63846","TotSoilCarb","temperate.deciduous.wueConst",0,0,0,0,0,0,NA,NA,NA,NA
"7e6fa2fdadae385ed171e2b09c2fd718","AbvGrndWood","dummy",0,0,0,0,0,0,NA,NA,NA,NA
"7e6fa2fdadae385ed171e2b09c2fd718","AbvGrndWood","grass.Amax",-0.0337644050570531,0.000406635798315565,-0.128664735062785,-0.00188934233929457,0.156878760550926,0.00154955158158154,NA,NA,NA,NA
"7e6fa2fdadae385ed171e2b09c2fd718","AbvGrndWood","grass.AmaxFrac",-0.0517571569556889,0.000955494585843584,-0.197229030870059,-0.00443949200606304,0.240478060227277,0.00364106690266735,NA,NA,NA,NA
"7e6fa2fdadae385ed171e2b09c2fd718","AbvGrndWood","grass.GDD",0,0,0,0,0,0,NA,NA,NA,NA
"7e6fa2fdadae385ed171e2b09c2fd718","AbvGrndWood","grass.SLA",-0.0810976006220244,0.00234586716426386,-0.309035544403311,-0.010899547393919,0.376801873089115,0.00893930684318237,NA,NA,NA,NA
"7e6fa2fdadae385ed171e2b09c2fd718","AbvGrndWood","grass.Vm_low_temp",0,0,0,0,0,0,NA,NA,NA,NA
"7e6fa2fdadae385ed171e2b09c2fd718","AbvGrndWood","grass.coarse_root_respiration_Q10",0.0030286155881698,3.27171686371322e-06,-0.0140717853270168,-1.52013010620389e-05,0.0115410303128528,1.24674071039843e-05,NA,NA,NA,NA
"7e6fa2fdadae385ed171e2b09c2fd718","AbvGrndWood","grass.dVPDSlope",0.208410011619108,0.0154926090409618,-0.968330531930401,-0.0719829447591124,0.794180110210562,0.0590370964427895,NA,NA,NA,NA
"7e6fa2fdadae385ed171e2b09c2fd718","AbvGrndWood","grass.dVpdExp",0.144204158978824,0.0074172510361869,-0.670012389931358,-0.0344625989199535,0.549513307834409,0.0282646366151742,NA,NA,NA,NA
"7e6fa2fdadae385ed171e2b09c2fd718","AbvGrndWood","grass.extinction_coefficient",0,0,0,0,0,0,NA,NA,NA,NA
"7e6fa2fdadae385ed171e2b09c2fd718","AbvGrndWood","grass.fine_root_respiration_Q10",0,0,0,0,0,0,NA,NA,NA,NA
"7e6fa2fdadae385ed171e2b09c2fd718","AbvGrndWood","grass.fracLeafFall",0.122155016872907,0.00532243077945132,-0.567565979904507,-0.0247294848639426,0.465491480035997,0.0202819846809374,NA,NA,NA,NA
"7e6fa2fdadae385ed171e2b09c2fd718","AbvGrndWood","grass.growth_resp_factor",0,0,0,0,0,0,NA,NA,NA,NA
"7e6fa2fdadae385ed171e2b09c2fd718","AbvGrndWood","grass.half_saturation_PAR",0,0,0,0,0,0,NA,NA,NA,NA
"7e6fa2fdadae385ed171e2b09c2fd718","AbvGrndWood","grass.leafC",0,0,0,0,0,0,NA,NA,NA,NA
"7e6fa2fdadae385ed171e2b09c2fd718","AbvGrndWood","grass.leafGrowth",0.09486214415554,0.00320976531222446,-0.440755747752045,-0.0149134570264238,0.361487567295685,0.0122313306813268,NA,NA,NA,NA
"7e6fa2fdadae385ed171e2b09c2fd718","AbvGrndWood","grass.leaf_respiration_rate_m2",-0.0826773018940927,0.00243814761844899,-0.31505525200087,-0.0113283078963232,0.384141601930302,0.00929095646263043,NA,NA,NA,NA
"7e6fa2fdadae385ed171e2b09c2fd718","AbvGrndWood","grass.leaf_turnover_rate",0,0,0,0,0,0,NA,NA,NA,NA
"7e6fa2fdadae385ed171e2b09c2fd718","AbvGrndWood","grass.psnTOpt",0,0,0,0,0,0,NA,NA,NA,NA
"7e6fa2fdadae385ed171e2b09c2fd718","AbvGrndWood","grass.root_respiration_rate",0,0,0,0,0,0,NA,NA,NA,NA
"7e6fa2fdadae385ed171e2b09c2fd718","AbvGrndWood","grass.root_turnover_rate",-0.00054822244723308,1.0720154236519e-07,-0.00208909044330936,-4.98088003238353e-07,0.00254719305383275,4.08508843068087e-07,NA,NA,NA,NA
"7e6fa2fdadae385ed171e2b09c2fd718","AbvGrndWood","grass.stem_respiration_rate",0.00919611811954131,3.01645247826523e-05,-0.0427277071826322,-0.000140152721557333,0.0350432978000806,0.000114946808122243,NA,NA,NA,NA
"7e6fa2fdadae385ed171e2b09c2fd718","AbvGrndWood","grass.veg_respiration_Q10",0,0,0,0,0,0,NA,NA,NA,NA
"7e6fa2fdadae385ed171e2b09c2fd718","AbvGrndWood","ic_ensemble",-0.972547191269156,0.33737179651583,-3.70604861804199,-1.56752263790257,4.51872312530851,1.2856098824492,NA,NA,NA,NA
"7e6fa2fdadae385ed171e2b09c2fd718","AbvGrndWood","met_ensemble",0.0468262892585121,0.000782108296768659,-0.217567885696833,-0.00363389137188522,0.178439160744556,0.00298035036080474,NA,NA,NA,NA
"7e6fa2fdadae385ed171e2b09c2fd718","AbvGrndWood","temperate.deciduous.Amax",0,0,0,0,0,0,NA,NA,NA,NA
"7e6fa2fdadae385ed171e2b09c2fd718","AbvGrndWood","temperate.deciduous.AmaxFrac",0,0,0,0,0,0,NA,NA,NA,NA
"7e6fa2fdadae385ed171e2b09c2fd718","AbvGrndWood","temperate.deciduous.GDD",0,0,0,0,0,0,NA,NA,NA,NA
"7e6fa2fdadae385ed171e2b09c2fd718","AbvGrndWood","temperate.deciduous.SLA",0,0,0,0,0,0,NA,NA,NA,NA
"7e6fa2fdadae385ed171e2b09c2fd718","AbvGrndWood","temperate.deciduous.Vm_low_temp",0,0,0,0,0,0,NA,NA,NA,NA
"7e6fa2fdadae385ed171e2b09c2fd718","AbvGrndWood","temperate.deciduous.coarse_root_respiration_Q10",0,0,0,0,0,0,NA,NA,NA,NA
"7e6fa2fdadae385ed171e2b09c2fd718","AbvGrndWood","temperate.deciduous.dVPDSlope",0,0,0,0,0,0,NA,NA,NA,NA
"7e6fa2fdadae385ed171e2b09c2fd718","AbvGrndWood","temperate.deciduous.dVpdExp",0,0,0,0,0,0,NA,NA,NA,NA
"7e6fa2fdadae385ed171e2b09c2fd718","AbvGrndWood","temperate.deciduous.extinction_coefficient",0,0,0,0,0,0,NA,NA,NA,NA
"7e6fa2fdadae385ed171e2b09c2fd718","AbvGrndWood","temperate.deciduous.fine_root_respiration_Q10",0,0,0,0,0,0,NA,NA,NA,NA
"7e6fa2fdadae385ed171e2b09c2fd718","AbvGrndWood","temperate.deciduous.fracLeafFall",0,0,0,0,0,0,NA,NA,NA,NA
"7e6fa2fdadae385ed171e2b09c2fd718","AbvGrndWood","temperate.deciduous.growth_resp_factor",0,0,0,0,0,0,NA,NA,NA,NA
"7e6fa2fdadae385ed171e2b09c2fd718","AbvGrndWood","temperate.deciduous.half_saturation_PAR",0,0,0,0,0,0,NA,NA,NA,NA
"7e6fa2fdadae385ed171e2b09c2fd718","AbvGrndWood","temperate.deciduous.leafC",0,0,0,0,0,0,NA,NA,NA,NA
"7e6fa2fdadae385ed171e2b09c2fd718","AbvGrndWood","temperate.deciduous.leafGrowth",0,0,0,0,0,0,NA,NA,NA,NA
"7e6fa2fdadae385ed171e2b09c2fd718","AbvGrndWood","temperate.deciduous.leafWHC",0,0,0,0,0,0,NA,NA,NA,NA
"7e6fa2fdadae385ed171e2b09c2fd718","AbvGrndWood","temperate.deciduous.leaf_allocation_fraction",0,0,0,0,0,0,NA,NA,NA,NA
"7e6fa2fdadae385ed171e2b09c2fd718","AbvGrndWood","temperate.deciduous.leaf_respiration_rate_m2",0,0,0,0,0,0,NA,NA,NA,NA
"7e6fa2fdadae385ed171e2b09c2fd718","AbvGrndWood","temperate.deciduous.leaf_turnover_rate",0,0,0,0,0,0,NA,NA,NA,NA
"7e6fa2fdadae385ed171e2b09c2fd718","AbvGrndWood","temperate.deciduous.psnTOpt",0,0,0,0,0,0,NA,NA,NA,NA
"7e6fa2fdadae385ed171e2b09c2fd718","AbvGrndWood","temperate.deciduous.root_allocation_fraction",0,0,0,0,0,0,NA,NA,NA,NA
"7e6fa2fdadae385ed171e2b09c2fd718","AbvGrndWood","temperate.deciduous.root_respiration_rate",0,0,0,0,0,0,NA,NA,NA,NA
"7e6fa2fdadae385ed171e2b09c2fd718","AbvGrndWood","temperate.deciduous.root_turnover_rate",0,0,0,0,0,0,NA,NA,NA,NA
"7e6fa2fdadae385ed171e2b09c2fd718","AbvGrndWood","temperate.deciduous.stem_respiration_rate",0,0,0,0,0,0,NA,NA,NA,NA
"7e6fa2fdadae385ed171e2b09c2fd718","AbvGrndWood","temperate.deciduous.veg_respiration_Q10",0,0,0,0,0,0,NA,NA,NA,NA
"7e6fa2fdadae385ed171e2b09c2fd718","AbvGrndWood","temperate.deciduous.wood_allocation_fraction",0,0,0,0,0,0,NA,NA,NA,NA
"7e6fa2fdadae385ed171e2b09c2fd718","AbvGrndWood","temperate.deciduous.wood_turnover_rate",0,0,0,0,0,0,NA,NA,NA,NA
"7e6fa2fdadae385ed171e2b09c2fd718","AbvGrndWood","temperate.deciduous.wueConst",0,0,0,0,0,0,NA,NA,NA,NA
"7e6fa2fdadae385ed171e2b09c2fd718","NPP","dummy",0,0,0,0,0,0,NA,NA,NA,NA
"7e6fa2fdadae385ed171e2b09c2fd718","NPP","grass.Amax",0.0252140940755268,4.92403876161657e-05,0.0250275277474644,4.88760438375471e-05,0.0253064080730034,4.94206668284398e-05,NA,NA,NA,NA
"7e6fa2fdadae385ed171e2b09c2fd718","NPP","grass.AmaxFrac",0.0388299303040635,0.000116779859201068,0.0385426164908426,0.000115915771462776,0.0389720946855149,0.000117207414345238,NA,NA,NA,NA
"7e6fa2fdadae385ed171e2b09c2fd718","NPP","grass.GDD",0,0,0,0,0,0,NA,NA,NA,NA
"7e6fa2fdadae385ed171e2b09c2fd718","NPP","grass.SLA",-1.08665757205206,0.091457672833666,-1.09063604948867,0.0907809512293678,-1.07861708039403,0.0917925182321914,NA,NA,NA,NA
"7e6fa2fdadae385ed171e2b09c2fd718","NPP","grass.Vm_low_temp",0,0,0,0,0,0,NA,NA,NA,NA
"7e6fa2fdadae385ed171e2b09c2fd718","NPP","grass.coarse_root_respiration_Q10",0.0319543838641568,7.90852735705646e-05,0.0317179441949314,7.85000989039801e-05,0.0320713754523758,7.93748210642384e-05,NA,NA,NA,NA
"7e6fa2fdadae385ed171e2b09c2fd718","NPP","grass.dVPDSlope",-0.206691888079346,0.00330888436440851,-0.207448629700814,0.00328440097809283,-0.205162515400567,0.00332099887234804,NA,NA,NA,NA
"7e6fa2fdadae385ed171e2b09c2fd718","NPP","grass.dVpdExp",-0.180390105099801,0.00252034589796207,-0.181050550470437,0.00250169713436891,-0.179055346871864,0.00252957340398182,NA,NA,NA,NA
"7e6fa2fdadae385ed171e2b09c2fd718","NPP","grass.extinction_coefficient",0,0,0,0,0,0,NA,NA,NA,NA
"7e6fa2fdadae385ed171e2b09c2fd718","NPP","grass.fine_root_respiration_Q10",0,0,0,0,0,0,NA,NA,NA,NA
"7e6fa2fdadae385ed171e2b09c2fd718","NPP","grass.fracLeafFall",-0.0281164763841762,6.12289076294828e-05,-0.0282194166017467,6.07758573460385e-05,-0.0279084344953287,6.14530792855204e-05,NA,NA,NA,NA
"7e6fa2fdadae385ed171e2b09c2fd718","NPP","grass.growth_resp_factor",0,0,0,0,0,0,NA,NA,NA,NA
"7e6fa2fdadae385ed171e2b09c2fd718","NPP","grass.half_saturation_PAR",0,0,0,0,0,0,NA,NA,NA,NA
"7e6fa2fdadae385ed171e2b09c2fd718","NPP","grass.leafC",0,0,0,0,0,0,NA,NA,NA,NA
"7e6fa2fdadae385ed171e2b09c2fd718","NPP","grass.leafGrowth",4.60435056582866,1.64199371424794,4.57028165279907,1.62984413088193,4.62120804265261,1.64800539180968,NA,NA,NA,NA
"7e6fa2fdadae385ed171e2b09c2fd718","NPP","grass.leaf_respiration_rate_m2",2.4154555462056,0.451890096551556,2.39758289646836,0.44854643186351,2.42429902701951,0.453544559373332,NA,NA,NA,NA
"7e6fa2fdadae385ed171e2b09c2fd718","NPP","grass.leaf_turnover_rate",0,0,0,0,0,0,NA,NA,NA,NA
"7e6fa2fdadae385ed171e2b09c2fd718","NPP","grass.psnTOpt",0,0,0,0,0,0,NA,NA,NA,NA
"7e6fa2fdadae385ed171e2b09c2fd718","NPP","grass.root_respiration_rate",0,0,0,0,0,0,NA,NA,NA,NA
"7e6fa2fdadae385ed171e2b09c2fd718","NPP","grass.root_turnover_rate",-0.00238671632565615,4.41200842229323e-07,-0.0023954545862577,4.37936270405872e-07,-0.0023690563256708,4.42816169486935e-07,NA,NA,NA,NA
"7e6fa2fdadae385ed171e2b09c2fd718","NPP","grass.stem_respiration_rate",-0.0026036905370796,5.25065465132482e-07,-0.00261322318500856,5.21180354863251e-07,-0.00258442508255012,5.26987838067161e-07,NA,NA,NA,NA
"7e6fa2fdadae385ed171e2b09c2fd718","NPP","grass.veg_respiration_Q10",0,0,0,0,0,0,NA,NA,NA,NA
"7e6fa2fdadae385ed171e2b09c2fd718","NPP","ic_ensemble",-0.0112150306683728,9.74172030355029e-06,-0.0112560912081533,9.66963851545983e-06,-0.0111320474334947,9.77738675029334e-06,NA,NA,NA,NA
"7e6fa2fdadae385ed171e2b09c2fd718","NPP","met_ensemble",-0.0178313351933321,2.46264864068906e-05,-0.0178966193882395,2.44442679568344e-05,-0.0176993960198878,2.47166490515295e-05,NA,NA,NA,NA
"7e6fa2fdadae385ed171e2b09c2fd718","NPP","temperate.deciduous.Amax",0,0,0,0,0,0,NA,NA,NA,NA
"7e6fa2fdadae385ed171e2b09c2fd718","NPP","temperate.deciduous.AmaxFrac",0,0,0,0,0,0,NA,NA,NA,NA
"7e6fa2fdadae385ed171e2b09c2fd718","NPP","temperate.deciduous.GDD",0,0,0,0,0,0,NA,NA,NA,NA
"7e6fa2fdadae385ed171e2b09c2fd718","NPP","temperate.deciduous.SLA",0,0,0,0,0,0,NA,NA,NA,NA
"7e6fa2fdadae385ed171e2b09c2fd718","NPP","temperate.deciduous.Vm_low_temp",0,0,0,0,0,0,NA,NA,NA,NA
"7e6fa2fdadae385ed171e2b09c2fd718","NPP","temperate.deciduous.coarse_root_respiration_Q10",0,0,0,0,0,0,NA,NA,NA,NA
"7e6fa2fdadae385ed171e2b09c2fd718","NPP","temperate.deciduous.dVPDSlope",0,0,0,0,0,0,NA,NA,NA,NA
"7e6fa2fdadae385ed171e2b09c2fd718","NPP","temperate.deciduous.dVpdExp",0,0,0,0,0,0,NA,NA,NA,NA
"7e6fa2fdadae385ed171e2b09c2fd718","NPP","temperate.deciduous.extinction_coefficient",0,0,0,0,0,0,NA,NA,NA,NA
"7e6fa2fdadae385ed171e2b09c2fd718","NPP","temperate.deciduous.fine_root_respiration_Q10",0,0,0,0,0,0,NA,NA,NA,NA
"7e6fa2fdadae385ed171e2b09c2fd718","NPP","temperate.deciduous.fracLeafFall",0,0,0,0,0,0,NA,NA,NA,NA
"7e6fa2fdadae385ed171e2b09c2fd718","NPP","temperate.deciduous.growth_resp_factor",0,0,0,0,0,0,NA,NA,NA,NA
"7e6fa2fdadae385ed171e2b09c2fd718","NPP","temperate.deciduous.half_saturation_PAR",0,0,0,0,0,0,NA,NA,NA,NA
"7e6fa2fdadae385ed171e2b09c2fd718","NPP","temperate.deciduous.leafC",0,0,0,0,0,0,NA,NA,NA,NA
"7e6fa2fdadae385ed171e2b09c2fd718","NPP","temperate.deciduous.leafGrowth",0,0,0,0,0,0,NA,NA,NA,NA
"7e6fa2fdadae385ed171e2b09c2fd718","NPP","temperate.deciduous.leafWHC",0,0,0,0,0,0,NA,NA,NA,NA
"7e6fa2fdadae385ed171e2b09c2fd718","NPP","temperate.deciduous.leaf_allocation_fraction",0,0,0,0,0,0,NA,NA,NA,NA
"7e6fa2fdadae385ed171e2b09c2fd718","NPP","temperate.deciduous.leaf_respiration_rate_m2",0,0,0,0,0,0,NA,NA,NA,NA
"7e6fa2fdadae385ed171e2b09c2fd718","NPP","temperate.deciduous.leaf_turnover_rate",0,0,0,0,0,0,NA,NA,NA,NA
"7e6fa2fdadae385ed171e2b09c2fd718","NPP","temperate.deciduous.psnTOpt",0,0,0,0,0,0,NA,NA,NA,NA
"7e6fa2fdadae385ed171e2b09c2fd718","NPP","temperate.deciduous.root_allocation_fraction",0,0,0,0,0,0,NA,NA,NA,NA
"7e6fa2fdadae385ed171e2b09c2fd718","NPP","temperate.deciduous.root_respiration_rate",0,0,0,0,0,0,NA,NA,NA,NA
"7e6fa2fdadae385ed171e2b09c2fd718","NPP","temperate.deciduous.root_turnover_rate",0,0,0,0,0,0,NA,NA,NA,NA
"7e6fa2fdadae385ed171e2b09c2fd718","NPP","temperate.deciduous.stem_respiration_rate",0,0,0,0,0,0,NA,NA,NA,NA
"7e6fa2fdadae385ed171e2b09c2fd718","NPP","temperate.deciduous.veg_respiration_Q10",0,0,0,0,0,0,NA,NA,NA,NA
"7e6fa2fdadae385ed171e2b09c2fd718","NPP","temperate.deciduous.wood_allocation_fraction",0,0,0,0,0,0,NA,NA,NA,NA
"7e6fa2fdadae385ed171e2b09c2fd718","NPP","temperate.deciduous.wood_turnover_rate",0,0,0,0,0,0,NA,NA,NA,NA
"7e6fa2fdadae385ed171e2b09c2fd718","NPP","temperate.deciduous.wueConst",0,0,0,0,0,0,NA,NA,NA,NA
"7e6fa2fdadae385ed171e2b09c2fd718","Qle","dummy",0,0,0,0,0,0,NA,NA,NA,NA
"7e6fa2fdadae385ed171e2b09c2fd718","Qle","grass.Amax",-1.83438563155703,0.000120061526998219,-6.69875824378384,-0.000511429593008348,7.81398604884884,0.000438437332862194,NA,NA,NA,NA
"7e6fa2fdadae385ed171e2b09c2fd718","Qle","grass.AmaxFrac",-2.85461923201204,0.000290749487187523,-10.4244188268491,-0.00123851408204983,12.1599049131149,0.00106175086125166,NA,NA,NA,NA
"7e6fa2fdadae385ed171e2b09c2fd718","Qle","grass.GDD",0,0,0,0,0,0,NA,NA,NA,NA
"7e6fa2fdadae385ed171e2b09c2fd718","Qle","grass.SLA",-8.79519560037729,0.00276002863220792,-32.1180497819915,-0.0117569745725658,37.4651515668002,0.0100789955149119,NA,NA,NA,NA
"7e6fa2fdadae385ed171e2b09c2fd718","Qle","grass.Vm_low_temp",0,0,0,0,0,0,NA,NA,NA,NA
"7e6fa2fdadae385ed171e2b09c2fd718","Qle","grass.coarse_root_respiration_Q10",-0.204965575414834,1.49894064112947e-06,-0.748487566835442,-6.38508122629397e-06,0.873097847711742,5.47378959144256e-06,NA,NA,NA,NA
"7e6fa2fdadae385ed171e2b09c2fd718","Qle","grass.dVPDSlope",16.4632499739437,0.00967060684520351,-70.1289867310582,-0.0411941664131885,60.1200366952397,0.0353148521293818,NA,NA,NA,NA
"7e6fa2fdadae385ed171e2b09c2fd718","Qle","grass.dVpdExp",14.3311498743513,0.00732798646263988,-61.0468176678264,-0.0312152379522391,52.3340930675664,0.0267601364088743,NA,NA,NA,NA
"7e6fa2fdadae385ed171e2b09c2fd718","Qle","grass.extinction_coefficient",0,0,0,0,0,0,NA,NA,NA,NA
"7e6fa2fdadae385ed171e2b09c2fd718","Qle","grass.fine_root_respiration_Q10",0,0,0,0,0,0,NA,NA,NA,NA
"7e6fa2fdadae385ed171e2b09c2fd718","Qle","grass.fracLeafFall",9.04387054794801,0.00291830888441114,-38.5244395036374,-0.0124312055855259,33.0261540139505,0.0106569989216299,NA,NA,NA,NA
"7e6fa2fdadae385ed171e2b09c2fd718","Qle","grass.growth_resp_factor",0,0,0,0,0,0,NA,NA,NA,NA
"7e6fa2fdadae385ed171e2b09c2fd718","Qle","grass.half_saturation_PAR",0,0,0,0,0,0,NA,NA,NA,NA
"7e6fa2fdadae385ed171e2b09c2fd718","Qle","grass.leafC",0,0,0,0,0,0,NA,NA,NA,NA
"7e6fa2fdadae385ed171e2b09c2fd718","Qle","grass.leafGrowth",13.3025338985623,0.00631380742139058,-56.6651921545389,-0.0268951098706479,48.5778219602444,0.0230565856961079,NA,NA,NA,NA
"7e6fa2fdadae385ed171e2b09c2fd718","Qle","grass.leaf_respiration_rate_m2",-0.378037440703294,5.09908452788633e-06,-1.38050657332103,-2.17207192846277e-05,1.61033712692719,1.86206945417121e-05,NA,NA,NA,NA
"7e6fa2fdadae385ed171e2b09c2fd718","Qle","grass.leaf_turnover_rate",0,0,0,0,0,0,NA,NA,NA,NA
"7e6fa2fdadae385ed171e2b09c2fd718","Qle","grass.psnTOpt",0,0,0,0,0,0,NA,NA,NA,NA
"7e6fa2fdadae385ed171e2b09c2fd718","Qle","grass.root_respiration_rate",0,0,0,0,0,0,NA,NA,NA,NA
"7e6fa2fdadae385ed171e2b09c2fd718","Qle","grass.root_turnover_rate",0.0384012531324067,5.26154605473097e-08,-0.163578939494985,-2.2412761395294e-07,0.140232624245967,1.92139670104484e-07,NA,NA,NA,NA
"7e6fa2fdadae385ed171e2b09c2fd718","Qle","grass.stem_respiration_rate",0.0063224033136704,1.42622148916233e-09,-0.0269317260440394,-6.07531733086210e-09,0.0230879759355873,5.208235822191e-09,NA,NA,NA,NA
"7e6fa2fdadae385ed171e2b09c2fd718","Qle","grass.veg_respiration_Q10",0,0,0,0,0,0,NA,NA,NA,NA
"7e6fa2fdadae385ed171e2b09c2fd718","Qle","ic_ensemble",-3.97658357805911,0.000564212640855809,-14.5215769069279,-0.00240339306435217,16.9391692054742,0.00206037597229315,NA,NA,NA,NA
"7e6fa2fdadae385ed171e2b09c2fd718","Qle","met_ensemble",55.0515663769815,0.108133919121181,-234.504765103223,-0.460621213383062,201.035773371163,0.394880427367293,NA,NA,NA,NA
"7e6fa2fdadae385ed171e2b09c2fd718","Qle","temperate.deciduous.Amax",0,0,0,0,0,0,NA,NA,NA,NA
"7e6fa2fdadae385ed171e2b09c2fd718","Qle","temperate.deciduous.AmaxFrac",0,0,0,0,0,0,NA,NA,NA,NA
"7e6fa2fdadae385ed171e2b09c2fd718","Qle","temperate.deciduous.GDD",0,0,0,0,0,0,NA,NA,NA,NA
"7e6fa2fdadae385ed171e2b09c2fd718","Qle","temperate.deciduous.SLA",0,0,0,0,0,0,NA,NA,NA,NA
"7e6fa2fdadae385ed171e2b09c2fd718","Qle","temperate.deciduous.Vm_low_temp",0,0,0,0,0,0,NA,NA,NA,NA
"7e6fa2fdadae385ed171e2b09c2fd718","Qle","temperate.deciduous.coarse_root_respiration_Q10",0,0,0,0,0,0,NA,NA,NA,NA
"7e6fa2fdadae385ed171e2b09c2fd718","Qle","temperate.deciduous.dVPDSlope",0,0,0,0,0,0,NA,NA,NA,NA
"7e6fa2fdadae385ed171e2b09c2fd718","Qle","temperate.deciduous.dVpdExp",0,0,0,0,0,0,NA,NA,NA,NA
"7e6fa2fdadae385ed171e2b09c2fd718","Qle","temperate.deciduous.extinction_coefficient",0,0,0,0,0,0,NA,NA,NA,NA
"7e6fa2fdadae385ed171e2b09c2fd718","Qle","temperate.deciduous.fine_root_respiration_Q10",0,0,0,0,0,0,NA,NA,NA,NA
"7e6fa2fdadae385ed171e2b09c2fd718","Qle","temperate.deciduous.fracLeafFall",0,0,0,0,0,0,NA,NA,NA,NA
"7e6fa2fdadae385ed171e2b09c2fd718","Qle","temperate.deciduous.growth_resp_factor",0,0,0,0,0,0,NA,NA,NA,NA
"7e6fa2fdadae385ed171e2b09c2fd718","Qle","temperate.deciduous.half_saturation_PAR",0,0,0,0,0,0,NA,NA,NA,NA
"7e6fa2fdadae385ed171e2b09c2fd718","Qle","temperate.deciduous.leafC",0,0,0,0,0,0,NA,NA,NA,NA
"7e6fa2fdadae385ed171e2b09c2fd718","Qle","temperate.deciduous.leafGrowth",0,0,0,0,0,0,NA,NA,NA,NA
"7e6fa2fdadae385ed171e2b09c2fd718","Qle","temperate.deciduous.leafWHC",0,0,0,0,0,0,NA,NA,NA,NA
"7e6fa2fdadae385ed171e2b09c2fd718","Qle","temperate.deciduous.leaf_allocation_fraction",0,0,0,0,0,0,NA,NA,NA,NA
"7e6fa2fdadae385ed171e2b09c2fd718","Qle","temperate.deciduous.leaf_respiration_rate_m2",0,0,0,0,0,0,NA,NA,NA,NA
"7e6fa2fdadae385ed171e2b09c2fd718","Qle","temperate.deciduous.leaf_turnover_rate",0,0,0,0,0,0,NA,NA,NA,NA
"7e6fa2fdadae385ed171e2b09c2fd718","Qle","temperate.deciduous.psnTOpt",0,0,0,0,0,0,NA,NA,NA,NA
"7e6fa2fdadae385ed171e2b09c2fd718","Qle","temperate.deciduous.root_allocation_fraction",0,0,0,0,0,0,NA,NA,NA,NA
"7e6fa2fdadae385ed171e2b09c2fd718","Qle","temperate.deciduous.root_respiration_rate",0,0,0,0,0,0,NA,NA,NA,NA
"7e6fa2fdadae385ed171e2b09c2fd718","Qle","temperate.deciduous.root_turnover_rate",0,0,0,0,0,0,NA,NA,NA,NA
"7e6fa2fdadae385ed171e2b09c2fd718","Qle","temperate.deciduous.stem_respiration_rate",0,0,0,0,0,0,NA,NA,NA,NA
"7e6fa2fdadae385ed171e2b09c2fd718","Qle","temperate.deciduous.veg_respiration_Q10",0,0,0,0,0,0,NA,NA,NA,NA
"7e6fa2fdadae385ed171e2b09c2fd718","Qle","temperate.deciduous.wood_allocation_fraction",0,0,0,0,0,0,NA,NA,NA,NA
"7e6fa2fdadae385ed171e2b09c2fd718","Qle","temperate.deciduous.wood_turnover_rate",0,0,0,0,0,0,NA,NA,NA,NA
"7e6fa2fdadae385ed171e2b09c2fd718","Qle","temperate.deciduous.wueConst",0,0,0,0,0,0,NA,NA,NA,NA
"7e6fa2fdadae385ed171e2b09c2fd718","SoilMoistFrac","dummy",0,0,0,0,0,0,NA,NA,NA,NA
"7e6fa2fdadae385ed171e2b09c2fd718","SoilMoistFrac","grass.Amax",24.9057386014178,0.0113023994577521,11.0316254597633,0.00500622927149225,31.2722837193686,0.0141915824384481,NA,NA,NA,NA
"7e6fa2fdadae385ed171e2b09c2fd718","SoilMoistFrac","grass.AmaxFrac",39.7069176937594,0.0287279179938785,17.587586988256,0.0127246028162048,49.8570235403569,0.0360715101265931,NA,NA,NA,NA
"7e6fa2fdadae385ed171e2b09c2fd718","SoilMoistFrac","grass.GDD",0,0,0,0,0,0,NA,NA,NA,NA
"7e6fa2fdadae385ed171e2b09c2fd718","SoilMoistFrac","grass.SLA",134.509406563679,0.329668243692372,59.5789355125191,0.14602163174495,168.893458343123,0.413939896142125,NA,NA,NA,NA
"7e6fa2fdadae385ed171e2b09c2fd718","SoilMoistFrac","grass.Vm_low_temp",0,0,0,0,0,0,NA,NA,NA,NA
"7e6fa2fdadae385ed171e2b09c2fd718","SoilMoistFrac","grass.coarse_root_respiration_Q10",0.466803974806038,3.97046061017373e-06,0.206763858546874,1.75865631030457e-06,0.586131034902631,4.9854121046168e-06,NA,NA,NA,NA
"7e6fa2fdadae385ed171e2b09c2fd718","SoilMoistFrac","grass.dVPDSlope",-317.274277080843,1.83417820085855,-398.377714008645,0.812421878433353,-140.531909082743,2.30304115878998,NA,NA,NA,NA
"7e6fa2fdadae385ed171e2b09c2fd718","SoilMoistFrac","grass.dVpdExp",-281.825754830727,1.44721534532454,-353.867640929549,0.64102245288696,-124.830514844907,1.8171606795647,NA,NA,NA,NA
"7e6fa2fdadae385ed171e2b09c2fd718","SoilMoistFrac","grass.extinction_coefficient",0,0,0,0,0,0,NA,NA,NA,NA
"7e6fa2fdadae385ed171e2b09c2fd718","SoilMoistFrac","grass.fine_root_respiration_Q10",0,0,0,0,0,0,NA,NA,NA,NA
"7e6fa2fdadae385ed171e2b09c2fd718","SoilMoistFrac","grass.fracLeafFall",-18.8595156896369,0.00648086347743524,-23.6804912672871,0.00287060181924717,-8.35354119667665,0.00813753828610853,NA,NA,NA,NA
"7e6fa2fdadae385ed171e2b09c2fd718","SoilMoistFrac","grass.growth_resp_factor",0,0,0,0,0,0,NA,NA,NA,NA
"7e6fa2fdadae385ed171e2b09c2fd718","SoilMoistFrac","grass.half_saturation_PAR",0,0,0,0,0,0,NA,NA,NA,NA
"7e6fa2fdadae385ed171e2b09c2fd718","SoilMoistFrac","grass.leafC",0,0,0,0,0,0,NA,NA,NA,NA
"7e6fa2fdadae385ed171e2b09c2fd718","SoilMoistFrac","grass.leafGrowth",-164.39756310028,0.49245046552406,-206.421793720749,0.218123589108826,-72.8174486869804,0.618333425965005,NA,NA,NA,NA
"7e6fa2fdadae385ed171e2b09c2fd718","SoilMoistFrac","grass.leaf_respiration_rate_m2",-0.0730373566042955,9.71990218379551e-08,-0.0917075768920263,4.30528570596428e-08,-0.0323508078007326,1.22045583020316e-07,NA,NA,NA,NA
"7e6fa2fdadae385ed171e2b09c2fd718","SoilMoistFrac","grass.leaf_turnover_rate",0,0,0,0,0,0,NA,NA,NA,NA
"7e6fa2fdadae385ed171e2b09c2fd718","SoilMoistFrac","grass.psnTOpt",0,0,0,0,0,0,NA,NA,NA,NA
"7e6fa2fdadae385ed171e2b09c2fd718","SoilMoistFrac","grass.root_respiration_rate",0,0,0,0,0,0,NA,NA,NA,NA
"7e6fa2fdadae385ed171e2b09c2fd718","SoilMoistFrac","grass.root_turnover_rate",-0.117494878011844,2.5154151396529e-07,-0.147529580212883,1.11416562024341e-07,-0.052042603851686,3.15841971917038e-07,NA,NA,NA,NA
"7e6fa2fdadae385ed171e2b09c2fd718","SoilMoistFrac","grass.stem_respiration_rate",-0.0381064469248761,2.64587129401202e-08,-0.0478474314230515,1.17194922814368e-08,-0.0168786823312138,3.32222381016103e-08,NA,NA,NA,NA
"7e6fa2fdadae385ed171e2b09c2fd718","SoilMoistFrac","grass.veg_respiration_Q10",0,0,0,0,0,0,NA,NA,NA,NA
"7e6fa2fdadae385ed171e2b09c2fd718","SoilMoistFrac","ic_ensemble",-13.413469316893,0.00327834036780836,-16.8422958600811,0.0014520919714955,-5.9412961802934,0.00411636818933473,NA,NA,NA,NA
"7e6fa2fdadae385ed171e2b09c2fd718","SoilMoistFrac","met_ensemble",321.662869551472,1.88527047017179,142.475770664458,0.835052437115957,403.888143193925,2.3671939216291,NA,NA,NA,NA
"7e6fa2fdadae385ed171e2b09c2fd718","SoilMoistFrac","temperate.deciduous.Amax",0,0,0,0,0,0,NA,NA,NA,NA
"7e6fa2fdadae385ed171e2b09c2fd718","SoilMoistFrac","temperate.deciduous.AmaxFrac",0,0,0,0,0,0,NA,NA,NA,NA
"7e6fa2fdadae385ed171e2b09c2fd718","SoilMoistFrac","temperate.deciduous.GDD",0,0,0,0,0,0,NA,NA,NA,NA
"7e6fa2fdadae385ed171e2b09c2fd718","SoilMoistFrac","temperate.deciduous.SLA",0,0,0,0,0,0,NA,NA,NA,NA
"7e6fa2fdadae385ed171e2b09c2fd718","SoilMoistFrac","temperate.deciduous.Vm_low_temp",0,0,0,0,0,0,NA,NA,NA,NA
"7e6fa2fdadae385ed171e2b09c2fd718","SoilMoistFrac","temperate.deciduous.coarse_root_respiration_Q10",0,0,0,0,0,0,NA,NA,NA,NA
"7e6fa2fdadae385ed171e2b09c2fd718","SoilMoistFrac","temperate.deciduous.dVPDSlope",0,0,0,0,0,0,NA,NA,NA,NA
"7e6fa2fdadae385ed171e2b09c2fd718","SoilMoistFrac","temperate.deciduous.dVpdExp",0,0,0,0,0,0,NA,NA,NA,NA
"7e6fa2fdadae385ed171e2b09c2fd718","SoilMoistFrac","temperate.deciduous.extinction_coefficient",0,0,0,0,0,0,NA,NA,NA,NA
"7e6fa2fdadae385ed171e2b09c2fd718","SoilMoistFrac","temperate.deciduous.fine_root_respiration_Q10",0,0,0,0,0,0,NA,NA,NA,NA
"7e6fa2fdadae385ed171e2b09c2fd718","SoilMoistFrac","temperate.deciduous.fracLeafFall",0,0,0,0,0,0,NA,NA,NA,NA
"7e6fa2fdadae385ed171e2b09c2fd718","SoilMoistFrac","temperate.deciduous.growth_resp_factor",0,0,0,0,0,0,NA,NA,NA,NA
"7e6fa2fdadae385ed171e2b09c2fd718","SoilMoistFrac","temperate.deciduous.half_saturation_PAR",0,0,0,0,0,0,NA,NA,NA,NA
"7e6fa2fdadae385ed171e2b09c2fd718","SoilMoistFrac","temperate.deciduous.leafC",0,0,0,0,0,0,NA,NA,NA,NA
"7e6fa2fdadae385ed171e2b09c2fd718","SoilMoistFrac","temperate.deciduous.leafGrowth",0,0,0,0,0,0,NA,NA,NA,NA
"7e6fa2fdadae385ed171e2b09c2fd718","SoilMoistFrac","temperate.deciduous.leafWHC",0,0,0,0,0,0,NA,NA,NA,NA
"7e6fa2fdadae385ed171e2b09c2fd718","SoilMoistFrac","temperate.deciduous.leaf_allocation_fraction",0,0,0,0,0,0,NA,NA,NA,NA
"7e6fa2fdadae385ed171e2b09c2fd718","SoilMoistFrac","temperate.deciduous.leaf_respiration_rate_m2",0,0,0,0,0,0,NA,NA,NA,NA
"7e6fa2fdadae385ed171e2b09c2fd718","SoilMoistFrac","temperate.deciduous.leaf_turnover_rate",0,0,0,0,0,0,NA,NA,NA,NA
"7e6fa2fdadae385ed171e2b09c2fd718","SoilMoistFrac","temperate.deciduous.psnTOpt",0,0,0,0,0,0,NA,NA,NA,NA
"7e6fa2fdadae385ed171e2b09c2fd718","SoilMoistFrac","temperate.deciduous.root_allocation_fraction",0,0,0,0,0,0,NA,NA,NA,NA
"7e6fa2fdadae385ed171e2b09c2fd718","SoilMoistFrac","temperate.deciduous.root_respiration_rate",0,0,0,0,0,0,NA,NA,NA,NA
"7e6fa2fdadae385ed171e2b09c2fd718","SoilMoistFrac","temperate.deciduous.root_turnover_rate",0,0,0,0,0,0,NA,NA,NA,NA
"7e6fa2fdadae385ed171e2b09c2fd718","SoilMoistFrac","temperate.deciduous.stem_respiration_rate",0,0,0,0,0,0,NA,NA,NA,NA
"7e6fa2fdadae385ed171e2b09c2fd718","SoilMoistFrac","temperate.deciduous.veg_respiration_Q10",0,0,0,0,0,0,NA,NA,NA,NA
"7e6fa2fdadae385ed171e2b09c2fd718","SoilMoistFrac","temperate.deciduous.wood_allocation_fraction",0,0,0,0,0,0,NA,NA,NA,NA
"7e6fa2fdadae385ed171e2b09c2fd718","SoilMoistFrac","temperate.deciduous.wood_turnover_rate",0,0,0,0,0,0,NA,NA,NA,NA
"7e6fa2fdadae385ed171e2b09c2fd718","SoilMoistFrac","temperate.deciduous.wueConst",0,0,0,0,0,0,NA,NA,NA,NA
"7e6fa2fdadae385ed171e2b09c2fd718","TotSoilCarb","dummy",0,0,0,0,0,0,NA,NA,NA,NA
"7e6fa2fdadae385ed171e2b09c2fd718","TotSoilCarb","grass.Amax",-0.000743783737265088,7.42948573778672e-08,-0.000744276642794997,7.4195110967633e-08,-0.000742785151893216,7.43440925845686e-08,NA,NA,NA,NA
"7e6fa2fdadae385ed171e2b09c2fd718","TotSoilCarb","grass.AmaxFrac",-0.00114715509440632,1.76729753987263e-07,-0.00114791531416022,1.76492481056619e-07,-0.00114561495277758,1.76846872806451e-07,NA,NA,NA,NA
"7e6fa2fdadae385ed171e2b09c2fd718","TotSoilCarb","grass.GDD",0,0,0,0,0,0,NA,NA,NA,NA
"7e6fa2fdadae385ed171e2b09c2fd718","TotSoilCarb","grass.SLA",-0.00250305597774814,8.41407775451072e-07,-0.00250471475310351,8.40278122496527e-07,-0.0024996954376353,8.41965376437285e-07,NA,NA,NA,NA
"7e6fa2fdadae385ed171e2b09c2fd718","TotSoilCarb","grass.Vm_low_temp",0,0,0,0,0,0,NA,NA,NA,NA
"7e6fa2fdadae385ed171e2b09c2fd718","TotSoilCarb","grass.coarse_root_respiration_Q10",-0.000544264481266387,3.97818873234683e-08,-0.000544625165372678,3.97284771603304e-08,-0.000543533765438397,3.98082507827234e-08,NA,NA,NA,NA
"7e6fa2fdadae385ed171e2b09c2fd718","TotSoilCarb","grass.dVPDSlope",0.0058615304924976,4.61410479393886e-06,0.00585366094882069,4.60791001268638e-06,0.00586541492912714,4.61716256147876e-06,NA,NA,NA,NA
"7e6fa2fdadae385ed171e2b09c2fd718","TotSoilCarb","grass.dVpdExp",0.00462762605429901,2.875953843861e-06,0.00462141311974185,2.87209266043527e-06,0.00463069278237901,2.87785973865592e-06,NA,NA,NA,NA
"7e6fa2fdadae385ed171e2b09c2fd718","TotSoilCarb","grass.extinction_coefficient",0,0,0,0,0,0,NA,NA,NA,NA
"7e6fa2fdadae385ed171e2b09c2fd718","TotSoilCarb","grass.fine_root_respiration_Q10",0,0,0,0,0,0,NA,NA,NA,NA
"7e6fa2fdadae385ed171e2b09c2fd718","TotSoilCarb","grass.fracLeafFall",0.000923766974319068,1.14601488905928e-07,0.000922526747971871,1.14447627824161e-07,0.0009243791547516,1.14677435319902e-07,NA,NA,NA,NA
"7e6fa2fdadae385ed171e2b09c2fd718","TotSoilCarb","grass.growth_resp_factor",0,0,0,0,0,0,NA,NA,NA,NA
"7e6fa2fdadae385ed171e2b09c2fd718","TotSoilCarb","grass.half_saturation_PAR",0,0,0,0,0,0,NA,NA,NA,NA
"7e6fa2fdadae385ed171e2b09c2fd718","TotSoilCarb","grass.leafC",0,0,0,0,0,0,NA,NA,NA,NA
"7e6fa2fdadae385ed171e2b09c2fd718","TotSoilCarb","grass.leafGrowth",0.221141909643854,0.00656761230385712,0.220845010068058,0.0065587947924675,0.221288460401416,0.00657196466094788,NA,NA,NA,NA
"7e6fa2fdadae385ed171e2b09c2fd718","TotSoilCarb","grass.leaf_respiration_rate_m2",-0.00132772577023871,2.36745736181384e-07,-0.00132860565419095,2.36427887299835e-07,-0.00132594319895409,2.36902627595783e-07,NA,NA,NA,NA
"7e6fa2fdadae385ed171e2b09c2fd718","TotSoilCarb","grass.leaf_turnover_rate",0,0,0,0,0,0,NA,NA,NA,NA
"7e6fa2fdadae385ed171e2b09c2fd718","TotSoilCarb","grass.psnTOpt",0,0,0,0,0,0,NA,NA,NA,NA
"7e6fa2fdadae385ed171e2b09c2fd718","TotSoilCarb","grass.root_respiration_rate",0,0,0,0,0,0,NA,NA,NA,NA
"7e6fa2fdadae385ed171e2b09c2fd718","TotSoilCarb","grass.root_turnover_rate",0.00549169633798612,4.05021825443677e-06,0.00548432332435982,4.04478053309503e-06,0.00549533568549798,4.05290233433114e-06,NA,NA,NA,NA
"7e6fa2fdadae385ed171e2b09c2fd718","TotSoilCarb","grass.stem_respiration_rate",5.74450571604054e-06,4.43170382626779e-12,5.73679328689042e-06,4.42575393197506e-12,5.74831260034329e-06,4.43464071667483e-12,NA,NA,NA,NA
"7e6fa2fdadae385ed171e2b09c2fd718","TotSoilCarb","grass.veg_respiration_Q10",0,0,0,0,0,0,NA,NA,NA,NA
"7e6fa2fdadae385ed171e2b09c2fd718","TotSoilCarb","ic_ensemble",3.04722437029797,1.2470224226405,3.04313324336344,1.24534820164419,3.04924376608164,1.24784882447916,NA,NA,NA,NA
"7e6fa2fdadae385ed171e2b09c2fd718","TotSoilCarb","met_ensemble",-9.38071302234851e-05,1.18178125441581e-09,-9.38692962146402e-05,1.18019462457398e-09,-9.36811871256126e-05,1.18256442092814e-09,NA,NA,NA,NA
"7e6fa2fdadae385ed171e2b09c2fd718","TotSoilCarb","temperate.deciduous.Amax",0,0,0,0,0,0,NA,NA,NA,NA
"7e6fa2fdadae385ed171e2b09c2fd718","TotSoilCarb","temperate.deciduous.AmaxFrac",0,0,0,0,0,0,NA,NA,NA,NA
"7e6fa2fdadae385ed171e2b09c2fd718","TotSoilCarb","temperate.deciduous.GDD",0,0,0,0,0,0,NA,NA,NA,NA
"7e6fa2fdadae385ed171e2b09c2fd718","TotSoilCarb","temperate.deciduous.SLA",0,0,0,0,0,0,NA,NA,NA,NA
"7e6fa2fdadae385ed171e2b09c2fd718","TotSoilCarb","temperate.deciduous.Vm_low_temp",0,0,0,0,0,0,NA,NA,NA,NA
"7e6fa2fdadae385ed171e2b09c2fd718","TotSoilCarb","temperate.deciduous.coarse_root_respiration_Q10",0,0,0,0,0,0,NA,NA,NA,NA
"7e6fa2fdadae385ed171e2b09c2fd718","TotSoilCarb","temperate.deciduous.dVPDSlope",0,0,0,0,0,0,NA,NA,NA,NA
"7e6fa2fdadae385ed171e2b09c2fd718","TotSoilCarb","temperate.deciduous.dVpdExp",0,0,0,0,0,0,NA,NA,NA,NA
"7e6fa2fdadae385ed171e2b09c2fd718","TotSoilCarb","temperate.deciduous.extinction_coefficient",0,0,0,0,0,0,NA,NA,NA,NA
"7e6fa2fdadae385ed171e2b09c2fd718","TotSoilCarb","temperate.deciduous.fine_root_respiration_Q10",0,0,0,0,0,0,NA,NA,NA,NA
"7e6fa2fdadae385ed171e2b09c2fd718","TotSoilCarb","temperate.deciduous.fracLeafFall",0,0,0,0,0,0,NA,NA,NA,NA
"7e6fa2fdadae385ed171e2b09c2fd718","TotSoilCarb","temperate.deciduous.growth_resp_factor",0,0,0,0,0,0,NA,NA,NA,NA
"7e6fa2fdadae385ed171e2b09c2fd718","TotSoilCarb","temperate.deciduous.half_saturation_PAR",0,0,0,0,0,0,NA,NA,NA,NA
"7e6fa2fdadae385ed171e2b09c2fd718","TotSoilCarb","temperate.deciduous.leafC",0,0,0,0,0,0,NA,NA,NA,NA
"7e6fa2fdadae385ed171e2b09c2fd718","TotSoilCarb","temperate.deciduous.leafGrowth",0,0,0,0,0,0,NA,NA,NA,NA
"7e6fa2fdadae385ed171e2b09c2fd718","TotSoilCarb","temperate.deciduous.leafWHC",0,0,0,0,0,0,NA,NA,NA,NA
"7e6fa2fdadae385ed171e2b09c2fd718","TotSoilCarb","temperate.deciduous.leaf_allocation_fraction",0,0,0,0,0,0,NA,NA,NA,NA
"7e6fa2fdadae385ed171e2b09c2fd718","TotSoilCarb","temperate.deciduous.leaf_respiration_rate_m2",0,0,0,0,0,0,NA,NA,NA,NA
"7e6fa2fdadae385ed171e2b09c2fd718","TotSoilCarb","temperate.deciduous.leaf_turnover_rate",0,0,0,0,0,0,NA,NA,NA,NA
"7e6fa2fdadae385ed171e2b09c2fd718","TotSoilCarb","temperate.deciduous.psnTOpt",0,0,0,0,0,0,NA,NA,NA,NA
"7e6fa2fdadae385ed171e2b09c2fd718","TotSoilCarb","temperate.deciduous.root_allocation_fraction",0,0,0,0,0,0,NA,NA,NA,NA
"7e6fa2fdadae385ed171e2b09c2fd718","TotSoilCarb","temperate.deciduous.root_respiration_rate",0,0,0,0,0,0,NA,NA,NA,NA
"7e6fa2fdadae385ed171e2b09c2fd718","TotSoilCarb","temperate.deciduous.root_turnover_rate",0,0,0,0,0,0,NA,NA,NA,NA
"7e6fa2fdadae385ed171e2b09c2fd718","TotSoilCarb","temperate.deciduous.stem_respiration_rate",0,0,0,0,0,0,NA,NA,NA,NA
"7e6fa2fdadae385ed171e2b09c2fd718","TotSoilCarb","temperate.deciduous.veg_respiration_Q10",0,0,0,0,0,0,NA,NA,NA,NA
"7e6fa2fdadae385ed171e2b09c2fd718","TotSoilCarb","temperate.deciduous.wood_allocation_fraction",0,0,0,0,0,0,NA,NA,NA,NA
"7e6fa2fdadae385ed171e2b09c2fd718","TotSoilCarb","temperate.deciduous.wood_turnover_rate",0,0,0,0,0,0,NA,NA,NA,NA
"7e6fa2fdadae385ed171e2b09c2fd718","TotSoilCarb","temperate.deciduous.wueConst",0,0,0,0,0,0,NA,NA,NA,NA
"afc6188434cf40287da26467d94c54a7","AbvGrndWood","dummy",0,0,0,0,0,0,NA,NA,NA,NA
"afc6188434cf40287da26467d94c54a7","AbvGrndWood","grass.Amax",-0.0371151554259284,0.0031172927200408,-0.0497105784265267,0.000758618503212018,-0.00903227453574866,0.00417517918111083,NA,NA,NA,NA
"afc6188434cf40287da26467d94c54a7","AbvGrndWood","grass.AmaxFrac",-0.0595807936901236,0.00803318163418901,-0.0798001701315389,0.00195493999911531,-0.0144994700814603,0.0107593273167843,NA,NA,NA,NA
"afc6188434cf40287da26467d94c54a7","AbvGrndWood","grass.GDD",0,0,0,0,0,0,NA,NA,NA,NA
"afc6188434cf40287da26467d94c54a7","AbvGrndWood","grass.SLA",0.130583535478474,0.0385879639035391,0.0317785640058585,0.00939069444146366,0.174898448009218,0.0516832001357267,NA,NA,NA,NA
"afc6188434cf40287da26467d94c54a7","AbvGrndWood","grass.Vm_low_temp",0,0,0,0,0,0,NA,NA,NA,NA
"afc6188434cf40287da26467d94c54a7","AbvGrndWood","grass.coarse_root_respiration_Q10",0.00314749369834596,2.24184073776111e-05,0.000765968156585956,5.45570152583489e-06,0.00421562918282488,3.00263325143999e-05,NA,NA,NA,NA
"afc6188434cf40287da26467d94c54a7","AbvGrndWood","grass.dVPDSlope",0.0948712149568998,0.0203677916085048,0.0230876807384219,0.00495666752257259,0.127066771441841,0.0272798184598846,NA,NA,NA,NA
"afc6188434cf40287da26467d94c54a7","AbvGrndWood","grass.dVpdExp",0.0648011507983226,0.00950255638511078,0.0157698863853878,0.00231252427955056,0.0867921109832889,0.0127273500275993,NA,NA,NA,NA
"afc6188434cf40287da26467d94c54a7","AbvGrndWood","grass.extinction_coefficient",0,0,0,0,0,0,NA,NA,NA,NA
"afc6188434cf40287da26467d94c54a7","AbvGrndWood","grass.fine_root_respiration_Q10",0,0,0,0,0,0,NA,NA,NA,NA
"afc6188434cf40287da26467d94c54a7","AbvGrndWood","grass.fracLeafFall",0.0325039874396427,0.00239082782252777,0.00791010935269539,0.000581827369788977,0.0435345615086503,0.00320218068905246,NA,NA,NA,NA
"afc6188434cf40287da26467d94c54a7","AbvGrndWood","grass.growth_resp_factor",0,0,0,0,0,0,NA,NA,NA,NA
"afc6188434cf40287da26467d94c54a7","AbvGrndWood","grass.half_saturation_PAR",0,0,0,0,0,0,NA,NA,NA,NA
"afc6188434cf40287da26467d94c54a7","AbvGrndWood","grass.leafC",0,0,0,0,0,0,NA,NA,NA,NA
"afc6188434cf40287da26467d94c54a7","AbvGrndWood","grass.leafGrowth",-0.109899139167028,0.0273315083235602,-0.147194581670909,0.00665134454703203,-0.0267448481572461,0.0366067465551943,NA,NA,NA,NA
"afc6188434cf40287da26467d94c54a7","AbvGrndWood","grass.leaf_respiration_rate_m2",-0.154121418172982,0.0537527900534069,-0.206424161703586,0.013081178059291,-0.0375066989428478,0.0719943714347968,NA,NA,NA,NA
"afc6188434cf40287da26467d94c54a7","AbvGrndWood","grass.leaf_turnover_rate",0,0,0,0,0,0,NA,NA,NA,NA
"afc6188434cf40287da26467d94c54a7","AbvGrndWood","grass.psnTOpt",0,0,0,0,0,0,NA,NA,NA,NA
"afc6188434cf40287da26467d94c54a7","AbvGrndWood","grass.root_respiration_rate",0,0,0,0,0,0,NA,NA,NA,NA
"afc6188434cf40287da26467d94c54a7","AbvGrndWood","grass.root_turnover_rate",-0.000186196348783281,7.84544060802337e-08,-0.000249384061381515,1.90925169549672e-08,-4.53123938311661e-05,1.05078743753111e-07,NA,NA,NA,NA
"afc6188434cf40287da26467d94c54a7","AbvGrndWood","grass.stem_respiration_rate",0.00750854421878058,0.000127581147388905,0.00182726522277896,3.10479084777692e-05,0.0100566486108794,0.00017087716756783,NA,NA,NA,NA
"afc6188434cf40287da26467d94c54a7","AbvGrndWood","grass.veg_respiration_Q10",0,0,0,0,0,0,NA,NA,NA,NA
"afc6188434cf40287da26467d94c54a7","AbvGrndWood","ic_ensemble",-0.548107026963728,0.679838503984091,-0.734112979922384,0.165444221841175,-0.133386296937097,0.910548935652971,NA,NA,NA,NA
"afc6188434cf40287da26467d94c54a7","AbvGrndWood","met_ensemble",-0.00575538580502327,7.49590201351492e-05,-0.00770853723101095,1.82418863944295e-05,-0.00140061988299812,0.000100397161387092,NA,NA,NA,NA
"afc6188434cf40287da26467d94c54a7","AbvGrndWood","temperate.deciduous.Amax",0,0,0,0,0,0,NA,NA,NA,NA
"afc6188434cf40287da26467d94c54a7","AbvGrndWood","temperate.deciduous.AmaxFrac",0,0,0,0,0,0,NA,NA,NA,NA
"afc6188434cf40287da26467d94c54a7","AbvGrndWood","temperate.deciduous.GDD",0,0,0,0,0,0,NA,NA,NA,NA
"afc6188434cf40287da26467d94c54a7","AbvGrndWood","temperate.deciduous.SLA",0,0,0,0,0,0,NA,NA,NA,NA
"afc6188434cf40287da26467d94c54a7","AbvGrndWood","temperate.deciduous.Vm_low_temp",0,0,0,0,0,0,NA,NA,NA,NA
"afc6188434cf40287da26467d94c54a7","AbvGrndWood","temperate.deciduous.coarse_root_respiration_Q10",0,0,0,0,0,0,NA,NA,NA,NA
"afc6188434cf40287da26467d94c54a7","AbvGrndWood","temperate.deciduous.dVPDSlope",0,0,0,0,0,0,NA,NA,NA,NA
"afc6188434cf40287da26467d94c54a7","AbvGrndWood","temperate.deciduous.dVpdExp",0,0,0,0,0,0,NA,NA,NA,NA
"afc6188434cf40287da26467d94c54a7","AbvGrndWood","temperate.deciduous.extinction_coefficient",0,0,0,0,0,0,NA,NA,NA,NA
"afc6188434cf40287da26467d94c54a7","AbvGrndWood","temperate.deciduous.fine_root_respiration_Q10",0,0,0,0,0,0,NA,NA,NA,NA
"afc6188434cf40287da26467d94c54a7","AbvGrndWood","temperate.deciduous.fracLeafFall",0,0,0,0,0,0,NA,NA,NA,NA
"afc6188434cf40287da26467d94c54a7","AbvGrndWood","temperate.deciduous.growth_resp_factor",0,0,0,0,0,0,NA,NA,NA,NA
"afc6188434cf40287da26467d94c54a7","AbvGrndWood","temperate.deciduous.half_saturation_PAR",0,0,0,0,0,0,NA,NA,NA,NA
"afc6188434cf40287da26467d94c54a7","AbvGrndWood","temperate.deciduous.leafC",0,0,0,0,0,0,NA,NA,NA,NA
"afc6188434cf40287da26467d94c54a7","AbvGrndWood","temperate.deciduous.leafGrowth",0,0,0,0,0,0,NA,NA,NA,NA
"afc6188434cf40287da26467d94c54a7","AbvGrndWood","temperate.deciduous.leafWHC",0,0,0,0,0,0,NA,NA,NA,NA
"afc6188434cf40287da26467d94c54a7","AbvGrndWood","temperate.deciduous.leaf_allocation_fraction",0,0,0,0,0,0,NA,NA,NA,NA
"afc6188434cf40287da26467d94c54a7","AbvGrndWood","temperate.deciduous.leaf_respiration_rate_m2",0,0,0,0,0,0,NA,NA,NA,NA
"afc6188434cf40287da26467d94c54a7","AbvGrndWood","temperate.deciduous.leaf_turnover_rate",0,0,0,0,0,0,NA,NA,NA,NA
"afc6188434cf40287da26467d94c54a7","AbvGrndWood","temperate.deciduous.psnTOpt",0,0,0,0,0,0,NA,NA,NA,NA
"afc6188434cf40287da26467d94c54a7","AbvGrndWood","temperate.deciduous.root_allocation_fraction",0,0,0,0,0,0,NA,NA,NA,NA
"afc6188434cf40287da26467d94c54a7","AbvGrndWood","temperate.deciduous.root_respiration_rate",0,0,0,0,0,0,NA,NA,NA,NA
"afc6188434cf40287da26467d94c54a7","AbvGrndWood","temperate.deciduous.root_turnover_rate",0,0,0,0,0,0,NA,NA,NA,NA
"afc6188434cf40287da26467d94c54a7","AbvGrndWood","temperate.deciduous.stem_respiration_rate",0,0,0,0,0,0,NA,NA,NA,NA
"afc6188434cf40287da26467d94c54a7","AbvGrndWood","temperate.deciduous.veg_respiration_Q10",0,0,0,0,0,0,NA,NA,NA,NA
"afc6188434cf40287da26467d94c54a7","AbvGrndWood","temperate.deciduous.wood_allocation_fraction",0,0,0,0,0,0,NA,NA,NA,NA
"afc6188434cf40287da26467d94c54a7","AbvGrndWood","temperate.deciduous.wood_turnover_rate",0,0,0,0,0,0,NA,NA,NA,NA
"afc6188434cf40287da26467d94c54a7","AbvGrndWood","temperate.deciduous.wueConst",0,0,0,0,0,0,NA,NA,NA,NA
"afc6188434cf40287da26467d94c54a7","NPP","dummy",0,0,0,0,0,0,NA,NA,NA,NA
"afc6188434cf40287da26467d94c54a7","NPP","grass.Amax",0.0654387009493023,0.000524935063343293,0.0615924060733721,0.000494080920228538,0.0673756499826848,0.000540472848305118,NA,NA,NA,NA
"afc6188434cf40287da26467d94c54a7","NPP","grass.AmaxFrac",0.107730117532008,0.00142269076107684,0.101398057252148,0.0013390691716354,0.110918868897679,0.00146480161374497,NA,NA,NA,NA
"afc6188434cf40287da26467d94c54a7","NPP","grass.GDD",0,0,0,0,0,0,NA,NA,NA,NA
"afc6188434cf40287da26467d94c54a7","NPP","grass.SLA",-0.555969054287328,0.0378911234472942,-0.572425428064166,0.035663994365507,-0.523290824223778,0.0390126795581326,NA,NA,NA,NA
"afc6188434cf40287da26467d94c54a7","NPP","grass.Vm_low_temp",0,0,0,0,0,0,NA,NA,NA,NA
"afc6188434cf40287da26467d94c54a7","NPP","grass.coarse_root_respiration_Q10",0.0527034156439503,0.000340497375155554,0.0496056634790289,0.000320483938300456,0.0542634073385684,0.00035057590746303,NA,NA,NA,NA
"afc6188434cf40287da26467d94c54a7","NPP","grass.dVPDSlope",-0.165095953455743,0.00334125099703184,-0.169982701554688,0.00314486206505966,-0.155392097624228,0.00344015016212992,NA,NA,NA,NA
"afc6188434cf40287da26467d94c54a7","NPP","grass.dVpdExp",-0.111039136411746,0.00151143124132594,-0.114325832889829,0.00142259374677762,-0.104512581709215,0.00155616876269236,NA,NA,NA,NA
"afc6188434cf40287da26467d94c54a7","NPP","grass.extinction_coefficient",0,0,0,0,0,0,NA,NA,NA,NA
"afc6188434cf40287da26467d94c54a7","NPP","grass.fine_root_respiration_Q10",0,0,0,0,0,0,NA,NA,NA,NA
"afc6188434cf40287da26467d94c54a7","NPP","grass.fracLeafFall",-0.0643198468644866,0.000507138109577816,-0.0662236784412779,0.00047733001919764,-0.0605393149494788,0.000522149114638861,NA,NA,NA,NA
"afc6188434cf40287da26467d94c54a7","NPP","grass.growth_resp_factor",0,0,0,0,0,0,NA,NA,NA,NA
"afc6188434cf40287da26467d94c54a7","NPP","grass.half_saturation_PAR",0,0,0,0,0,0,NA,NA,NA,NA
"afc6188434cf40287da26467d94c54a7","NPP","grass.leafC",0,0,0,0,0,0,NA,NA,NA,NA
"afc6188434cf40287da26467d94c54a7","NPP","grass.leafGrowth",3.29046111581001,1.32724094142792,3.09705746406282,1.24922961238131,3.38785692876462,1.36652653269533,NA,NA,NA,NA
"afc6188434cf40287da26467d94c54a7","NPP","grass.leaf_respiration_rate_m2",1.89534515879432,0.440365071338333,1.78394233039714,0.414481704265697,1.95144631789431,0.453399631726765,NA,NA,NA,NA
"afc6188434cf40287da26467d94c54a7","NPP","grass.leaf_turnover_rate",0,0,0,0,0,0,NA,NA,NA,NA
"afc6188434cf40287da26467d94c54a7","NPP","grass.psnTOpt",0,0,0,0,0,0,NA,NA,NA,NA
"afc6188434cf40287da26467d94c54a7","NPP","grass.root_respiration_rate",0,0,0,0,0,0,NA,NA,NA,NA
"afc6188434cf40287da26467d94c54a7","NPP","grass.root_turnover_rate",-0.00199999129608691,4.90334504325166e-07,-0.00205918992245834,4.61514080567995e-07,-0.00188243767472142,5.04848132047124e-07,NA,NA,NA,NA
"afc6188434cf40287da26467d94c54a7","NPP","grass.stem_respiration_rate",-0.00686526330796231,5.77764217433079e-06,-0.00706847127106929,5.43804931616413e-06,-0.00646174327012133,5.94865715877356e-06,NA,NA,NA,NA
"afc6188434cf40287da26467d94c54a7","NPP","grass.veg_respiration_Q10",0,0,0,0,0,0,NA,NA,NA,NA
"afc6188434cf40287da26467d94c54a7","NPP","ic_ensemble",-0.0268334806856919,8.8265353514481e-05,-0.0276277367409382,8.30773749632574e-05,-0.0252562874075932,9.0877958726548e-05,NA,NA,NA,NA
"afc6188434cf40287da26467d94c54a7","NPP","met_ensemble",-0.0141108736135956,2.44086661863264e-05,-0.0145285475987075,2.29739963912537e-05,-0.0132814778571469,2.51311490854351e-05,NA,NA,NA,NA
"afc6188434cf40287da26467d94c54a7","NPP","temperate.deciduous.Amax",0,0,0,0,0,0,NA,NA,NA,NA
"afc6188434cf40287da26467d94c54a7","NPP","temperate.deciduous.AmaxFrac",0,0,0,0,0,0,NA,NA,NA,NA
"afc6188434cf40287da26467d94c54a7","NPP","temperate.deciduous.GDD",0,0,0,0,0,0,NA,NA,NA,NA
"afc6188434cf40287da26467d94c54a7","NPP","temperate.deciduous.SLA",0,0,0,0,0,0,NA,NA,NA,NA
"afc6188434cf40287da26467d94c54a7","NPP","temperate.deciduous.Vm_low_temp",0,0,0,0,0,0,NA,NA,NA,NA
"afc6188434cf40287da26467d94c54a7","NPP","temperate.deciduous.coarse_root_respiration_Q10",0,0,0,0,0,0,NA,NA,NA,NA
"afc6188434cf40287da26467d94c54a7","NPP","temperate.deciduous.dVPDSlope",0,0,0,0,0,0,NA,NA,NA,NA
"afc6188434cf40287da26467d94c54a7","NPP","temperate.deciduous.dVpdExp",0,0,0,0,0,0,NA,NA,NA,NA
"afc6188434cf40287da26467d94c54a7","NPP","temperate.deciduous.extinction_coefficient",0,0,0,0,0,0,NA,NA,NA,NA
"afc6188434cf40287da26467d94c54a7","NPP","temperate.deciduous.fine_root_respiration_Q10",0,0,0,0,0,0,NA,NA,NA,NA
"afc6188434cf40287da26467d94c54a7","NPP","temperate.deciduous.fracLeafFall",0,0,0,0,0,0,NA,NA,NA,NA
"afc6188434cf40287da26467d94c54a7","NPP","temperate.deciduous.growth_resp_factor",0,0,0,0,0,0,NA,NA,NA,NA
"afc6188434cf40287da26467d94c54a7","NPP","temperate.deciduous.half_saturation_PAR",0,0,0,0,0,0,NA,NA,NA,NA
"afc6188434cf40287da26467d94c54a7","NPP","temperate.deciduous.leafC",0,0,0,0,0,0,NA,NA,NA,NA
"afc6188434cf40287da26467d94c54a7","NPP","temperate.deciduous.leafGrowth",0,0,0,0,0,0,NA,NA,NA,NA
"afc6188434cf40287da26467d94c54a7","NPP","temperate.deciduous.leafWHC",0,0,0,0,0,0,NA,NA,NA,NA
"afc6188434cf40287da26467d94c54a7","NPP","temperate.deciduous.leaf_allocation_fraction",0,0,0,0,0,0,NA,NA,NA,NA
"afc6188434cf40287da26467d94c54a7","NPP","temperate.deciduous.leaf_respiration_rate_m2",0,0,0,0,0,0,NA,NA,NA,NA
"afc6188434cf40287da26467d94c54a7","NPP","temperate.deciduous.leaf_turnover_rate",0,0,0,0,0,0,NA,NA,NA,NA
"afc6188434cf40287da26467d94c54a7","NPP","temperate.deciduous.psnTOpt",0,0,0,0,0,0,NA,NA,NA,NA
"afc6188434cf40287da26467d94c54a7","NPP","temperate.deciduous.root_allocation_fraction",0,0,0,0,0,0,NA,NA,NA,NA
"afc6188434cf40287da26467d94c54a7","NPP","temperate.deciduous.root_respiration_rate",0,0,0,0,0,0,NA,NA,NA,NA
"afc6188434cf40287da26467d94c54a7","NPP","temperate.deciduous.root_turnover_rate",0,0,0,0,0,0,NA,NA,NA,NA
"afc6188434cf40287da26467d94c54a7","NPP","temperate.deciduous.stem_respiration_rate",0,0,0,0,0,0,NA,NA,NA,NA
"afc6188434cf40287da26467d94c54a7","NPP","temperate.deciduous.veg_respiration_Q10",0,0,0,0,0,0,NA,NA,NA,NA
"afc6188434cf40287da26467d94c54a7","NPP","temperate.deciduous.wood_allocation_fraction",0,0,0,0,0,0,NA,NA,NA,NA
"afc6188434cf40287da26467d94c54a7","NPP","temperate.deciduous.wood_turnover_rate",0,0,0,0,0,0,NA,NA,NA,NA
"afc6188434cf40287da26467d94c54a7","NPP","temperate.deciduous.wueConst",0,0,0,0,0,0,NA,NA,NA,NA
"afc6188434cf40287da26467d94c54a7","Qle","dummy",0,0,0,0,0,0,NA,NA,NA,NA
"afc6188434cf40287da26467d94c54a7","Qle","grass.Amax",-49.8908009546053,0.0109865683518349,-50.0735419749244,0.0109090439323458,-49.5387569625243,0.0110268101734133,NA,NA,NA,NA
"afc6188434cf40287da26467d94c54a7","Qle","grass.AmaxFrac",-78.7404521359402,0.0273663525797693,-79.0288642337295,0.0271732476420545,-78.1848366200974,0.0274665906015519,NA,NA,NA,NA
"afc6188434cf40287da26467d94c54a7","Qle","grass.GDD",0,0,0,0,0,0,NA,NA,NA,NA
"afc6188434cf40287da26467d94c54a7","Qle","grass.SLA",-195.028575035499,0.1678872072331,-195.74292958807,0.166702546303173,-193.652396725837,0.168502147842616,NA,NA,NA,NA
"afc6188434cf40287da26467d94c54a7","Qle","grass.Vm_low_temp",0,0,0,0,0,0,NA,NA,NA,NA
"afc6188434cf40287da26467d94c54a7","Qle","grass.coarse_root_respiration_Q10",-6.51242154041857,0.000187200117812879,-6.53627536786316,0.000185879179372688,-6.46646800122224,0.000187885798136274,NA,NA,NA,NA
"afc6188434cf40287da26467d94c54a7","Qle","grass.dVPDSlope",238.073780669485,0.25017519497974,236.393862877967,0.248409886091626,238.945802059367,0.251091541671202,NA,NA,NA,NA
"afc6188434cf40287da26467d94c54a7","Qle","grass.dVpdExp",171.772287202917,0.130234877673351,170.560212019541,0.129315902524284,172.401458160796,0.13071190457955,NA,NA,NA,NA
"afc6188434cf40287da26467d94c54a7","Qle","grass.extinction_coefficient",0,0,0,0,0,0,NA,NA,NA,NA
"afc6188434cf40287da26467d94c54a7","Qle","grass.fine_root_respiration_Q10",0,0,0,0,0,0,NA,NA,NA,NA
"afc6188434cf40287da26467d94c54a7","Qle","grass.fracLeafFall",100.447759774183,0.0445350167809714,99.7389711865092,0.0442207647586549,100.815681831128,0.0446981405282507,NA,NA,NA,NA
"afc6188434cf40287da26467d94c54a7","Qle","grass.growth_resp_factor",0,0,0,0,0,0,NA,NA,NA,NA
"afc6188434cf40287da26467d94c54a7","Qle","grass.half_saturation_PAR",0,0,0,0,0,0,NA,NA,NA,NA
"afc6188434cf40287da26467d94c54a7","Qle","grass.leafC",0,0,0,0,0,0,NA,NA,NA,NA
"afc6188434cf40287da26467d94c54a7","Qle","grass.leafGrowth",163.980757481337,0.118688020316316,162.823661596251,0.117850523148805,164.581389468827,0.119122753163199,NA,NA,NA,NA
"afc6188434cf40287da26467d94c54a7","Qle","grass.leaf_respiration_rate_m2",-31.3714662023802,0.00434400926597269,-31.4863742341824,0.00431335667402449,-31.1501000188754,0.00435992058971074,NA,NA,NA,NA
"afc6188434cf40287da26467d94c54a7","Qle","grass.leaf_turnover_rate",0,0,0,0,0,0,NA,NA,NA,NA
"afc6188434cf40287da26467d94c54a7","Qle","grass.psnTOpt",0,0,0,0,0,0,NA,NA,NA,NA
"afc6188434cf40287da26467d94c54a7","Qle","grass.root_respiration_rate",0,0,0,0,0,0,NA,NA,NA,NA
"afc6188434cf40287da26467d94c54a7","Qle","grass.root_turnover_rate",0.852862560343233,3.21054830931344e-06,0.846844514236639,3.18789374731095e-06,0.855986442331234,3.22230796966368e-06,NA,NA,NA,NA
"afc6188434cf40287da26467d94c54a7","Qle","grass.stem_respiration_rate",1.00089360539003,4.42177804210606e-06,0.993831009205003,4.39057669107031e-06,1.00455969844086,4.43797421886766e-06,NA,NA,NA,NA
"afc6188434cf40287da26467d94c54a7","Qle","grass.veg_respiration_Q10",0,0,0,0,0,0,NA,NA,NA,NA
"afc6188434cf40287da26467d94c54a7","Qle","ic_ensemble",44.416493683671,0.00870782420230068,44.1030779947774,0.00864637926383783,44.5791833021868,0.00873971939438099,NA,NA,NA,NA
"afc6188434cf40287da26467d94c54a7","Qle","met_ensemble",309.263091584584,0.422160208459747,307.080841324384,0.419181323329818,310.395866601658,0.423706505287137,NA,NA,NA,NA
"afc6188434cf40287da26467d94c54a7","Qle","temperate.deciduous.Amax",0,0,0,0,0,0,NA,NA,NA,NA
"afc6188434cf40287da26467d94c54a7","Qle","temperate.deciduous.AmaxFrac",0,0,0,0,0,0,NA,NA,NA,NA
"afc6188434cf40287da26467d94c54a7","Qle","temperate.deciduous.GDD",0,0,0,0,0,0,NA,NA,NA,NA
"afc6188434cf40287da26467d94c54a7","Qle","temperate.deciduous.SLA",0,0,0,0,0,0,NA,NA,NA,NA
"afc6188434cf40287da26467d94c54a7","Qle","temperate.deciduous.Vm_low_temp",0,0,0,0,0,0,NA,NA,NA,NA
"afc6188434cf40287da26467d94c54a7","Qle","temperate.deciduous.coarse_root_respiration_Q10",0,0,0,0,0,0,NA,NA,NA,NA
"afc6188434cf40287da26467d94c54a7","Qle","temperate.deciduous.dVPDSlope",0,0,0,0,0,0,NA,NA,NA,NA
"afc6188434cf40287da26467d94c54a7","Qle","temperate.deciduous.dVpdExp",0,0,0,0,0,0,NA,NA,NA,NA
"afc6188434cf40287da26467d94c54a7","Qle","temperate.deciduous.extinction_coefficient",0,0,0,0,0,0,NA,NA,NA,NA
"afc6188434cf40287da26467d94c54a7","Qle","temperate.deciduous.fine_root_respiration_Q10",0,0,0,0,0,0,NA,NA,NA,NA
"afc6188434cf40287da26467d94c54a7","Qle","temperate.deciduous.fracLeafFall",0,0,0,0,0,0,NA,NA,NA,NA
"afc6188434cf40287da26467d94c54a7","Qle","temperate.deciduous.growth_resp_factor",0,0,0,0,0,0,NA,NA,NA,NA
"afc6188434cf40287da26467d94c54a7","Qle","temperate.deciduous.half_saturation_PAR",0,0,0,0,0,0,NA,NA,NA,NA
"afc6188434cf40287da26467d94c54a7","Qle","temperate.deciduous.leafC",0,0,0,0,0,0,NA,NA,NA,NA
"afc6188434cf40287da26467d94c54a7","Qle","temperate.deciduous.leafGrowth",0,0,0,0,0,0,NA,NA,NA,NA
"afc6188434cf40287da26467d94c54a7","Qle","temperate.deciduous.leafWHC",0,0,0,0,0,0,NA,NA,NA,NA
"afc6188434cf40287da26467d94c54a7","Qle","temperate.deciduous.leaf_allocation_fraction",0,0,0,0,0,0,NA,NA,NA,NA
"afc6188434cf40287da26467d94c54a7","Qle","temperate.deciduous.leaf_respiration_rate_m2",0,0,0,0,0,0,NA,NA,NA,NA
"afc6188434cf40287da26467d94c54a7","Qle","temperate.deciduous.leaf_turnover_rate",0,0,0,0,0,0,NA,NA,NA,NA
"afc6188434cf40287da26467d94c54a7","Qle","temperate.deciduous.psnTOpt",0,0,0,0,0,0,NA,NA,NA,NA
"afc6188434cf40287da26467d94c54a7","Qle","temperate.deciduous.root_allocation_fraction",0,0,0,0,0,0,NA,NA,NA,NA
"afc6188434cf40287da26467d94c54a7","Qle","temperate.deciduous.root_respiration_rate",0,0,0,0,0,0,NA,NA,NA,NA
"afc6188434cf40287da26467d94c54a7","Qle","temperate.deciduous.root_turnover_rate",0,0,0,0,0,0,NA,NA,NA,NA
"afc6188434cf40287da26467d94c54a7","Qle","temperate.deciduous.stem_respiration_rate",0,0,0,0,0,0,NA,NA,NA,NA
"afc6188434cf40287da26467d94c54a7","Qle","temperate.deciduous.veg_respiration_Q10",0,0,0,0,0,0,NA,NA,NA,NA
"afc6188434cf40287da26467d94c54a7","Qle","temperate.deciduous.wood_allocation_fraction",0,0,0,0,0,0,NA,NA,NA,NA
"afc6188434cf40287da26467d94c54a7","Qle","temperate.deciduous.wood_turnover_rate",0,0,0,0,0,0,NA,NA,NA,NA
"afc6188434cf40287da26467d94c54a7","Qle","temperate.deciduous.wueConst",0,0,0,0,0,0,NA,NA,NA,NA
"afc6188434cf40287da26467d94c54a7","SoilMoistFrac","dummy",0,0,0,0,0,0,NA,NA,NA,NA
"afc6188434cf40287da26467d94c54a7","SoilMoistFrac","grass.Amax",8.5514286764532,0.00924800425809973,7.46307629413857,0.00807099771956969,9.04310206042754,0.0097797279876222,NA,NA,NA,NA
"afc6188434cf40287da26467d94c54a7","SoilMoistFrac","grass.AmaxFrac",13.872702139484,0.0243384428301848,12.1071037823086,0.0212408549021,14.6703277367798,0.0257378071937015,NA,NA,NA,NA
"afc6188434cf40287da26467d94c54a7","SoilMoistFrac","grass.GDD",0,0,0,0,0,0,NA,NA,NA,NA
"afc6188434cf40287da26467d94c54a7","SoilMoistFrac","grass.SLA",48.8325698850642,0.301571173471581,42.6175798781547,0.263189785109076,51.6402498403055,0.318910325206328,NA,NA,NA,NA
"afc6188434cf40287da26467d94c54a7","SoilMoistFrac","grass.Vm_low_temp",0,0,0,0,0,0,NA,NA,NA,NA
"afc6188434cf40287da26467d94c54a7","SoilMoistFrac","grass.coarse_root_respiration_Q10",0.277690375023861,9.7519691650881e-06,0.242348329543758,8.51082230242321e-06,0.293656475140095,1.03126688868802e-05,NA,NA,NA,NA
"afc6188434cf40287da26467d94c54a7","SoilMoistFrac","grass.dVPDSlope",-55.0611903181572,0.383408606100756,-58.2269913548809,0.334611652324049,-48.0534750084505,0.405453087080352,NA,NA,NA,NA
"afc6188434cf40287da26467d94c54a7","SoilMoistFrac","grass.dVpdExp",-46.404256180069,0.272324237813197,-49.0723176853578,0.237665148180359,-40.4983210815068,0.287981806227763,NA,NA,NA,NA
"afc6188434cf40287da26467d94c54a7","SoilMoistFrac","grass.extinction_coefficient",0,0,0,0,0,0,NA,NA,NA,NA
"afc6188434cf40287da26467d94c54a7","SoilMoistFrac","grass.fine_root_respiration_Q10",0,0,0,0,0,0,NA,NA,NA,NA
"afc6188434cf40287da26467d94c54a7","SoilMoistFrac","grass.fracLeafFall",-3.98051005657137,0.00200377113592031,-4.20937366796386,0.00174874835880272,-3.4739049304799,0.00211898006443782,NA,NA,NA,NA
"afc6188434cf40287da26467d94c54a7","SoilMoistFrac","grass.growth_resp_factor",0,0,0,0,0,0,NA,NA,NA,NA
"afc6188434cf40287da26467d94c54a7","SoilMoistFrac","grass.half_saturation_PAR",0,0,0,0,0,0,NA,NA,NA,NA
"afc6188434cf40287da26467d94c54a7","SoilMoistFrac","grass.leafC",0,0,0,0,0,0,NA,NA,NA,NA
"afc6188434cf40287da26467d94c54a7","SoilMoistFrac","grass.leafGrowth",-34.6918838730264,0.152204128713543,-36.6865302164221,0.13283289469511,-30.2765989085202,0.160955265143589,NA,NA,NA,NA
"afc6188434cf40287da26467d94c54a7","SoilMoistFrac","grass.leaf_respiration_rate_m2",0.281488571642777,1.00205647811097e-05,0.245663124324795,8.74523337576352e-06,0.297673053067595,1.05967076902857e-05,NA,NA,NA,NA
"afc6188434cf40287da26467d94c54a7","SoilMoistFrac","grass.leaf_turnover_rate",0,0,0,0,0,0,NA,NA,NA,NA
"afc6188434cf40287da26467d94c54a7","SoilMoistFrac","grass.psnTOpt",0,0,0,0,0,0,NA,NA,NA,NA
"afc6188434cf40287da26467d94c54a7","SoilMoistFrac","grass.root_respiration_rate",0,0,0,0,0,0,NA,NA,NA,NA
"afc6188434cf40287da26467d94c54a7","SoilMoistFrac","grass.root_turnover_rate",-0.0527527308174937,3.51933459141803e-07,-0.0557858045477751,3.07142391688022e-07,-0.0460388164025945,3.72168243449426e-07,NA,NA,NA,NA
"afc6188434cf40287da26467d94c54a7","SoilMoistFrac","grass.stem_respiration_rate",-0.0510646434314303,3.29770097620134e-07,-0.0540006588023482,2.87799792430164e-07,-0.0445655742777956,3.48730576151271e-07,NA,NA,NA,NA
"afc6188434cf40287da26467d94c54a7","SoilMoistFrac","grass.veg_respiration_Q10",0,0,0,0,0,0,NA,NA,NA,NA
"afc6188434cf40287da26467d94c54a7","SoilMoistFrac","ic_ensemble",2.8642622724715,0.00103751941068482,2.49972357539951,0.000905472852730618,3.02894604373113,0.00109717268020166,NA,NA,NA,NA
"afc6188434cf40287da26467d94c54a7","SoilMoistFrac","met_ensemble",-27.0912704168296,0.0928174019631758,-28.6489114971656,0.0810044003737413,-23.6433262412237,0.0981540360908277,NA,NA,NA,NA
"afc6188434cf40287da26467d94c54a7","SoilMoistFrac","temperate.deciduous.Amax",0,0,0,0,0,0,NA,NA,NA,NA
"afc6188434cf40287da26467d94c54a7","SoilMoistFrac","temperate.deciduous.AmaxFrac",0,0,0,0,0,0,NA,NA,NA,NA
"afc6188434cf40287da26467d94c54a7","SoilMoistFrac","temperate.deciduous.GDD",0,0,0,0,0,0,NA,NA,NA,NA
"afc6188434cf40287da26467d94c54a7","SoilMoistFrac","temperate.deciduous.SLA",0,0,0,0,0,0,NA,NA,NA,NA
"afc6188434cf40287da26467d94c54a7","SoilMoistFrac","temperate.deciduous.Vm_low_temp",0,0,0,0,0,0,NA,NA,NA,NA
"afc6188434cf40287da26467d94c54a7","SoilMoistFrac","temperate.deciduous.coarse_root_respiration_Q10",0,0,0,0,0,0,NA,NA,NA,NA
"afc6188434cf40287da26467d94c54a7","SoilMoistFrac","temperate.deciduous.dVPDSlope",0,0,0,0,0,0,NA,NA,NA,NA
"afc6188434cf40287da26467d94c54a7","SoilMoistFrac","temperate.deciduous.dVpdExp",0,0,0,0,0,0,NA,NA,NA,NA
"afc6188434cf40287da26467d94c54a7","SoilMoistFrac","temperate.deciduous.extinction_coefficient",0,0,0,0,0,0,NA,NA,NA,NA
"afc6188434cf40287da26467d94c54a7","SoilMoistFrac","temperate.deciduous.fine_root_respiration_Q10",0,0,0,0,0,0,NA,NA,NA,NA
"afc6188434cf40287da26467d94c54a7","SoilMoistFrac","temperate.deciduous.fracLeafFall",0,0,0,0,0,0,NA,NA,NA,NA
"afc6188434cf40287da26467d94c54a7","SoilMoistFrac","temperate.deciduous.growth_resp_factor",0,0,0,0,0,0,NA,NA,NA,NA
"afc6188434cf40287da26467d94c54a7","SoilMoistFrac","temperate.deciduous.half_saturation_PAR",0,0,0,0,0,0,NA,NA,NA,NA
"afc6188434cf40287da26467d94c54a7","SoilMoistFrac","temperate.deciduous.leafC",0,0,0,0,0,0,NA,NA,NA,NA
"afc6188434cf40287da26467d94c54a7","SoilMoistFrac","temperate.deciduous.leafGrowth",0,0,0,0,0,0,NA,NA,NA,NA
"afc6188434cf40287da26467d94c54a7","SoilMoistFrac","temperate.deciduous.leafWHC",0,0,0,0,0,0,NA,NA,NA,NA
"afc6188434cf40287da26467d94c54a7","SoilMoistFrac","temperate.deciduous.leaf_allocation_fraction",0,0,0,0,0,0,NA,NA,NA,NA
"afc6188434cf40287da26467d94c54a7","SoilMoistFrac","temperate.deciduous.leaf_respiration_rate_m2",0,0,0,0,0,0,NA,NA,NA,NA
"afc6188434cf40287da26467d94c54a7","SoilMoistFrac","temperate.deciduous.leaf_turnover_rate",0,0,0,0,0,0,NA,NA,NA,NA
"afc6188434cf40287da26467d94c54a7","SoilMoistFrac","temperate.deciduous.psnTOpt",0,0,0,0,0,0,NA,NA,NA,NA
"afc6188434cf40287da26467d94c54a7","SoilMoistFrac","temperate.deciduous.root_allocation_fraction",0,0,0,0,0,0,NA,NA,NA,NA
"afc6188434cf40287da26467d94c54a7","SoilMoistFrac","temperate.deciduous.root_respiration_rate",0,0,0,0,0,0,NA,NA,NA,NA
"afc6188434cf40287da26467d94c54a7","SoilMoistFrac","temperate.deciduous.root_turnover_rate",0,0,0,0,0,0,NA,NA,NA,NA
"afc6188434cf40287da26467d94c54a7","SoilMoistFrac","temperate.deciduous.stem_respiration_rate",0,0,0,0,0,0,NA,NA,NA,NA
"afc6188434cf40287da26467d94c54a7","SoilMoistFrac","temperate.deciduous.veg_respiration_Q10",0,0,0,0,0,0,NA,NA,NA,NA
"afc6188434cf40287da26467d94c54a7","SoilMoistFrac","temperate.deciduous.wood_allocation_fraction",0,0,0,0,0,0,NA,NA,NA,NA
"afc6188434cf40287da26467d94c54a7","SoilMoistFrac","temperate.deciduous.wood_turnover_rate",0,0,0,0,0,0,NA,NA,NA,NA
"afc6188434cf40287da26467d94c54a7","SoilMoistFrac","temperate.deciduous.wueConst",0,0,0,0,0,0,NA,NA,NA,NA
"afc6188434cf40287da26467d94c54a7","TotSoilCarb","dummy",0,0,0,0,0,0,NA,NA,NA,NA
"afc6188434cf40287da26467d94c54a7","TotSoilCarb","grass.Amax",-0.00659041606047397,8.62003386606503e-06,-0.357318428665385,-0.000906597694143552,0.693136024371537,0.000467360016090281,NA,NA,NA,NA
"afc6188434cf40287da26467d94c54a7","TotSoilCarb","grass.AmaxFrac",-0.0107406013834382,2.28949924111531e-05,-0.582332704647998,-0.00240794266587501,1.12962484825888,0.0012413180954877,NA,NA,NA,NA
"afc6188434cf40287da26467d94c54a7","TotSoilCarb","grass.GDD",0,0,0,0,0,0,NA,NA,NA,NA
"afc6188434cf40287da26467d94c54a7","TotSoilCarb","grass.SLA",-0.0371721423045086,0.000274232225587705,-2.01539498515635,-0.0288419172407683,3.909518109008,0.0148682916279133,NA,NA,NA,NA
"afc6188434cf40287da26467d94c54a7","TotSoilCarb","grass.Vm_low_temp",0,0,0,0,0,0,NA,NA,NA,NA
"afc6188434cf40287da26467d94c54a7","TotSoilCarb","grass.coarse_root_respiration_Q10",-0.000475003635858101,4.47792869686709e-08,-0.025753693123125,-4.70958686960722e-06,0.0499577156737251,2.42783828965892e-06,NA,NA,NA,NA
"afc6188434cf40287da26467d94c54a7","TotSoilCarb","grass.dVPDSlope",0.039258247306043,0.000305875800658028,-4.12892072546149,-0.0321699775058388,2.12849918894855,0.0165839393833403,NA,NA,NA,NA
"afc6188434cf40287da26467d94c54a7","TotSoilCarb","grass.dVpdExp",0.0335090985144,0.000222848027688156,-3.52426358387987,-0.0234376698729546,1.81679249341625,0.0120823490283534,NA,NA,NA,NA
"afc6188434cf40287da26467d94c54a7","TotSoilCarb","grass.extinction_coefficient",0,0,0,0,0,0,NA,NA,NA,NA
"afc6188434cf40287da26467d94c54a7","TotSoilCarb","grass.fine_root_respiration_Q10",0,0,0,0,0,0,NA,NA,NA,NA
"afc6188434cf40287da26467d94c54a7","TotSoilCarb","grass.fracLeafFall",0.00196185257380699,7.63864001056337e-07,-0.206334574469013,-8.03381231161069e-05,0.106367499792637,4.14150915612868e-05,NA,NA,NA,NA
"afc6188434cf40287da26467d94c54a7","TotSoilCarb","grass.growth_resp_factor",0,0,0,0,0,0,NA,NA,NA,NA
"afc6188434cf40287da26467d94c54a7","TotSoilCarb","grass.half_saturation_PAR",0,0,0,0,0,0,NA,NA,NA,NA
"afc6188434cf40287da26467d94c54a7","TotSoilCarb","grass.leafC",0,0,0,0,0,0,NA,NA,NA,NA
"afc6188434cf40287da26467d94c54a7","TotSoilCarb","grass.leafGrowth",0.106143173035075,0.00223597754933657,-11.1634313064024,-0.235165211863681,5.75485848760262,0.121229976549093,NA,NA,NA,NA
"afc6188434cf40287da26467d94c54a7","TotSoilCarb","grass.leaf_respiration_rate_m2",-0.00187444818224004,6.97316889864072e-07,-0.101628618428156,-7.33391416160072e-05,0.197141963270051,3.78070478527791e-05,NA,NA,NA,NA
"afc6188434cf40287da26467d94c54a7","TotSoilCarb","grass.leaf_turnover_rate",0,0,0,0,0,0,NA,NA,NA,NA
"afc6188434cf40287da26467d94c54a7","TotSoilCarb","grass.psnTOpt",0,0,0,0,0,0,NA,NA,NA,NA
"afc6188434cf40287da26467d94c54a7","TotSoilCarb","grass.root_respiration_rate",0,0,0,0,0,0,NA,NA,NA,NA
"afc6188434cf40287da26467d94c54a7","TotSoilCarb","grass.root_turnover_rate",0.0052594141431289,5.48981925272757e-06,-0.553150116205201,-0.000577382589572084,0.285154318039849,0.000297646396076019,NA,NA,NA,NA
"afc6188434cf40287da26467d94c54a7","TotSoilCarb","grass.stem_respiration_rate",3.01967787554194e-05,1.80969147345316e-10,-0.00317589587414501,-1.90331284358727e-08,0.00163720551732006,9.81176465537023e-09,NA,NA,NA,NA
"afc6188434cf40287da26467d94c54a7","TotSoilCarb","grass.veg_respiration_Q10",0,0,0,0,0,0,NA,NA,NA,NA
"afc6188434cf40287da26467d94c54a7","TotSoilCarb","ic_ensemble",-0.41933502554967,0.0348984054594261,-22.7354587386993,-3.67038162615077,44.1028623719899,1.89211777940357,NA,NA,NA,NA
"afc6188434cf40287da26467d94c54a7","TotSoilCarb","met_ensemble",-0.00332466396750859,2.19370800131088e-06,-0.180256252990674,-0.000230719582604213,0.349665991291675,0.000118938211000098,NA,NA,NA,NA
"afc6188434cf40287da26467d94c54a7","TotSoilCarb","temperate.deciduous.Amax",0,0,0,0,0,0,NA,NA,NA,NA
"afc6188434cf40287da26467d94c54a7","TotSoilCarb","temperate.deciduous.AmaxFrac",0,0,0,0,0,0,NA,NA,NA,NA
"afc6188434cf40287da26467d94c54a7","TotSoilCarb","temperate.deciduous.GDD",0,0,0,0,0,0,NA,NA,NA,NA
"afc6188434cf40287da26467d94c54a7","TotSoilCarb","temperate.deciduous.SLA",0,0,0,0,0,0,NA,NA,NA,NA
"afc6188434cf40287da26467d94c54a7","TotSoilCarb","temperate.deciduous.Vm_low_temp",0,0,0,0,0,0,NA,NA,NA,NA
"afc6188434cf40287da26467d94c54a7","TotSoilCarb","temperate.deciduous.coarse_root_respiration_Q10",0,0,0,0,0,0,NA,NA,NA,NA
"afc6188434cf40287da26467d94c54a7","TotSoilCarb","temperate.deciduous.dVPDSlope",0,0,0,0,0,0,NA,NA,NA,NA
"afc6188434cf40287da26467d94c54a7","TotSoilCarb","temperate.deciduous.dVpdExp",0,0,0,0,0,0,NA,NA,NA,NA
"afc6188434cf40287da26467d94c54a7","TotSoilCarb","temperate.deciduous.extinction_coefficient",0,0,0,0,0,0,NA,NA,NA,NA
"afc6188434cf40287da26467d94c54a7","TotSoilCarb","temperate.deciduous.fine_root_respiration_Q10",0,0,0,0,0,0,NA,NA,NA,NA
"afc6188434cf40287da26467d94c54a7","TotSoilCarb","temperate.deciduous.fracLeafFall",0,0,0,0,0,0,NA,NA,NA,NA
"afc6188434cf40287da26467d94c54a7","TotSoilCarb","temperate.deciduous.growth_resp_factor",0,0,0,0,0,0,NA,NA,NA,NA
"afc6188434cf40287da26467d94c54a7","TotSoilCarb","temperate.deciduous.half_saturation_PAR",0,0,0,0,0,0,NA,NA,NA,NA
"afc6188434cf40287da26467d94c54a7","TotSoilCarb","temperate.deciduous.leafC",0,0,0,0,0,0,NA,NA,NA,NA
"afc6188434cf40287da26467d94c54a7","TotSoilCarb","temperate.deciduous.leafGrowth",0,0,0,0,0,0,NA,NA,NA,NA
"afc6188434cf40287da26467d94c54a7","TotSoilCarb","temperate.deciduous.leafWHC",0,0,0,0,0,0,NA,NA,NA,NA
"afc6188434cf40287da26467d94c54a7","TotSoilCarb","temperate.deciduous.leaf_allocation_fraction",0,0,0,0,0,0,NA,NA,NA,NA
"afc6188434cf40287da26467d94c54a7","TotSoilCarb","temperate.deciduous.leaf_respiration_rate_m2",0,0,0,0,0,0,NA,NA,NA,NA
"afc6188434cf40287da26467d94c54a7","TotSoilCarb","temperate.deciduous.leaf_turnover_rate",0,0,0,0,0,0,NA,NA,NA,NA
"afc6188434cf40287da26467d94c54a7","TotSoilCarb","temperate.deciduous.psnTOpt",0,0,0,0,0,0,NA,NA,NA,NA
"afc6188434cf40287da26467d94c54a7","TotSoilCarb","temperate.deciduous.root_allocation_fraction",0,0,0,0,0,0,NA,NA,NA,NA
"afc6188434cf40287da26467d94c54a7","TotSoilCarb","temperate.deciduous.root_respiration_rate",0,0,0,0,0,0,NA,NA,NA,NA
"afc6188434cf40287da26467d94c54a7","TotSoilCarb","temperate.deciduous.root_turnover_rate",0,0,0,0,0,0,NA,NA,NA,NA
"afc6188434cf40287da26467d94c54a7","TotSoilCarb","temperate.deciduous.stem_respiration_rate",0,0,0,0,0,0,NA,NA,NA,NA
"afc6188434cf40287da26467d94c54a7","TotSoilCarb","temperate.deciduous.veg_respiration_Q10",0,0,0,0,0,0,NA,NA,NA,NA
"afc6188434cf40287da26467d94c54a7","TotSoilCarb","temperate.deciduous.wood_allocation_fraction",0,0,0,0,0,0,NA,NA,NA,NA
"afc6188434cf40287da26467d94c54a7","TotSoilCarb","temperate.deciduous.wood_turnover_rate",0,0,0,0,0,0,NA,NA,NA,NA
"afc6188434cf40287da26467d94c54a7","TotSoilCarb","temperate.deciduous.wueConst",0,0,0,0,0,0,NA,NA,NA,NA
"bb523eef65a549b58d61393d57c00566","AbvGrndWood","dummy",0,0,0,0,0,0,NA,NA,NA,NA
"bb523eef65a549b58d61393d57c00566","AbvGrndWood","grass.Amax",-0.0106873627733855,1.41463606210212e-05,-0.0107005760372799,1.41094256838024e-05,-0.010659458983595,1.41638503984335e-05,NA,NA,NA,NA
"bb523eef65a549b58d61393d57c00566","AbvGrndWood","grass.AmaxFrac",-0.0168679900567355,3.52395452061909e-05,-0.0168888447061672,3.51475377687531e-05,-0.0168239491779227,3.52831134297275e-05,NA,NA,NA,NA
"bb523eef65a549b58d61393d57c00566","AbvGrndWood","grass.GDD",0,0,0,0,0,0,NA,NA,NA,NA
"bb523eef65a549b58d61393d57c00566","AbvGrndWood","grass.SLA",0.0731309109259157,0.000662377525415839,0.0729399723745691,0.000660648114370001,0.0732213259371201,0.000663196452332293,NA,NA,NA,NA
"bb523eef65a549b58d61393d57c00566","AbvGrndWood","grass.Vm_low_temp",0,0,0,0,0,0,NA,NA,NA,NA
"bb523eef65a549b58d61393d57c00566","AbvGrndWood","grass.coarse_root_respiration_Q10",0.0068150005321671,5.75221897479383e-06,0.00679720714886908,5.73720042321052e-06,0.00682342622168296,5.75933070000648e-06,NA,NA,NA,NA
"bb523eef65a549b58d61393d57c00566","AbvGrndWood","grass.dVPDSlope",-0.0131626032382589,2.1457899317634e-05,-0.0131788767524842,2.14018745784536e-05,-0.0131282368073961,2.14844286768702e-05,NA,NA,NA,NA
"bb523eef65a549b58d61393d57c00566","AbvGrndWood","grass.dVpdExp",-0.0181689290475984,4.08848378869727e-05,-0.0181913921060044,4.07780910733567e-05,-0.0181214915283888,4.09353856379694e-05,NA,NA,NA,NA
"bb523eef65a549b58d61393d57c00566","AbvGrndWood","grass.extinction_coefficient",0,0,0,0,0,0,NA,NA,NA,NA
"bb523eef65a549b58d61393d57c00566","AbvGrndWood","grass.fine_root_respiration_Q10",0,0,0,0,0,0,NA,NA,NA,NA
"bb523eef65a549b58d61393d57c00566","AbvGrndWood","grass.fracLeafFall",0.00827341618284329,8.47760866305849e-06,0.0082518150010634,8.45547435218346e-06,0.00828364497676093,8.48808990925865e-06,NA,NA,NA,NA
"bb523eef65a549b58d61393d57c00566","AbvGrndWood","grass.growth_resp_factor",0,0,0,0,0,0,NA,NA,NA,NA
"bb523eef65a549b58d61393d57c00566","AbvGrndWood","grass.half_saturation_PAR",0,0,0,0,0,0,NA,NA,NA,NA
"bb523eef65a549b58d61393d57c00566","AbvGrndWood","grass.leafC",0,0,0,0,0,0,NA,NA,NA,NA
"bb523eef65a549b58d61393d57c00566","AbvGrndWood","grass.leafGrowth",-0.397171820990989,0.0195371170466629,-0.397662862250975,0.0194861073056499,-0.396134839348404,0.0195612716569954,NA,NA,NA,NA
"bb523eef65a549b58d61393d57c00566","AbvGrndWood","grass.leaf_respiration_rate_m2",-0.198105338267276,0.00486066823282226,-0.198350264744361,0.00484797744394515,-0.197588102178953,0.00486667769403596,NA,NA,NA,NA
"bb523eef65a549b58d61393d57c00566","AbvGrndWood","grass.leaf_turnover_rate",0,0,0,0,0,0,NA,NA,NA,NA
"bb523eef65a549b58d61393d57c00566","AbvGrndWood","grass.psnTOpt",0,0,0,0,0,0,NA,NA,NA,NA
"bb523eef65a549b58d61393d57c00566","AbvGrndWood","grass.root_respiration_rate",0,0,0,0,0,0,NA,NA,NA,NA
"bb523eef65a549b58d61393d57c00566","AbvGrndWood","grass.root_turnover_rate",-0.000192435176354571,4.58640652448533e-09,-0.000192673092557253,4.57443180946285e-09,-0.000191932744573863,4.59207690370048e-09,NA,NA,NA,NA
"bb523eef65a549b58d61393d57c00566","AbvGrndWood","grass.stem_respiration_rate",0.0628654153523717,0.000489471264616167,0.0627012791316517,0.000488193297023417,0.0629431386729414,0.0004900764198004,NA,NA,NA,NA
"bb523eef65a549b58d61393d57c00566","AbvGrndWood","grass.veg_respiration_Q10",0,0,0,0,0,0,NA,NA,NA,NA
"bb523eef65a549b58d61393d57c00566","AbvGrndWood","ic_ensemble",4.48638359514066,2.49285162525389,4.47467003142875,2.48634300294874,4.49193031154124,2.49593364904895,NA,NA,NA,NA
"bb523eef65a549b58d61393d57c00566","AbvGrndWood","met_ensemble",-0.0361851549414436,0.000162167751575422,-0.0362298922645268,0.000161744345451132,-0.0360906785978934,0.000162368246809107,NA,NA,NA,NA
"bb523eef65a549b58d61393d57c00566","AbvGrndWood","temperate.deciduous.Amax",0,0,0,0,0,0,NA,NA,NA,NA
"bb523eef65a549b58d61393d57c00566","AbvGrndWood","temperate.deciduous.AmaxFrac",0,0,0,0,0,0,NA,NA,NA,NA
"bb523eef65a549b58d61393d57c00566","AbvGrndWood","temperate.deciduous.GDD",0,0,0,0,0,0,NA,NA,NA,NA
"bb523eef65a549b58d61393d57c00566","AbvGrndWood","temperate.deciduous.SLA",0,0,0,0,0,0,NA,NA,NA,NA
"bb523eef65a549b58d61393d57c00566","AbvGrndWood","temperate.deciduous.Vm_low_temp",0,0,0,0,0,0,NA,NA,NA,NA
"bb523eef65a549b58d61393d57c00566","AbvGrndWood","temperate.deciduous.coarse_root_respiration_Q10",0,0,0,0,0,0,NA,NA,NA,NA
"bb523eef65a549b58d61393d57c00566","AbvGrndWood","temperate.deciduous.dVPDSlope",0,0,0,0,0,0,NA,NA,NA,NA
"bb523eef65a549b58d61393d57c00566","AbvGrndWood","temperate.deciduous.dVpdExp",0,0,0,0,0,0,NA,NA,NA,NA
"bb523eef65a549b58d61393d57c00566","AbvGrndWood","temperate.deciduous.extinction_coefficient",0,0,0,0,0,0,NA,NA,NA,NA
"bb523eef65a549b58d61393d57c00566","AbvGrndWood","temperate.deciduous.fine_root_respiration_Q10",0,0,0,0,0,0,NA,NA,NA,NA
"bb523eef65a549b58d61393d57c00566","AbvGrndWood","temperate.deciduous.fracLeafFall",0,0,0,0,0,0,NA,NA,NA,NA
"bb523eef65a549b58d61393d57c00566","AbvGrndWood","temperate.deciduous.growth_resp_factor",0,0,0,0,0,0,NA,NA,NA,NA
"bb523eef65a549b58d61393d57c00566","AbvGrndWood","temperate.deciduous.half_saturation_PAR",0,0,0,0,0,0,NA,NA,NA,NA
"bb523eef65a549b58d61393d57c00566","AbvGrndWood","temperate.deciduous.leafC",0,0,0,0,0,0,NA,NA,NA,NA
"bb523eef65a549b58d61393d57c00566","AbvGrndWood","temperate.deciduous.leafGrowth",0,0,0,0,0,0,NA,NA,NA,NA
"bb523eef65a549b58d61393d57c00566","AbvGrndWood","temperate.deciduous.leafWHC",0,0,0,0,0,0,NA,NA,NA,NA
"bb523eef65a549b58d61393d57c00566","AbvGrndWood","temperate.deciduous.leaf_allocation_fraction",0,0,0,0,0,0,NA,NA,NA,NA
"bb523eef65a549b58d61393d57c00566","AbvGrndWood","temperate.deciduous.leaf_respiration_rate_m2",0,0,0,0,0,0,NA,NA,NA,NA
"bb523eef65a549b58d61393d57c00566","AbvGrndWood","temperate.deciduous.leaf_turnover_rate",0,0,0,0,0,0,NA,NA,NA,NA
"bb523eef65a549b58d61393d57c00566","AbvGrndWood","temperate.deciduous.psnTOpt",0,0,0,0,0,0,NA,NA,NA,NA
"bb523eef65a549b58d61393d57c00566","AbvGrndWood","temperate.deciduous.root_allocation_fraction",0,0,0,0,0,0,NA,NA,NA,NA
"bb523eef65a549b58d61393d57c00566","AbvGrndWood","temperate.deciduous.root_respiration_rate",0,0,0,0,0,0,NA,NA,NA,NA
"bb523eef65a549b58d61393d57c00566","AbvGrndWood","temperate.deciduous.root_turnover_rate",0,0,0,0,0,0,NA,NA,NA,NA
"bb523eef65a549b58d61393d57c00566","AbvGrndWood","temperate.deciduous.stem_respiration_rate",0,0,0,0,0,0,NA,NA,NA,NA
"bb523eef65a549b58d61393d57c00566","AbvGrndWood","temperate.deciduous.veg_respiration_Q10",0,0,0,0,0,0,NA,NA,NA,NA
"bb523eef65a549b58d61393d57c00566","AbvGrndWood","temperate.deciduous.wood_allocation_fraction",0,0,0,0,0,0,NA,NA,NA,NA
"bb523eef65a549b58d61393d57c00566","AbvGrndWood","temperate.deciduous.wood_turnover_rate",0,0,0,0,0,0,NA,NA,NA,NA
"bb523eef65a549b58d61393d57c00566","AbvGrndWood","temperate.deciduous.wueConst",0,0,0,0,0,0,NA,NA,NA,NA
"bb523eef65a549b58d61393d57c00566","NPP","dummy",0,0,0,0,0,0,NA,NA,NA,NA
"bb523eef65a549b58d61393d57c00566","NPP","grass.Amax",0.0569929418390157,0.00117661254673503,0.048616660095867,0.00100368520036616,0.0609657252857611,0.00125863019134277,NA,NA,NA,NA
"bb523eef65a549b58d61393d57c00566","NPP","grass.AmaxFrac",0.091792012596461,0.00305211652188721,0.0783012936676082,0.0026035453993005,0.0981905204891878,0.00326486914711476,NA,NA,NA,NA
"bb523eef65a549b58d61393d57c00566","NPP","grass.GDD",0,0,0,0,0,0,NA,NA,NA,NA
"bb523eef65a549b58d61393d57c00566","NPP","grass.SLA",0.0409573250043291,0.000607651388007562,0.0349378060496659,0.000518344553453491,0.0438123203344487,0.000650008692224059,NA,NA,NA,NA
"bb523eef65a549b58d61393d57c00566","NPP","grass.Vm_low_temp",0,0,0,0,0,0,NA,NA,NA,NA
"bb523eef65a549b58d61393d57c00566","NPP","grass.coarse_root_respiration_Q10",0.0742761169963789,0.00199843353499098,0.063359718181485,0.00170472273863791,0.0794536515922459,0.0021377375156428,NA,NA,NA,NA
"bb523eef65a549b58d61393d57c00566","NPP","grass.dVPDSlope",-0.0133357651163087,6.44209612525965e-05,-0.0142653557848059,5.49529797060321e-05,-0.0113758009124924,6.89115265792759e-05,NA,NA,NA,NA
"bb523eef65a549b58d61393d57c00566","NPP","grass.dVpdExp",0.01455828389768,7.67735625811222e-05,0.0124186454847664,6.54901129142985e-05,0.0155730921777139,8.21251855843965e-05,NA,NA,NA,NA
"bb523eef65a549b58d61393d57c00566","NPP","grass.extinction_coefficient",0,0,0,0,0,0,NA,NA,NA,NA
"bb523eef65a549b58d61393d57c00566","NPP","grass.fine_root_respiration_Q10",0,0,0,0,0,0,NA,NA,NA,NA
"bb523eef65a549b58d61393d57c00566","NPP","grass.fracLeafFall",-0.00838235468046309,2.54520865696307e-05,-0.00896666001450526,2.17113804193773e-05,-0.00715039573591717,2.72262646510952e-05,NA,NA,NA,NA
"bb523eef65a549b58d61393d57c00566","NPP","grass.growth_resp_factor",0,0,0,0,0,0,NA,NA,NA,NA
"bb523eef65a549b58d61393d57c00566","NPP","grass.half_saturation_PAR",0,0,0,0,0,0,NA,NA,NA,NA
"bb523eef65a549b58d61393d57c00566","NPP","grass.leafC",0,0,0,0,0,0,NA,NA,NA,NA
"bb523eef65a549b58d61393d57c00566","NPP","grass.leafGrowth",0.70430485326159,0.179685357355332,0.600792809600992,0.153276908699041,0.753399540642417,0.192210610312797,NA,NA,NA,NA
"bb523eef65a549b58d61393d57c00566","NPP","grass.leaf_respiration_rate_m2",0.625337504555973,0.141651206530596,0.533431332428312,0.120832656428223,0.668927647590638,0.151525228652596,NA,NA,NA,NA
"bb523eef65a549b58d61393d57c00566","NPP","grass.leaf_turnover_rate",0,0,0,0,0,0,NA,NA,NA,NA
"bb523eef65a549b58d61393d57c00566","NPP","grass.psnTOpt",0,0,0,0,0,0,NA,NA,NA,NA
"bb523eef65a549b58d61393d57c00566","NPP","grass.root_respiration_rate",0,0,0,0,0,0,NA,NA,NA,NA
"bb523eef65a549b58d61393d57c00566","NPP","grass.root_turnover_rate",-0.00378833530805672,5.19862090670256e-06,-0.00405240723199917,4.43457693940985e-06,-0.00323156173480561,5.56099902612636e-06,NA,NA,NA,NA
"bb523eef65a549b58d61393d57c00566","NPP","grass.stem_respiration_rate",-0.0905915875280059,0.00297280940427346,-0.0969064178865131,0.00253589408922948,-0.0772772956839897,0.00318003380102397,NA,NA,NA,NA
"bb523eef65a549b58d61393d57c00566","NPP","grass.veg_respiration_Q10",0,0,0,0,0,0,NA,NA,NA,NA
"bb523eef65a549b58d61393d57c00566","NPP","ic_ensemble",1.30083068326045,0.612961038013689,1.10964693398322,0.52287384148893,1.39150715018285,0.655688459809165,NA,NA,NA,NA
"bb523eef65a549b58d61393d57c00566","NPP","met_ensemble",0.0977705713116252,0.00346264231069356,0.0834011805578011,0.00295373600345217,0.104585824126313,0.00370401128744826,NA,NA,NA,NA
"bb523eef65a549b58d61393d57c00566","NPP","temperate.deciduous.Amax",0,0,0,0,0,0,NA,NA,NA,NA
"bb523eef65a549b58d61393d57c00566","NPP","temperate.deciduous.AmaxFrac",0,0,0,0,0,0,NA,NA,NA,NA
"bb523eef65a549b58d61393d57c00566","NPP","temperate.deciduous.GDD",0,0,0,0,0,0,NA,NA,NA,NA
"bb523eef65a549b58d61393d57c00566","NPP","temperate.deciduous.SLA",0,0,0,0,0,0,NA,NA,NA,NA
"bb523eef65a549b58d61393d57c00566","NPP","temperate.deciduous.Vm_low_temp",0,0,0,0,0,0,NA,NA,NA,NA
"bb523eef65a549b58d61393d57c00566","NPP","temperate.deciduous.coarse_root_respiration_Q10",0,0,0,0,0,0,NA,NA,NA,NA
"bb523eef65a549b58d61393d57c00566","NPP","temperate.deciduous.dVPDSlope",0,0,0,0,0,0,NA,NA,NA,NA
"bb523eef65a549b58d61393d57c00566","NPP","temperate.deciduous.dVpdExp",0,0,0,0,0,0,NA,NA,NA,NA
"bb523eef65a549b58d61393d57c00566","NPP","temperate.deciduous.extinction_coefficient",0,0,0,0,0,0,NA,NA,NA,NA
"bb523eef65a549b58d61393d57c00566","NPP","temperate.deciduous.fine_root_respiration_Q10",0,0,0,0,0,0,NA,NA,NA,NA
"bb523eef65a549b58d61393d57c00566","NPP","temperate.deciduous.fracLeafFall",0,0,0,0,0,0,NA,NA,NA,NA
"bb523eef65a549b58d61393d57c00566","NPP","temperate.deciduous.growth_resp_factor",0,0,0,0,0,0,NA,NA,NA,NA
"bb523eef65a549b58d61393d57c00566","NPP","temperate.deciduous.half_saturation_PAR",0,0,0,0,0,0,NA,NA,NA,NA
"bb523eef65a549b58d61393d57c00566","NPP","temperate.deciduous.leafC",0,0,0,0,0,0,NA,NA,NA,NA
"bb523eef65a549b58d61393d57c00566","NPP","temperate.deciduous.leafGrowth",0,0,0,0,0,0,NA,NA,NA,NA
"bb523eef65a549b58d61393d57c00566","NPP","temperate.deciduous.leafWHC",0,0,0,0,0,0,NA,NA,NA,NA
"bb523eef65a549b58d61393d57c00566","NPP","temperate.deciduous.leaf_allocation_fraction",0,0,0,0,0,0,NA,NA,NA,NA
"bb523eef65a549b58d61393d57c00566","NPP","temperate.deciduous.leaf_respiration_rate_m2",0,0,0,0,0,0,NA,NA,NA,NA
"bb523eef65a549b58d61393d57c00566","NPP","temperate.deciduous.leaf_turnover_rate",0,0,0,0,0,0,NA,NA,NA,NA
"bb523eef65a549b58d61393d57c00566","NPP","temperate.deciduous.psnTOpt",0,0,0,0,0,0,NA,NA,NA,NA
"bb523eef65a549b58d61393d57c00566","NPP","temperate.deciduous.root_allocation_fraction",0,0,0,0,0,0,NA,NA,NA,NA
"bb523eef65a549b58d61393d57c00566","NPP","temperate.deciduous.root_respiration_rate",0,0,0,0,0,0,NA,NA,NA,NA
"bb523eef65a549b58d61393d57c00566","NPP","temperate.deciduous.root_turnover_rate",0,0,0,0,0,0,NA,NA,NA,NA
"bb523eef65a549b58d61393d57c00566","NPP","temperate.deciduous.stem_respiration_rate",0,0,0,0,0,0,NA,NA,NA,NA
"bb523eef65a549b58d61393d57c00566","NPP","temperate.deciduous.veg_respiration_Q10",0,0,0,0,0,0,NA,NA,NA,NA
"bb523eef65a549b58d61393d57c00566","NPP","temperate.deciduous.wood_allocation_fraction",0,0,0,0,0,0,NA,NA,NA,NA
"bb523eef65a549b58d61393d57c00566","NPP","temperate.deciduous.wood_turnover_rate",0,0,0,0,0,0,NA,NA,NA,NA
"bb523eef65a549b58d61393d57c00566","NPP","temperate.deciduous.wueConst",0,0,0,0,0,0,NA,NA,NA,NA
"bb523eef65a549b58d61393d57c00566","Qle","dummy",0,0,0,0,0,0,NA,NA,NA,NA
"bb523eef65a549b58d61393d57c00566","Qle","grass.Amax",-1.00721095822734,0.000131895473672961,-1.4852458488423,-4.6261228194991e-06,0.0353270773298742,0.00019449471151369,NA,NA,NA,NA
"bb523eef65a549b58d61393d57c00566","Qle","grass.AmaxFrac",-1.56746561036757,0.000319436876247827,-2.31140435078151,-1.12039797989105e-05,0.0549775380987012,0.000471045604238897,NA,NA,NA,NA
"bb523eef65a549b58d61393d57c00566","Qle","grass.GDD",0,0,0,0,0,0,NA,NA,NA,NA
"bb523eef65a549b58d61393d57c00566","Qle","grass.SLA",-4.85760854485457,0.00306784939197314,-7.16309018246174,-0.000107602237467099,0.170376534628213,0.00452388899969952,NA,NA,NA,NA
"bb523eef65a549b58d61393d57c00566","Qle","grass.Vm_low_temp",0,0,0,0,0,0,NA,NA,NA,NA
"bb523eef65a549b58d61393d57c00566","Qle","grass.coarse_root_respiration_Q10",-0.0824083870725056,8.8294130825661e-07,-0.12152043602131,-3.0968423863674e-08,0.00289040487393456,1.30199627212904e-06,NA,NA,NA,NA
"bb523eef65a549b58d61393d57c00566","Qle","grass.dVPDSlope",4.35420314237474,0.00246494016427624,-0.152720013482948,-8.64557033316586e-05,6.42076229354176,0.00363483152832179,NA,NA,NA,NA
"bb523eef65a549b58d61393d57c00566","Qle","grass.dVpdExp",3.83028213059022,0.00190743846523033,-0.134343924594249,-6.69018000774757e-05,5.6481818311094,0.00281273256537189,NA,NA,NA,NA
"bb523eef65a549b58d61393d57c00566","Qle","grass.extinction_coefficient",0,0,0,0,0,0,NA,NA,NA,NA
"bb523eef65a549b58d61393d57c00566","Qle","grass.fine_root_respiration_Q10",0,0,0,0,0,0,NA,NA,NA,NA
"bb523eef65a549b58d61393d57c00566","Qle","grass.fracLeafFall",2.16123486454754,0.000607285535801319,-0.0758034953494393,-2.13000294618767e-05,3.18698390314569,0.000895510829924166,NA,NA,NA,NA
"bb523eef65a549b58d61393d57c00566","Qle","grass.growth_resp_factor",0,0,0,0,0,0,NA,NA,NA,NA
"bb523eef65a549b58d61393d57c00566","Qle","grass.half_saturation_PAR",0,0,0,0,0,0,NA,NA,NA,NA
"bb523eef65a549b58d61393d57c00566","Qle","grass.leafC",0,0,0,0,0,0,NA,NA,NA,NA
"bb523eef65a549b58d61393d57c00566","Qle","grass.leafGrowth",3.95977286443511,0.0020385884436083,-0.138885703186582,-7.15017752764395e-05,5.83913048326184,0.00300612796021993,NA,NA,NA,NA
"bb523eef65a549b58d61393d57c00566","Qle","grass.leaf_respiration_rate_m2",-0.531831025390042,3.67736167730467e-05,-0.784244667210832,-1.28980368296127e-06,0.0186535259638621,5.42268342227043e-05,NA,NA,NA,NA
"bb523eef65a549b58d61393d57c00566","Qle","grass.leaf_turnover_rate",0,0,0,0,0,0,NA,NA,NA,NA
"bb523eef65a549b58d61393d57c00566","Qle","grass.psnTOpt",0,0,0,0,0,0,NA,NA,NA,NA
"bb523eef65a549b58d61393d57c00566","Qle","grass.root_respiration_rate",0,0,0,0,0,0,NA,NA,NA,NA
"bb523eef65a549b58d61393d57c00566","Qle","grass.root_turnover_rate",0.00397220448681693,2.05140874640624e-09,-0.000139321731887057,-7.19514366156409e-11,0.00585746230877084,3.02503293872121e-09,NA,NA,NA,NA
"bb523eef65a549b58d61393d57c00566","Qle","grass.stem_respiration_rate",0.289294997135532,1.0881051209958e-05,-0.0101467787373356,-3.8164372059755e-07,0.426598013133819,1.60453339080757e-05,NA,NA,NA,NA
"bb523eef65a549b58d61393d57c00566","Qle","grass.veg_respiration_Q10",0,0,0,0,0,0,NA,NA,NA,NA
"bb523eef65a549b58d61393d57c00566","Qle","ic_ensemble",-2.75847820456575,0.00098930025554305,-4.067686385843,-3.46988744955107e-05,0.0967513032393663,0.00145883450314119,NA,NA,NA,NA
"bb523eef65a549b58d61393d57c00566","Qle","met_ensemble",-81.8272045271545,0.870531392039504,-120.663416986866,-0.0305331564886737,2.870020384911,1.28369645480142,NA,NA,NA,NA
"bb523eef65a549b58d61393d57c00566","Qle","temperate.deciduous.Amax",0,0,0,0,0,0,NA,NA,NA,NA
"bb523eef65a549b58d61393d57c00566","Qle","temperate.deciduous.AmaxFrac",0,0,0,0,0,0,NA,NA,NA,NA
"bb523eef65a549b58d61393d57c00566","Qle","temperate.deciduous.GDD",0,0,0,0,0,0,NA,NA,NA,NA
"bb523eef65a549b58d61393d57c00566","Qle","temperate.deciduous.SLA",0,0,0,0,0,0,NA,NA,NA,NA
"bb523eef65a549b58d61393d57c00566","Qle","temperate.deciduous.Vm_low_temp",0,0,0,0,0,0,NA,NA,NA,NA
"bb523eef65a549b58d61393d57c00566","Qle","temperate.deciduous.coarse_root_respiration_Q10",0,0,0,0,0,0,NA,NA,NA,NA
"bb523eef65a549b58d61393d57c00566","Qle","temperate.deciduous.dVPDSlope",0,0,0,0,0,0,NA,NA,NA,NA
"bb523eef65a549b58d61393d57c00566","Qle","temperate.deciduous.dVpdExp",0,0,0,0,0,0,NA,NA,NA,NA
"bb523eef65a549b58d61393d57c00566","Qle","temperate.deciduous.extinction_coefficient",0,0,0,0,0,0,NA,NA,NA,NA
"bb523eef65a549b58d61393d57c00566","Qle","temperate.deciduous.fine_root_respiration_Q10",0,0,0,0,0,0,NA,NA,NA,NA
"bb523eef65a549b58d61393d57c00566","Qle","temperate.deciduous.fracLeafFall",0,0,0,0,0,0,NA,NA,NA,NA
"bb523eef65a549b58d61393d57c00566","Qle","temperate.deciduous.growth_resp_factor",0,0,0,0,0,0,NA,NA,NA,NA
"bb523eef65a549b58d61393d57c00566","Qle","temperate.deciduous.half_saturation_PAR",0,0,0,0,0,0,NA,NA,NA,NA
"bb523eef65a549b58d61393d57c00566","Qle","temperate.deciduous.leafC",0,0,0,0,0,0,NA,NA,NA,NA
"bb523eef65a549b58d61393d57c00566","Qle","temperate.deciduous.leafGrowth",0,0,0,0,0,0,NA,NA,NA,NA
"bb523eef65a549b58d61393d57c00566","Qle","temperate.deciduous.leafWHC",0,0,0,0,0,0,NA,NA,NA,NA
"bb523eef65a549b58d61393d57c00566","Qle","temperate.deciduous.leaf_allocation_fraction",0,0,0,0,0,0,NA,NA,NA,NA
"bb523eef65a549b58d61393d57c00566","Qle","temperate.deciduous.leaf_respiration_rate_m2",0,0,0,0,0,0,NA,NA,NA,NA
"bb523eef65a549b58d61393d57c00566","Qle","temperate.deciduous.leaf_turnover_rate",0,0,0,0,0,0,NA,NA,NA,NA
"bb523eef65a549b58d61393d57c00566","Qle","temperate.deciduous.psnTOpt",0,0,0,0,0,0,NA,NA,NA,NA
"bb523eef65a549b58d61393d57c00566","Qle","temperate.deciduous.root_allocation_fraction",0,0,0,0,0,0,NA,NA,NA,NA
"bb523eef65a549b58d61393d57c00566","Qle","temperate.deciduous.root_respiration_rate",0,0,0,0,0,0,NA,NA,NA,NA
"bb523eef65a549b58d61393d57c00566","Qle","temperate.deciduous.root_turnover_rate",0,0,0,0,0,0,NA,NA,NA,NA
"bb523eef65a549b58d61393d57c00566","Qle","temperate.deciduous.stem_respiration_rate",0,0,0,0,0,0,NA,NA,NA,NA
"bb523eef65a549b58d61393d57c00566","Qle","temperate.deciduous.veg_respiration_Q10",0,0,0,0,0,0,NA,NA,NA,NA
"bb523eef65a549b58d61393d57c00566","Qle","temperate.deciduous.wood_allocation_fraction",0,0,0,0,0,0,NA,NA,NA,NA
"bb523eef65a549b58d61393d57c00566","Qle","temperate.deciduous.wood_turnover_rate",0,0,0,0,0,0,NA,NA,NA,NA
"bb523eef65a549b58d61393d57c00566","Qle","temperate.deciduous.wueConst",0,0,0,0,0,0,NA,NA,NA,NA
"bb523eef65a549b58d61393d57c00566","SoilMoistFrac","dummy",0,0,0,0,0,0,NA,NA,NA,NA
"bb523eef65a549b58d61393d57c00566","SoilMoistFrac","grass.Amax",6.67660103819949,0.0168314697857855,4.53564623943038,0.0114342001568168,7.71034919628215,0.019437511511108,NA,NA,NA,NA
"bb523eef65a549b58d61393d57c00566","SoilMoistFrac","grass.AmaxFrac",10.8221991967407,0.0442223927553023,7.35189459550224,0.0300418024458281,12.4978165388623,0.0510694121885812,NA,NA,NA,NA
"bb523eef65a549b58d61393d57c00566","SoilMoistFrac","grass.GDD",0,0,0,0,0,0,NA,NA,NA,NA
"bb523eef65a549b58d61393d57c00566","SoilMoistFrac","grass.SLA",42.4505943313455,0.680422616254551,28.8381584340518,0.462234640497644,49.0232835557681,0.785773471015317,NA,NA,NA,NA
"bb523eef65a549b58d61393d57c00566","SoilMoistFrac","grass.Vm_low_temp",0,0,0,0,0,0,NA,NA,NA,NA
"bb523eef65a549b58d61393d57c00566","SoilMoistFrac","grass.coarse_root_respiration_Q10",0.113027473243208,4.8236882100069e-06,0.0767834757588156,3.27689840455145e-06,0.130527686541772,5.57054709429999e-06,NA,NA,NA,NA
"bb523eef65a549b58d61393d57c00566","SoilMoistFrac","grass.dVPDSlope",-24.9974984020173,0.235941474461982,-28.8678985924604,0.160283212258215,-16.9816661162747,0.272472647021928,NA,NA,NA,NA
"bb523eef65a549b58d61393d57c00566","SoilMoistFrac","grass.dVpdExp",-20.9383756915541,0.16553779517608,-24.1802958213548,0.112455555435803,-14.2241635259951,0.191168260419887,NA,NA,NA,NA
"bb523eef65a549b58d61393d57c00566","SoilMoistFrac","grass.extinction_coefficient",0,0,0,0,0,0,NA,NA,NA,NA
"bb523eef65a549b58d61393d57c00566","SoilMoistFrac","grass.fine_root_respiration_Q10",0,0,0,0,0,0,NA,NA,NA,NA
"bb523eef65a549b58d61393d57c00566","SoilMoistFrac","grass.fracLeafFall",-0.902913948642075,0.000307825019075935,-1.04271347028125,0.000209116192833182,-0.613380705580104,0.000355486028721544,NA,NA,NA,NA
"bb523eef65a549b58d61393d57c00566","SoilMoistFrac","grass.growth_resp_factor",0,0,0,0,0,0,NA,NA,NA,NA
"bb523eef65a549b58d61393d57c00566","SoilMoistFrac","grass.half_saturation_PAR",0,0,0,0,0,0,NA,NA,NA,NA
"bb523eef65a549b58d61393d57c00566","SoilMoistFrac","grass.leafC",0,0,0,0,0,0,NA,NA,NA,NA
"bb523eef65a549b58d61393d57c00566","SoilMoistFrac","grass.leafGrowth",-23.2478215087703,0.204068379439558,-26.847316600154,0.138630715313984,-15.7930500261909,0.23566459286636,NA,NA,NA,NA
"bb523eef65a549b58d61393d57c00566","SoilMoistFrac","grass.leaf_respiration_rate_m2",-0.0758836566189329,2.17424104896141e-06,-0.0876328370491529,1.47703722012367e-06,-0.0515503951499709,2.51088205337849e-06,NA,NA,NA,NA
"bb523eef65a549b58d61393d57c00566","SoilMoistFrac","grass.leaf_turnover_rate",0,0,0,0,0,0,NA,NA,NA,NA
"bb523eef65a549b58d61393d57c00566","SoilMoistFrac","grass.psnTOpt",0,0,0,0,0,0,NA,NA,NA,NA
"bb523eef65a549b58d61393d57c00566","SoilMoistFrac","grass.root_respiration_rate",0,0,0,0,0,0,NA,NA,NA,NA
"bb523eef65a549b58d61393d57c00566","SoilMoistFrac","grass.root_turnover_rate",-0.00246658157264986,2.29721771046045e-09,-0.00284848609905467,1.56057952392085e-09,-0.00167563425914313,2.65289937592414e-09,NA,NA,NA,NA
"bb523eef65a549b58d61393d57c00566","SoilMoistFrac","grass.stem_respiration_rate",-0.226200039520001,1.93195294061132e-05,-0.261222931089255,1.31244251973505e-05,-0.15366551823869,2.23108011361939e-05,NA,NA,NA,NA
"bb523eef65a549b58d61393d57c00566","SoilMoistFrac","grass.veg_respiration_Q10",0,0,0,0,0,0,NA,NA,NA,NA
"bb523eef65a549b58d61393d57c00566","SoilMoistFrac","ic_ensemble",0.390155167587719,5.74759181359108e-05,0.265045913113417,3.90453810942782e-05,0.45056347767734,6.63750007929646e-05,NA,NA,NA,NA
"bb523eef65a549b58d61393d57c00566","SoilMoistFrac","met_ensemble",-32.408415283713,0.396576322433116,-37.426258856249,0.269408025910137,-22.0161585313343,0.457978829563449,NA,NA,NA,NA
"bb523eef65a549b58d61393d57c00566","SoilMoistFrac","temperate.deciduous.Amax",0,0,0,0,0,0,NA,NA,NA,NA
"bb523eef65a549b58d61393d57c00566","SoilMoistFrac","temperate.deciduous.AmaxFrac",0,0,0,0,0,0,NA,NA,NA,NA
"bb523eef65a549b58d61393d57c00566","SoilMoistFrac","temperate.deciduous.GDD",0,0,0,0,0,0,NA,NA,NA,NA
"bb523eef65a549b58d61393d57c00566","SoilMoistFrac","temperate.deciduous.SLA",0,0,0,0,0,0,NA,NA,NA,NA
"bb523eef65a549b58d61393d57c00566","SoilMoistFrac","temperate.deciduous.Vm_low_temp",0,0,0,0,0,0,NA,NA,NA,NA
"bb523eef65a549b58d61393d57c00566","SoilMoistFrac","temperate.deciduous.coarse_root_respiration_Q10",0,0,0,0,0,0,NA,NA,NA,NA
"bb523eef65a549b58d61393d57c00566","SoilMoistFrac","temperate.deciduous.dVPDSlope",0,0,0,0,0,0,NA,NA,NA,NA
"bb523eef65a549b58d61393d57c00566","SoilMoistFrac","temperate.deciduous.dVpdExp",0,0,0,0,0,0,NA,NA,NA,NA
"bb523eef65a549b58d61393d57c00566","SoilMoistFrac","temperate.deciduous.extinction_coefficient",0,0,0,0,0,0,NA,NA,NA,NA
"bb523eef65a549b58d61393d57c00566","SoilMoistFrac","temperate.deciduous.fine_root_respiration_Q10",0,0,0,0,0,0,NA,NA,NA,NA
"bb523eef65a549b58d61393d57c00566","SoilMoistFrac","temperate.deciduous.fracLeafFall",0,0,0,0,0,0,NA,NA,NA,NA
"bb523eef65a549b58d61393d57c00566","SoilMoistFrac","temperate.deciduous.growth_resp_factor",0,0,0,0,0,0,NA,NA,NA,NA
"bb523eef65a549b58d61393d57c00566","SoilMoistFrac","temperate.deciduous.half_saturation_PAR",0,0,0,0,0,0,NA,NA,NA,NA
"bb523eef65a549b58d61393d57c00566","SoilMoistFrac","temperate.deciduous.leafC",0,0,0,0,0,0,NA,NA,NA,NA
"bb523eef65a549b58d61393d57c00566","SoilMoistFrac","temperate.deciduous.leafGrowth",0,0,0,0,0,0,NA,NA,NA,NA
"bb523eef65a549b58d61393d57c00566","SoilMoistFrac","temperate.deciduous.leafWHC",0,0,0,0,0,0,NA,NA,NA,NA
"bb523eef65a549b58d61393d57c00566","SoilMoistFrac","temperate.deciduous.leaf_allocation_fraction",0,0,0,0,0,0,NA,NA,NA,NA
"bb523eef65a549b58d61393d57c00566","SoilMoistFrac","temperate.deciduous.leaf_respiration_rate_m2",0,0,0,0,0,0,NA,NA,NA,NA
"bb523eef65a549b58d61393d57c00566","SoilMoistFrac","temperate.deciduous.leaf_turnover_rate",0,0,0,0,0,0,NA,NA,NA,NA
"bb523eef65a549b58d61393d57c00566","SoilMoistFrac","temperate.deciduous.psnTOpt",0,0,0,0,0,0,NA,NA,NA,NA
"bb523eef65a549b58d61393d57c00566","SoilMoistFrac","temperate.deciduous.root_allocation_fraction",0,0,0,0,0,0,NA,NA,NA,NA
"bb523eef65a549b58d61393d57c00566","SoilMoistFrac","temperate.deciduous.root_respiration_rate",0,0,0,0,0,0,NA,NA,NA,NA
"bb523eef65a549b58d61393d57c00566","SoilMoistFrac","temperate.deciduous.root_turnover_rate",0,0,0,0,0,0,NA,NA,NA,NA
"bb523eef65a549b58d61393d57c00566","SoilMoistFrac","temperate.deciduous.stem_respiration_rate",0,0,0,0,0,0,NA,NA,NA,NA
"bb523eef65a549b58d61393d57c00566","SoilMoistFrac","temperate.deciduous.veg_respiration_Q10",0,0,0,0,0,0,NA,NA,NA,NA
"bb523eef65a549b58d61393d57c00566","SoilMoistFrac","temperate.deciduous.wood_allocation_fraction",0,0,0,0,0,0,NA,NA,NA,NA
"bb523eef65a549b58d61393d57c00566","SoilMoistFrac","temperate.deciduous.wood_turnover_rate",0,0,0,0,0,0,NA,NA,NA,NA
"bb523eef65a549b58d61393d57c00566","SoilMoistFrac","temperate.deciduous.wueConst",0,0,0,0,0,0,NA,NA,NA,NA
"bb523eef65a549b58d61393d57c00566","TotSoilCarb","dummy",0,0,0,0,0,0,NA,NA,NA,NA
"bb523eef65a549b58d61393d57c00566","TotSoilCarb","grass.Amax",-0.0263623176607155,4.13724853211005e-05,-0.219148041183448,-0.00057932694672043,0.369143910024358,0.000343926479974145,NA,NA,NA,NA
"bb523eef65a549b58d61393d57c00566","TotSoilCarb","grass.AmaxFrac",-0.0426663118038242,0.000108371388671323,-0.354681966004218,-0.00151749321375167,0.597444024773753,0.000900883520686851,NA,NA,NA,NA
"bb523eef65a549b58d61393d57c00566","TotSoilCarb","grass.GDD",0,0,0,0,0,0,NA,NA,NA,NA
"bb523eef65a549b58d61393d57c00566","TotSoilCarb","grass.SLA",-0.154710739571561,0.00142490318489184,-1.28609919520368,-0.0199525072054252,2.16636974272223,0.0118451171806655,NA,NA,NA,NA
"bb523eef65a549b58d61393d57c00566","TotSoilCarb","grass.Vm_low_temp",0,0,0,0,0,0,NA,NA,NA,NA
"bb523eef65a549b58d61393d57c00566","TotSoilCarb","grass.coarse_root_respiration_Q10",-0.00433390015071253,1.11815558002002e-06,-0.0360273986884172,-1.56572092080974e-05,0.0606863504142205,9.29514651380154e-06,NA,NA,NA,NA
"bb523eef65a549b58d61393d57c00566","TotSoilCarb","grass.dVPDSlope",0.0856646546685361,0.000436865520779325,-1.19953738446726,-0.00611730154271005,0.712124082217612,0.00363163149657523,NA,NA,NA,NA
"bb523eef65a549b58d61393d57c00566","TotSoilCarb","grass.dVpdExp",0.0695273553790564,0.000287776849361143,-0.973571449543838,-0.00402965599439558,0.577975879665965,0.00239226814755432,NA,NA,NA,NA
"bb523eef65a549b58d61393d57c00566","TotSoilCarb","grass.extinction_coefficient",0,0,0,0,0,0,NA,NA,NA,NA
"bb523eef65a549b58d61393d57c00566","TotSoilCarb","grass.fine_root_respiration_Q10",0,0,0,0,0,0,NA,NA,NA,NA
"bb523eef65a549b58d61393d57c00566","TotSoilCarb","grass.fracLeafFall",0.00146611321681915,1.27961537759217e-07,-0.0205295593642551,-1.7918084058124e-06,0.0121876931973196,1.06373501403264e-06,NA,NA,NA,NA
"bb523eef65a549b58d61393d57c00566","TotSoilCarb","grass.growth_resp_factor",0,0,0,0,0,0,NA,NA,NA,NA
"bb523eef65a549b58d61393d57c00566","TotSoilCarb","grass.half_saturation_PAR",0,0,0,0,0,0,NA,NA,NA,NA
"bb523eef65a549b58d61393d57c00566","TotSoilCarb","grass.leafC",0,0,0,0,0,0,NA,NA,NA,NA
"bb523eef65a549b58d61393d57c00566","TotSoilCarb","grass.leafGrowth",0.42308977616627,0.0106563749875701,-5.92440377494139,-0.149218137047917,3.51711472735,0.0885856750039209,NA,NA,NA,NA
"bb523eef65a549b58d61393d57c00566","TotSoilCarb","grass.leaf_respiration_rate_m2",-0.0178924614729895,1.90583199791576e-05,-0.148738738915929,-0.000266868142860039,0.250542963373132,0.00015843043640672,NA,NA,NA,NA
"bb523eef65a549b58d61393d57c00566","TotSoilCarb","grass.leaf_turnover_rate",0,0,0,0,0,0,NA,NA,NA,NA
"bb523eef65a549b58d61393d57c00566","TotSoilCarb","grass.psnTOpt",0,0,0,0,0,0,NA,NA,NA,NA
"bb523eef65a549b58d61393d57c00566","TotSoilCarb","grass.root_respiration_rate",0,0,0,0,0,0,NA,NA,NA,NA
"bb523eef65a549b58d61393d57c00566","TotSoilCarb","grass.root_turnover_rate",0.0992367953721215,0.000586259502740866,-1.38958414557537,-0.00820922226626507,0.824948306860391,0.00487353287007451,NA,NA,NA,NA
"bb523eef65a549b58d61393d57c00566","TotSoilCarb","grass.stem_respiration_rate",0.00352431020118459,7.39422542636347e-07,-0.0493498964904249,-1.03539200180294e-05,0.0292973359570497,6.1467661497423e-06,NA,NA,NA,NA
"bb523eef65a549b58d61393d57c00566","TotSoilCarb","grass.veg_respiration_Q10",0,0,0,0,0,0,NA,NA,NA,NA
"bb523eef65a549b58d61393d57c00566","TotSoilCarb","ic_ensemble",0.516357854267595,0.0158725245548299,-7.2304096987713,-0.222258370888947,4.29244551897112,0.131947149321041,NA,NA,NA,NA
"bb523eef65a549b58d61393d57c00566","TotSoilCarb","met_ensemble",0.080074343430805,0.000381707950167877,-1.12125787296496,-0.00534494603341823,0.665652228979146,0.00317311059900068,NA,NA,NA,NA
"bb523eef65a549b58d61393d57c00566","TotSoilCarb","temperate.deciduous.Amax",0,0,0,0,0,0,NA,NA,NA,NA
"bb523eef65a549b58d61393d57c00566","TotSoilCarb","temperate.deciduous.AmaxFrac",0,0,0,0,0,0,NA,NA,NA,NA
"bb523eef65a549b58d61393d57c00566","TotSoilCarb","temperate.deciduous.GDD",0,0,0,0,0,0,NA,NA,NA,NA
"bb523eef65a549b58d61393d57c00566","TotSoilCarb","temperate.deciduous.SLA",0,0,0,0,0,0,NA,NA,NA,NA
"bb523eef65a549b58d61393d57c00566","TotSoilCarb","temperate.deciduous.Vm_low_temp",0,0,0,0,0,0,NA,NA,NA,NA
"bb523eef65a549b58d61393d57c00566","TotSoilCarb","temperate.deciduous.coarse_root_respiration_Q10",0,0,0,0,0,0,NA,NA,NA,NA
"bb523eef65a549b58d61393d57c00566","TotSoilCarb","temperate.deciduous.dVPDSlope",0,0,0,0,0,0,NA,NA,NA,NA
"bb523eef65a549b58d61393d57c00566","TotSoilCarb","temperate.deciduous.dVpdExp",0,0,0,0,0,0,NA,NA,NA,NA
"bb523eef65a549b58d61393d57c00566","TotSoilCarb","temperate.deciduous.extinction_coefficient",0,0,0,0,0,0,NA,NA,NA,NA
"bb523eef65a549b58d61393d57c00566","TotSoilCarb","temperate.deciduous.fine_root_respiration_Q10",0,0,0,0,0,0,NA,NA,NA,NA
"bb523eef65a549b58d61393d57c00566","TotSoilCarb","temperate.deciduous.fracLeafFall",0,0,0,0,0,0,NA,NA,NA,NA
"bb523eef65a549b58d61393d57c00566","TotSoilCarb","temperate.deciduous.growth_resp_factor",0,0,0,0,0,0,NA,NA,NA,NA
"bb523eef65a549b58d61393d57c00566","TotSoilCarb","temperate.deciduous.half_saturation_PAR",0,0,0,0,0,0,NA,NA,NA,NA
"bb523eef65a549b58d61393d57c00566","TotSoilCarb","temperate.deciduous.leafC",0,0,0,0,0,0,NA,NA,NA,NA
"bb523eef65a549b58d61393d57c00566","TotSoilCarb","temperate.deciduous.leafGrowth",0,0,0,0,0,0,NA,NA,NA,NA
"bb523eef65a549b58d61393d57c00566","TotSoilCarb","temperate.deciduous.leafWHC",0,0,0,0,0,0,NA,NA,NA,NA
"bb523eef65a549b58d61393d57c00566","TotSoilCarb","temperate.deciduous.leaf_allocation_fraction",0,0,0,0,0,0,NA,NA,NA,NA
"bb523eef65a549b58d61393d57c00566","TotSoilCarb","temperate.deciduous.leaf_respiration_rate_m2",0,0,0,0,0,0,NA,NA,NA,NA
"bb523eef65a549b58d61393d57c00566","TotSoilCarb","temperate.deciduous.leaf_turnover_rate",0,0,0,0,0,0,NA,NA,NA,NA
"bb523eef65a549b58d61393d57c00566","TotSoilCarb","temperate.deciduous.psnTOpt",0,0,0,0,0,0,NA,NA,NA,NA
"bb523eef65a549b58d61393d57c00566","TotSoilCarb","temperate.deciduous.root_allocation_fraction",0,0,0,0,0,0,NA,NA,NA,NA
"bb523eef65a549b58d61393d57c00566","TotSoilCarb","temperate.deciduous.root_respiration_rate",0,0,0,0,0,0,NA,NA,NA,NA
"bb523eef65a549b58d61393d57c00566","TotSoilCarb","temperate.deciduous.root_turnover_rate",0,0,0,0,0,0,NA,NA,NA,NA
"bb523eef65a549b58d61393d57c00566","TotSoilCarb","temperate.deciduous.stem_respiration_rate",0,0,0,0,0,0,NA,NA,NA,NA
"bb523eef65a549b58d61393d57c00566","TotSoilCarb","temperate.deciduous.veg_respiration_Q10",0,0,0,0,0,0,NA,NA,NA,NA
"bb523eef65a549b58d61393d57c00566","TotSoilCarb","temperate.deciduous.wood_allocation_fraction",0,0,0,0,0,0,NA,NA,NA,NA
"bb523eef65a549b58d61393d57c00566","TotSoilCarb","temperate.deciduous.wood_turnover_rate",0,0,0,0,0,0,NA,NA,NA,NA
"bb523eef65a549b58d61393d57c00566","TotSoilCarb","temperate.deciduous.wueConst",0,0,0,0,0,0,NA,NA,NA,NA
"bfc26ac6b3ec58ff6ee9c6cb68ca7d67","AbvGrndWood","dummy",0,0,0,0,0,0,NA,NA,NA,NA
"bfc26ac6b3ec58ff6ee9c6cb68ca7d67","AbvGrndWood","grass.Amax",-4.57320393352201e-05,4.44944209675497e-06,-0.0138174570702117,-0.00318121871461182,0.032697047456055,0.00134435236328847,NA,NA,NA,NA
"bfc26ac6b3ec58ff6ee9c6cb68ca7d67","AbvGrndWood","grass.AmaxFrac",-7.46143788021989e-05,1.18443021550061e-05,-0.0225439536680774,-0.00846832363646277,0.0533470608366392,0.00357863193796768,NA,NA,NA,NA
"bfc26ac6b3ec58ff6ee9c6cb68ca7d67","AbvGrndWood","grass.GDD",0,0,0,0,0,0,NA,NA,NA,NA
"bfc26ac6b3ec58ff6ee9c6cb68ca7d67","AbvGrndWood","grass.SLA",0.000291324352636727,0.000180558526876664,-0.208288244341022,-0.12909397454609,0.0880206042542497,0.0545538692357762,NA,NA,NA,NA
"bfc26ac6b3ec58ff6ee9c6cb68ca7d67","AbvGrndWood","grass.Vm_low_temp",0,0,0,0,0,0,NA,NA,NA,NA
"bfc26ac6b3ec58ff6ee9c6cb68ca7d67","AbvGrndWood","grass.coarse_root_respiration_Q10",7.90678326879292e-06,1.33003813071045e-07,-0.00565311478610053,-9.50937690738627e-05,0.00238895181514189,4.01857101497829e-05,NA,NA,NA,NA
"bfc26ac6b3ec58ff6ee9c6cb68ca7d67","AbvGrndWood","grass.dVPDSlope",3.32221275551628e-05,2.34811468923947e-06,-0.0237528327416113,-0.00167883213918243,0.0100377181500636,0.000709458278837625,NA,NA,NA,NA
"bfc26ac6b3ec58ff6ee9c6cb68ca7d67","AbvGrndWood","grass.dVpdExp",3.27587208420927e-06,2.28306508794245e-08,-0.00234215107295391,-1.63232360968049e-05,0.000989770466155588,6.89804222591248e-06,NA,NA,NA,NA
"bfc26ac6b3ec58ff6ee9c6cb68ca7d67","AbvGrndWood","grass.extinction_coefficient",0,0,0,0,0,0,NA,NA,NA,NA
"bfc26ac6b3ec58ff6ee9c6cb68ca7d67","AbvGrndWood","grass.fine_root_respiration_Q10",0,0,0,0,0,0,NA,NA,NA,NA
"bfc26ac6b3ec58ff6ee9c6cb68ca7d67","AbvGrndWood","grass.fracLeafFall",3.75421521774102e-05,2.99849103176711e-06,-0.0268415218125175,-0.002143831873396,0.0113429683778659,0.000905962684129608,NA,NA,NA,NA
"bfc26ac6b3ec58ff6ee9c6cb68ca7d67","AbvGrndWood","grass.growth_resp_factor",0,0,0,0,0,0,NA,NA,NA,NA
"bfc26ac6b3ec58ff6ee9c6cb68ca7d67","AbvGrndWood","grass.half_saturation_PAR",0,0,0,0,0,0,NA,NA,NA,NA
"bfc26ac6b3ec58ff6ee9c6cb68ca7d67","AbvGrndWood","grass.leafC",0,0,0,0,0,0,NA,NA,NA,NA
"bfc26ac6b3ec58ff6ee9c6cb68ca7d67","AbvGrndWood","grass.leafGrowth",-0.000429435488073155,0.000392337919778634,-0.129749438405351,-0.28050993938362,0.307033596947607,0.118540796394847,NA,NA,NA,NA
"bfc26ac6b3ec58ff6ee9c6cb68ca7d67","AbvGrndWood","grass.leaf_respiration_rate_m2",-0.000417573062618216,0.000370961955572044,-0.12616533070198,-0.265226760976495,0.298552315690917,0.112082272522908,NA,NA,NA,NA
"bfc26ac6b3ec58ff6ee9c6cb68ca7d67","AbvGrndWood","grass.leaf_turnover_rate",0,0,0,0,0,0,NA,NA,NA,NA
"bfc26ac6b3ec58ff6ee9c6cb68ca7d67","AbvGrndWood","grass.psnTOpt",0,0,0,0,0,0,NA,NA,NA,NA
"bfc26ac6b3ec58ff6ee9c6cb68ca7d67","AbvGrndWood","grass.root_respiration_rate",0,0,0,0,0,0,NA,NA,NA,NA
"bfc26ac6b3ec58ff6ee9c6cb68ca7d67","AbvGrndWood","grass.root_turnover_rate",-2.5076837537761e-07,1.33785780109769e-10,-7.57670401695454e-05,-9.56528522406289e-08,0.000179291927265637,4.042197330675e-08,NA,NA,NA,NA
"bfc26ac6b3ec58ff6ee9c6cb68ca7d67","AbvGrndWood","grass.stem_respiration_rate",2.59913376003134e-05,1.43721480829046e-06,-0.0185830330621031,-0.001027565826373,0.00785301064002903,0.000434239412956421,NA,NA,NA,NA
"bfc26ac6b3ec58ff6ee9c6cb68ca7d67","AbvGrndWood","grass.veg_respiration_Q10",0,0,0,0,0,0,NA,NA,NA,NA
"bfc26ac6b3ec58ff6ee9c6cb68ca7d67","AbvGrndWood","ic_ensemble",-0.000966556514457591,0.00198755395573521,-0.292034935213696,-1.4210419425161,0.69105914981228,0.600518626707083,NA,NA,NA,NA
"bfc26ac6b3ec58ff6ee9c6cb68ca7d67","AbvGrndWood","met_ensemble",2.18060873989158e-05,1.01162585275598e-06,-0.0155907036921515,-0.000723282385744391,0.0065884810929863,0.000305652164101217,NA,NA,NA,NA
"bfc26ac6b3ec58ff6ee9c6cb68ca7d67","AbvGrndWood","temperate.deciduous.Amax",0,0,0,0,0,0,NA,NA,NA,NA
"bfc26ac6b3ec58ff6ee9c6cb68ca7d67","AbvGrndWood","temperate.deciduous.AmaxFrac",0,0,0,0,0,0,NA,NA,NA,NA
"bfc26ac6b3ec58ff6ee9c6cb68ca7d67","AbvGrndWood","temperate.deciduous.GDD",0,0,0,0,0,0,NA,NA,NA,NA
"bfc26ac6b3ec58ff6ee9c6cb68ca7d67","AbvGrndWood","temperate.deciduous.SLA",0,0,0,0,0,0,NA,NA,NA,NA
"bfc26ac6b3ec58ff6ee9c6cb68ca7d67","AbvGrndWood","temperate.deciduous.Vm_low_temp",0,0,0,0,0,0,NA,NA,NA,NA
"bfc26ac6b3ec58ff6ee9c6cb68ca7d67","AbvGrndWood","temperate.deciduous.coarse_root_respiration_Q10",0,0,0,0,0,0,NA,NA,NA,NA
"bfc26ac6b3ec58ff6ee9c6cb68ca7d67","AbvGrndWood","temperate.deciduous.dVPDSlope",0,0,0,0,0,0,NA,NA,NA,NA
"bfc26ac6b3ec58ff6ee9c6cb68ca7d67","AbvGrndWood","temperate.deciduous.dVpdExp",0,0,0,0,0,0,NA,NA,NA,NA
"bfc26ac6b3ec58ff6ee9c6cb68ca7d67","AbvGrndWood","temperate.deciduous.extinction_coefficient",0,0,0,0,0,0,NA,NA,NA,NA
"bfc26ac6b3ec58ff6ee9c6cb68ca7d67","AbvGrndWood","temperate.deciduous.fine_root_respiration_Q10",0,0,0,0,0,0,NA,NA,NA,NA
"bfc26ac6b3ec58ff6ee9c6cb68ca7d67","AbvGrndWood","temperate.deciduous.fracLeafFall",0,0,0,0,0,0,NA,NA,NA,NA
"bfc26ac6b3ec58ff6ee9c6cb68ca7d67","AbvGrndWood","temperate.deciduous.growth_resp_factor",0,0,0,0,0,0,NA,NA,NA,NA
"bfc26ac6b3ec58ff6ee9c6cb68ca7d67","AbvGrndWood","temperate.deciduous.half_saturation_PAR",0,0,0,0,0,0,NA,NA,NA,NA
"bfc26ac6b3ec58ff6ee9c6cb68ca7d67","AbvGrndWood","temperate.deciduous.leafC",0,0,0,0,0,0,NA,NA,NA,NA
"bfc26ac6b3ec58ff6ee9c6cb68ca7d67","AbvGrndWood","temperate.deciduous.leafGrowth",0,0,0,0,0,0,NA,NA,NA,NA
"bfc26ac6b3ec58ff6ee9c6cb68ca7d67","AbvGrndWood","temperate.deciduous.leafWHC",0,0,0,0,0,0,NA,NA,NA,NA
"bfc26ac6b3ec58ff6ee9c6cb68ca7d67","AbvGrndWood","temperate.deciduous.leaf_allocation_fraction",0,0,0,0,0,0,NA,NA,NA,NA
"bfc26ac6b3ec58ff6ee9c6cb68ca7d67","AbvGrndWood","temperate.deciduous.leaf_respiration_rate_m2",0,0,0,0,0,0,NA,NA,NA,NA
"bfc26ac6b3ec58ff6ee9c6cb68ca7d67","AbvGrndWood","temperate.deciduous.leaf_turnover_rate",0,0,0,0,0,0,NA,NA,NA,NA
"bfc26ac6b3ec58ff6ee9c6cb68ca7d67","AbvGrndWood","temperate.deciduous.psnTOpt",0,0,0,0,0,0,NA,NA,NA,NA
"bfc26ac6b3ec58ff6ee9c6cb68ca7d67","AbvGrndWood","temperate.deciduous.root_allocation_fraction",0,0,0,0,0,0,NA,NA,NA,NA
"bfc26ac6b3ec58ff6ee9c6cb68ca7d67","AbvGrndWood","temperate.deciduous.root_respiration_rate",0,0,0,0,0,0,NA,NA,NA,NA
"bfc26ac6b3ec58ff6ee9c6cb68ca7d67","AbvGrndWood","temperate.deciduous.root_turnover_rate",0,0,0,0,0,0,NA,NA,NA,NA
"bfc26ac6b3ec58ff6ee9c6cb68ca7d67","AbvGrndWood","temperate.deciduous.stem_respiration_rate",0,0,0,0,0,0,NA,NA,NA,NA
"bfc26ac6b3ec58ff6ee9c6cb68ca7d67","AbvGrndWood","temperate.deciduous.veg_respiration_Q10",0,0,0,0,0,0,NA,NA,NA,NA
"bfc26ac6b3ec58ff6ee9c6cb68ca7d67","AbvGrndWood","temperate.deciduous.wood_allocation_fraction",0,0,0,0,0,0,NA,NA,NA,NA
"bfc26ac6b3ec58ff6ee9c6cb68ca7d67","AbvGrndWood","temperate.deciduous.wood_turnover_rate",0,0,0,0,0,0,NA,NA,NA,NA
"bfc26ac6b3ec58ff6ee9c6cb68ca7d67","AbvGrndWood","temperate.deciduous.wueConst",0,0,0,0,0,0,NA,NA,NA,NA
"bfc26ac6b3ec58ff6ee9c6cb68ca7d67","NPP","dummy",0,0,0,0,0,0,NA,NA,NA,NA
"bfc26ac6b3ec58ff6ee9c6cb68ca7d67","NPP","grass.Amax",0.0638157413429282,0.000812266042512479,0.0490105602610924,0.000623821223209975,0.0713206309661296,0.000907790545800354,NA,NA,NA,NA
"bfc26ac6b3ec58ff6ee9c6cb68ca7d67","NPP","grass.AmaxFrac",0.103958203025446,0.00215556035648609,0.0798400154381051,0.00165547274896134,0.116183945807933,0.00240905960621892,NA,NA,NA,NA
"bfc26ac6b3ec58ff6ee9c6cb68ca7d67","NPP","grass.GDD",0,0,0,0,0,0,NA,NA,NA,NA
"bfc26ac6b3ec58ff6ee9c6cb68ca7d67","NPP","grass.SLA",-0.305304044328677,0.018591215062011,-0.34120855794846,0.0142780738255044,-0.234473845287139,0.0207775881114413,NA,NA,NA,NA
"bfc26ac6b3ec58ff6ee9c6cb68ca7d67","NPP","grass.Vm_low_temp",0,0,0,0,0,0,NA,NA,NA,NA
"bfc26ac6b3ec58ff6ee9c6cb68ca7d67","NPP","grass.coarse_root_respiration_Q10",0.0503351237585279,0.000505341472508339,0.0386574309771025,0.000388102812403412,0.0562546592842215,0.000564770884333567,NA,NA,NA,NA
"bfc26ac6b3ec58ff6ee9c6cb68ca7d67","NPP","grass.dVPDSlope",-0.07640085884984,0.00116423095248588,-0.0853857895380953,0.000894130665160114,-0.058675944490524,0.00130114740304263,NA,NA,NA,NA
"bfc26ac6b3ec58ff6ee9c6cb68ca7d67","NPP","grass.dVpdExp",-0.0285517502318023,0.000162595353887579,-0.0319095069471466,0.000124873412455686,-0.0219277759036873,0.000181716971195357,NA,NA,NA,NA
"bfc26ac6b3ec58ff6ee9c6cb68ca7d67","NPP","grass.extinction_coefficient",0,0,0,0,0,0,NA,NA,NA,NA
"bfc26ac6b3ec58ff6ee9c6cb68ca7d67","NPP","grass.fine_root_respiration_Q10",0,0,0,0,0,0,NA,NA,NA,NA
"bfc26ac6b3ec58ff6ee9c6cb68ca7d67","NPP","grass.fracLeafFall",-0.069009641792361,0.000949865701835584,-0.0771253470037951,0.000729497914465841,-0.0529994815775295,0.00106157226669132,NA,NA,NA,NA
"bfc26ac6b3ec58ff6ee9c6cb68ca7d67","NPP","grass.growth_resp_factor",0,0,0,0,0,0,NA,NA,NA,NA
"bfc26ac6b3ec58ff6ee9c6cb68ca7d67","NPP","grass.half_saturation_PAR",0,0,0,0,0,0,NA,NA,NA,NA
"bfc26ac6b3ec58ff6ee9c6cb68ca7d67","NPP","grass.leafC",0,0,0,0,0,0,NA,NA,NA,NA
"bfc26ac6b3ec58ff6ee9c6cb68ca7d67","NPP","grass.leafGrowth",2.2783794135681,1.03536804199088,1.74979792127238,0.795163806712193,2.54632248934807,1.15712989433349,NA,NA,NA,NA
"bfc26ac6b3ec58ff6ee9c6cb68ca7d67","NPP","grass.leaf_respiration_rate_m2",1.40702041428804,0.394860287346765,1.08059324160296,0.30325313943666,1.57248950834868,0.441296837495084,NA,NA,NA,NA
"bfc26ac6b3ec58ff6ee9c6cb68ca7d67","NPP","grass.leaf_turnover_rate",0,0,0,0,0,0,NA,NA,NA,NA
"bfc26ac6b3ec58ff6ee9c6cb68ca7d67","NPP","grass.psnTOpt",0,0,0,0,0,0,NA,NA,NA,NA
"bfc26ac6b3ec58ff6ee9c6cb68ca7d67","NPP","grass.root_respiration_rate",0,0,0,0,0,0,NA,NA,NA,NA
"bfc26ac6b3ec58ff6ee9c6cb68ca7d67","NPP","grass.root_turnover_rate",-0.0030046032450656,1.80059866551097e-06,-0.00335795204649308,1.38286177587197e-06,-0.00230753863081589,2.01235353908874e-06,NA,NA,NA,NA
"bfc26ac6b3ec58ff6ee9c6cb68ca7d67","NPP","grass.stem_respiration_rate",-0.00797663352604605,1.2690593672009e-05,-0.00891470543303858,9.7463900414276e-06,-0.00612606341134751,1.41830389959538e-05,NA,NA,NA,NA
"bfc26ac6b3ec58ff6ee9c6cb68ca7d67","NPP","grass.veg_respiration_Q10",0,0,0,0,0,0,NA,NA,NA,NA
"bfc26ac6b3ec58ff6ee9c6cb68ca7d67","NPP","ic_ensemble",-0.0252263708395766,0.000126926472828241,-0.0281930546821666,9.74796721681551e-05,-0.0193738808354177,0.000141853341164995,NA,NA,NA,NA
"bfc26ac6b3ec58ff6ee9c6cb68ca7d67","NPP","met_ensemble",-0.0117805040044521,2.76802751290373e-05,-0.013165920523928,2.12584820564125e-05,-0.00904744016548544,3.09355442086042e-05,NA,NA,NA,NA
"bfc26ac6b3ec58ff6ee9c6cb68ca7d67","NPP","temperate.deciduous.Amax",0,0,0,0,0,0,NA,NA,NA,NA
"bfc26ac6b3ec58ff6ee9c6cb68ca7d67","NPP","temperate.deciduous.AmaxFrac",0,0,0,0,0,0,NA,NA,NA,NA
"bfc26ac6b3ec58ff6ee9c6cb68ca7d67","NPP","temperate.deciduous.GDD",0,0,0,0,0,0,NA,NA,NA,NA
"bfc26ac6b3ec58ff6ee9c6cb68ca7d67","NPP","temperate.deciduous.SLA",0,0,0,0,0,0,NA,NA,NA,NA
"bfc26ac6b3ec58ff6ee9c6cb68ca7d67","NPP","temperate.deciduous.Vm_low_temp",0,0,0,0,0,0,NA,NA,NA,NA
"bfc26ac6b3ec58ff6ee9c6cb68ca7d67","NPP","temperate.deciduous.coarse_root_respiration_Q10",0,0,0,0,0,0,NA,NA,NA,NA
"bfc26ac6b3ec58ff6ee9c6cb68ca7d67","NPP","temperate.deciduous.dVPDSlope",0,0,0,0,0,0,NA,NA,NA,NA
"bfc26ac6b3ec58ff6ee9c6cb68ca7d67","NPP","temperate.deciduous.dVpdExp",0,0,0,0,0,0,NA,NA,NA,NA
"bfc26ac6b3ec58ff6ee9c6cb68ca7d67","NPP","temperate.deciduous.extinction_coefficient",0,0,0,0,0,0,NA,NA,NA,NA
"bfc26ac6b3ec58ff6ee9c6cb68ca7d67","NPP","temperate.deciduous.fine_root_respiration_Q10",0,0,0,0,0,0,NA,NA,NA,NA
"bfc26ac6b3ec58ff6ee9c6cb68ca7d67","NPP","temperate.deciduous.fracLeafFall",0,0,0,0,0,0,NA,NA,NA,NA
"bfc26ac6b3ec58ff6ee9c6cb68ca7d67","NPP","temperate.deciduous.growth_resp_factor",0,0,0,0,0,0,NA,NA,NA,NA
"bfc26ac6b3ec58ff6ee9c6cb68ca7d67","NPP","temperate.deciduous.half_saturation_PAR",0,0,0,0,0,0,NA,NA,NA,NA
"bfc26ac6b3ec58ff6ee9c6cb68ca7d67","NPP","temperate.deciduous.leafC",0,0,0,0,0,0,NA,NA,NA,NA
"bfc26ac6b3ec58ff6ee9c6cb68ca7d67","NPP","temperate.deciduous.leafGrowth",0,0,0,0,0,0,NA,NA,NA,NA
"bfc26ac6b3ec58ff6ee9c6cb68ca7d67","NPP","temperate.deciduous.leafWHC",0,0,0,0,0,0,NA,NA,NA,NA
"bfc26ac6b3ec58ff6ee9c6cb68ca7d67","NPP","temperate.deciduous.leaf_allocation_fraction",0,0,0,0,0,0,NA,NA,NA,NA
"bfc26ac6b3ec58ff6ee9c6cb68ca7d67","NPP","temperate.deciduous.leaf_respiration_rate_m2",0,0,0,0,0,0,NA,NA,NA,NA
"bfc26ac6b3ec58ff6ee9c6cb68ca7d67","NPP","temperate.deciduous.leaf_turnover_rate",0,0,0,0,0,0,NA,NA,NA,NA
"bfc26ac6b3ec58ff6ee9c6cb68ca7d67","NPP","temperate.deciduous.psnTOpt",0,0,0,0,0,0,NA,NA,NA,NA
"bfc26ac6b3ec58ff6ee9c6cb68ca7d67","NPP","temperate.deciduous.root_allocation_fraction",0,0,0,0,0,0,NA,NA,NA,NA
"bfc26ac6b3ec58ff6ee9c6cb68ca7d67","NPP","temperate.deciduous.root_respiration_rate",0,0,0,0,0,0,NA,NA,NA,NA
"bfc26ac6b3ec58ff6ee9c6cb68ca7d67","NPP","temperate.deciduous.root_turnover_rate",0,0,0,0,0,0,NA,NA,NA,NA
"bfc26ac6b3ec58ff6ee9c6cb68ca7d67","NPP","temperate.deciduous.stem_respiration_rate",0,0,0,0,0,0,NA,NA,NA,NA
"bfc26ac6b3ec58ff6ee9c6cb68ca7d67","NPP","temperate.deciduous.veg_respiration_Q10",0,0,0,0,0,0,NA,NA,NA,NA
"bfc26ac6b3ec58ff6ee9c6cb68ca7d67","NPP","temperate.deciduous.wood_allocation_fraction",0,0,0,0,0,0,NA,NA,NA,NA
"bfc26ac6b3ec58ff6ee9c6cb68ca7d67","NPP","temperate.deciduous.wood_turnover_rate",0,0,0,0,0,0,NA,NA,NA,NA
"bfc26ac6b3ec58ff6ee9c6cb68ca7d67","NPP","temperate.deciduous.wueConst",0,0,0,0,0,0,NA,NA,NA,NA
"bfc26ac6b3ec58ff6ee9c6cb68ca7d67","Qle","dummy",0,0,0,0,0,0,NA,NA,NA,NA
"bfc26ac6b3ec58ff6ee9c6cb68ca7d67","Qle","grass.Amax",-49.6491648322002,0.00878579316441627,-49.920230173942,0.00868442850110705,-49.0763456475667,0.00883376021551641,NA,NA,NA,NA
"bfc26ac6b3ec58ff6ee9c6cb68ca7d67","Qle","grass.AmaxFrac",-80.158822884405,0.0229012792305126,-80.5964592231474,0.0226370594366807,-79.2340034695968,0.0230263114058155,NA,NA,NA,NA
"bfc26ac6b3ec58ff6ee9c6cb68ca7d67","Qle","grass.GDD",0,0,0,0,0,0,NA,NA,NA,NA
"bfc26ac6b3ec58ff6ee9c6cb68ca7d67","Qle","grass.SLA",-233.736304452325,0.194719491352563,-235.012414764714,0.192472946810559,-231.039609758907,0.195782584873786,NA,NA,NA,NA
"bfc26ac6b3ec58ff6ee9c6cb68ca7d67","Qle","grass.Vm_low_temp",0,0,0,0,0,0,NA,NA,NA,NA
"bfc26ac6b3ec58ff6ee9c6cb68ca7d67","Qle","grass.coarse_root_respiration_Q10",-8.1096932496076,0.000234404494416044,-8.15396905524412,0.000231700090589321,-8.01612897938133,0.000235684252788606,NA,NA,NA,NA
"bfc26ac6b3ec58ff6ee9c6cb68ca7d67","Qle","grass.dVPDSlope",184.611681224109,0.121471790948758,182.481753901665,0.120070329867139,185.619589990141,0.122134980201524,NA,NA,NA,NA
"bfc26ac6b3ec58ff6ee9c6cb68ca7d67","Qle","grass.dVpdExp",143.653781892667,0.0735514447321802,141.996399689131,0.0727028568708838,144.438076283375,0.0739530073278314,NA,NA,NA,NA
"bfc26ac6b3ec58ff6ee9c6cb68ca7d67","Qle","grass.extinction_coefficient",0,0,0,0,0,0,NA,NA,NA,NA
"bfc26ac6b3ec58ff6ee9c6cb68ca7d67","Qle","grass.fine_root_respiration_Q10",0,0,0,0,0,0,NA,NA,NA,NA
"bfc26ac6b3ec58ff6ee9c6cb68ca7d67","Qle","grass.fracLeafFall",118.604609927056,0.0501372164673358,117.236228481329,0.0495587664661388,119.252145474344,0.0504109463832696,NA,NA,NA,NA
"bfc26ac6b3ec58ff6ee9c6cb68ca7d67","Qle","grass.growth_resp_factor",0,0,0,0,0,0,NA,NA,NA,NA
"bfc26ac6b3ec58ff6ee9c6cb68ca7d67","Qle","grass.half_saturation_PAR",0,0,0,0,0,0,NA,NA,NA,NA
"bfc26ac6b3ec58ff6ee9c6cb68ca7d67","Qle","grass.leafC",0,0,0,0,0,0,NA,NA,NA,NA
"bfc26ac6b3ec58ff6ee9c6cb68ca7d67","Qle","grass.leafGrowth",124.828200080542,0.0555370102843472,123.388014973077,0.0548962610379986,125.509714036078,0.055840220997416,NA,NA,NA,NA
"bfc26ac6b3ec58ff6ee9c6cb68ca7d67","Qle","grass.leaf_respiration_rate_m2",-40.3517982340426,0.00580340482748192,-40.5721035305199,0.00573644898577517,-39.8862459082172,0.00583508918547956,NA,NA,NA,NA
"bfc26ac6b3ec58ff6ee9c6cb68ca7d67","Qle","grass.leaf_turnover_rate",0,0,0,0,0,0,NA,NA,NA,NA
"bfc26ac6b3ec58ff6ee9c6cb68ca7d67","Qle","grass.psnTOpt",0,0,0,0,0,0,NA,NA,NA,NA
"bfc26ac6b3ec58ff6ee9c6cb68ca7d67","Qle","grass.root_respiration_rate",0,0,0,0,0,0,NA,NA,NA,NA
"bfc26ac6b3ec58ff6ee9c6cb68ca7d67","Qle","grass.root_turnover_rate",1.09278061342805,4.25620995806972e-06,1.08017283438317,4.20710462616634e-06,1.0987467752241,4.27944722723041e-06,NA,NA,NA,NA
"bfc26ac6b3ec58ff6ee9c6cb68ca7d67","Qle","grass.stem_respiration_rate",1.92137950683963,1.31578032629529e-05,1.89921190248618,1.3005997242406e-05,1.93186949986161,1.32296398074366e-05,NA,NA,NA,NA
"bfc26ac6b3ec58ff6ee9c6cb68ca7d67","Qle","grass.veg_respiration_Q10",0,0,0,0,0,0,NA,NA,NA,NA
"bfc26ac6b3ec58ff6ee9c6cb68ca7d67","Qle","ic_ensemble",-57.0530815561339,0.0116015306848869,-57.3645694351689,0.0114676799067343,-56.3948408834405,0.0116648705797362,NA,NA,NA,NA
"bfc26ac6b3ec58ff6ee9c6cb68ca7d67","Qle","met_ensemble",-648.671206974334,1.49970666648231,-652.21270224401,1.48240404411621,-641.187268158241,1.50789448799827,NA,NA,NA,NA
"bfc26ac6b3ec58ff6ee9c6cb68ca7d67","Qle","temperate.deciduous.Amax",0,0,0,0,0,0,NA,NA,NA,NA
"bfc26ac6b3ec58ff6ee9c6cb68ca7d67","Qle","temperate.deciduous.AmaxFrac",0,0,0,0,0,0,NA,NA,NA,NA
"bfc26ac6b3ec58ff6ee9c6cb68ca7d67","Qle","temperate.deciduous.GDD",0,0,0,0,0,0,NA,NA,NA,NA
"bfc26ac6b3ec58ff6ee9c6cb68ca7d67","Qle","temperate.deciduous.SLA",0,0,0,0,0,0,NA,NA,NA,NA
"bfc26ac6b3ec58ff6ee9c6cb68ca7d67","Qle","temperate.deciduous.Vm_low_temp",0,0,0,0,0,0,NA,NA,NA,NA
"bfc26ac6b3ec58ff6ee9c6cb68ca7d67","Qle","temperate.deciduous.coarse_root_respiration_Q10",0,0,0,0,0,0,NA,NA,NA,NA
"bfc26ac6b3ec58ff6ee9c6cb68ca7d67","Qle","temperate.deciduous.dVPDSlope",0,0,0,0,0,0,NA,NA,NA,NA
"bfc26ac6b3ec58ff6ee9c6cb68ca7d67","Qle","temperate.deciduous.dVpdExp",0,0,0,0,0,0,NA,NA,NA,NA
"bfc26ac6b3ec58ff6ee9c6cb68ca7d67","Qle","temperate.deciduous.extinction_coefficient",0,0,0,0,0,0,NA,NA,NA,NA
"bfc26ac6b3ec58ff6ee9c6cb68ca7d67","Qle","temperate.deciduous.fine_root_respiration_Q10",0,0,0,0,0,0,NA,NA,NA,NA
"bfc26ac6b3ec58ff6ee9c6cb68ca7d67","Qle","temperate.deciduous.fracLeafFall",0,0,0,0,0,0,NA,NA,NA,NA
"bfc26ac6b3ec58ff6ee9c6cb68ca7d67","Qle","temperate.deciduous.growth_resp_factor",0,0,0,0,0,0,NA,NA,NA,NA
"bfc26ac6b3ec58ff6ee9c6cb68ca7d67","Qle","temperate.deciduous.half_saturation_PAR",0,0,0,0,0,0,NA,NA,NA,NA
"bfc26ac6b3ec58ff6ee9c6cb68ca7d67","Qle","temperate.deciduous.leafC",0,0,0,0,0,0,NA,NA,NA,NA
"bfc26ac6b3ec58ff6ee9c6cb68ca7d67","Qle","temperate.deciduous.leafGrowth",0,0,0,0,0,0,NA,NA,NA,NA
"bfc26ac6b3ec58ff6ee9c6cb68ca7d67","Qle","temperate.deciduous.leafWHC",0,0,0,0,0,0,NA,NA,NA,NA
"bfc26ac6b3ec58ff6ee9c6cb68ca7d67","Qle","temperate.deciduous.leaf_allocation_fraction",0,0,0,0,0,0,NA,NA,NA,NA
"bfc26ac6b3ec58ff6ee9c6cb68ca7d67","Qle","temperate.deciduous.leaf_respiration_rate_m2",0,0,0,0,0,0,NA,NA,NA,NA
"bfc26ac6b3ec58ff6ee9c6cb68ca7d67","Qle","temperate.deciduous.leaf_turnover_rate",0,0,0,0,0,0,NA,NA,NA,NA
"bfc26ac6b3ec58ff6ee9c6cb68ca7d67","Qle","temperate.deciduous.psnTOpt",0,0,0,0,0,0,NA,NA,NA,NA
"bfc26ac6b3ec58ff6ee9c6cb68ca7d67","Qle","temperate.deciduous.root_allocation_fraction",0,0,0,0,0,0,NA,NA,NA,NA
"bfc26ac6b3ec58ff6ee9c6cb68ca7d67","Qle","temperate.deciduous.root_respiration_rate",0,0,0,0,0,0,NA,NA,NA,NA
"bfc26ac6b3ec58ff6ee9c6cb68ca7d67","Qle","temperate.deciduous.root_turnover_rate",0,0,0,0,0,0,NA,NA,NA,NA
"bfc26ac6b3ec58ff6ee9c6cb68ca7d67","Qle","temperate.deciduous.stem_respiration_rate",0,0,0,0,0,0,NA,NA,NA,NA
"bfc26ac6b3ec58ff6ee9c6cb68ca7d67","Qle","temperate.deciduous.veg_respiration_Q10",0,0,0,0,0,0,NA,NA,NA,NA
"bfc26ac6b3ec58ff6ee9c6cb68ca7d67","Qle","temperate.deciduous.wood_allocation_fraction",0,0,0,0,0,0,NA,NA,NA,NA
"bfc26ac6b3ec58ff6ee9c6cb68ca7d67","Qle","temperate.deciduous.wood_turnover_rate",0,0,0,0,0,0,NA,NA,NA,NA
"bfc26ac6b3ec58ff6ee9c6cb68ca7d67","Qle","temperate.deciduous.wueConst",0,0,0,0,0,0,NA,NA,NA,NA
"bfc26ac6b3ec58ff6ee9c6cb68ca7d67","SoilMoistFrac","dummy",0,0,0,0,0,0,NA,NA,NA,NA
"bfc26ac6b3ec58ff6ee9c6cb68ca7d67","SoilMoistFrac","grass.Amax",7.74704504313742,0.0100771140899542,5.64399331109822,0.00734153011918487,8.72594368632653,0.0113504348535473,NA,NA,NA,NA
"bfc26ac6b3ec58ff6ee9c6cb68ca7d67","SoilMoistFrac","grass.AmaxFrac",12.7324841570813,0.0272201367263491,9.27606009982978,0.0198308217849829,14.3413313235031,0.0306596100688268,NA,NA,NA,NA
"bfc26ac6b3ec58ff6ee9c6cb68ca7d67","SoilMoistFrac","grass.GDD",0,0,0,0,0,0,NA,NA,NA,NA
"bfc26ac6b3ec58ff6ee9c6cb68ca7d67","SoilMoistFrac","grass.SLA",48.508985052344,0.395101237069683,35.3404924896003,0.287845072128926,54.6384678920345,0.445025312989761,NA,NA,NA,NA
"bfc26ac6b3ec58ff6ee9c6cb68ca7d67","SoilMoistFrac","grass.Vm_low_temp",0,0,0,0,0,0,NA,NA,NA,NA
"bfc26ac6b3ec58ff6ee9c6cb68ca7d67","SoilMoistFrac","grass.coarse_root_respiration_Q10",0.291618311902284,1.42788620110087e-05,0.212454141237791,1.04026504598184e-05,0.328466525416044,1.60831058963908e-05,NA,NA,NA,NA
"bfc26ac6b3ec58ff6ee9c6cb68ca7d67","SoilMoistFrac","grass.dVPDSlope",-38.9972920060037,0.255348266717187,-43.924899373737,0.186030144568344,-28.4108913795204,0.287613481445939,NA,NA,NA,NA
"bfc26ac6b3ec58ff6ee9c6cb68ca7d67","SoilMoistFrac","grass.dVpdExp",-33.236369006957,0.185477467559571,-37.43603950639,0.135126823251528,-24.2138574535109,0.208913970164787,NA,NA,NA,NA
"bfc26ac6b3ec58ff6ee9c6cb68ca7d67","SoilMoistFrac","grass.extinction_coefficient",0,0,0,0,0,0,NA,NA,NA,NA
"bfc26ac6b3ec58ff6ee9c6cb68ca7d67","SoilMoistFrac","grass.fine_root_respiration_Q10",0,0,0,0,0,0,NA,NA,NA,NA
"bfc26ac6b3ec58ff6ee9c6cb68ca7d67","SoilMoistFrac","grass.fracLeafFall",-4.16741402743871,0.00291606574891582,-4.69399879806434,0.00212445590414926,-3.03610689811033,0.00328453305343893,NA,NA,NA,NA
"bfc26ac6b3ec58ff6ee9c6cb68ca7d67","SoilMoistFrac","grass.growth_resp_factor",0,0,0,0,0,0,NA,NA,NA,NA
"bfc26ac6b3ec58ff6ee9c6cb68ca7d67","SoilMoistFrac","grass.half_saturation_PAR",0,0,0,0,0,0,NA,NA,NA,NA
"bfc26ac6b3ec58ff6ee9c6cb68ca7d67","SoilMoistFrac","grass.leafC",0,0,0,0,0,0,NA,NA,NA,NA
"bfc26ac6b3ec58ff6ee9c6cb68ca7d67","SoilMoistFrac","grass.leafGrowth",-29.7395472000951,0.148502141723024,-33.4973674065259,0.108189004956279,-21.6663004458859,0.16726652791594,NA,NA,NA,NA
"bfc26ac6b3ec58ff6ee9c6cb68ca7d67","SoilMoistFrac","grass.leaf_respiration_rate_m2",0.28512347199351,1.36499152564863e-05,0.207722423170108,9.94444074814187e-06,0.3211510126005,1.53746868887433e-05,NA,NA,NA,NA
"bfc26ac6b3ec58ff6ee9c6cb68ca7d67","SoilMoistFrac","grass.leaf_turnover_rate",0,0,0,0,0,0,NA,NA,NA,NA
"bfc26ac6b3ec58ff6ee9c6cb68ca7d67","SoilMoistFrac","grass.psnTOpt",0,0,0,0,0,0,NA,NA,NA,NA
"bfc26ac6b3ec58ff6ee9c6cb68ca7d67","SoilMoistFrac","grass.root_respiration_rate",0,0,0,0,0,0,NA,NA,NA,NA
"bfc26ac6b3ec58ff6ee9c6cb68ca7d67","SoilMoistFrac","grass.root_turnover_rate",-0.0522834612653944,4.58978852024848e-07,-0.0588898781648627,3.34382149108389e-07,-0.0380903304446832,5.16974355213205e-07,NA,NA,NA,NA
"bfc26ac6b3ec58ff6ee9c6cb68ca7d67","SoilMoistFrac","grass.stem_respiration_rate",-0.0532576872514365,4.76243015467588e-07,-0.0599872050868856,3.46959696089201e-07,-0.0388000881546361,5.36419978306145e-07,NA,NA,NA,NA
"bfc26ac6b3ec58ff6ee9c6cb68ca7d67","SoilMoistFrac","grass.veg_respiration_Q10",0,0,0,0,0,0,NA,NA,NA,NA
"bfc26ac6b3ec58ff6ee9c6cb68ca7d67","SoilMoistFrac","ic_ensemble",-4.21742429473597,0.00298647308002664,-4.7503282467437,0.00217575010776225,-3.07254112723128,0.00336383689160646,NA,NA,NA,NA
"bfc26ac6b3ec58ff6ee9c6cb68ca7d67","SoilMoistFrac","met_ensemble",-26.1641378303374,0.114941502530351,-29.4701776015942,0.0837389053292711,-19.0614896496423,0.129465244195278,NA,NA,NA,NA
"bfc26ac6b3ec58ff6ee9c6cb68ca7d67","SoilMoistFrac","temperate.deciduous.Amax",0,0,0,0,0,0,NA,NA,NA,NA
"bfc26ac6b3ec58ff6ee9c6cb68ca7d67","SoilMoistFrac","temperate.deciduous.AmaxFrac",0,0,0,0,0,0,NA,NA,NA,NA
"bfc26ac6b3ec58ff6ee9c6cb68ca7d67","SoilMoistFrac","temperate.deciduous.GDD",0,0,0,0,0,0,NA,NA,NA,NA
"bfc26ac6b3ec58ff6ee9c6cb68ca7d67","SoilMoistFrac","temperate.deciduous.SLA",0,0,0,0,0,0,NA,NA,NA,NA
"bfc26ac6b3ec58ff6ee9c6cb68ca7d67","SoilMoistFrac","temperate.deciduous.Vm_low_temp",0,0,0,0,0,0,NA,NA,NA,NA
"bfc26ac6b3ec58ff6ee9c6cb68ca7d67","SoilMoistFrac","temperate.deciduous.coarse_root_respiration_Q10",0,0,0,0,0,0,NA,NA,NA,NA
"bfc26ac6b3ec58ff6ee9c6cb68ca7d67","SoilMoistFrac","temperate.deciduous.dVPDSlope",0,0,0,0,0,0,NA,NA,NA,NA
"bfc26ac6b3ec58ff6ee9c6cb68ca7d67","SoilMoistFrac","temperate.deciduous.dVpdExp",0,0,0,0,0,0,NA,NA,NA,NA
"bfc26ac6b3ec58ff6ee9c6cb68ca7d67","SoilMoistFrac","temperate.deciduous.extinction_coefficient",0,0,0,0,0,0,NA,NA,NA,NA
"bfc26ac6b3ec58ff6ee9c6cb68ca7d67","SoilMoistFrac","temperate.deciduous.fine_root_respiration_Q10",0,0,0,0,0,0,NA,NA,NA,NA
"bfc26ac6b3ec58ff6ee9c6cb68ca7d67","SoilMoistFrac","temperate.deciduous.fracLeafFall",0,0,0,0,0,0,NA,NA,NA,NA
"bfc26ac6b3ec58ff6ee9c6cb68ca7d67","SoilMoistFrac","temperate.deciduous.growth_resp_factor",0,0,0,0,0,0,NA,NA,NA,NA
"bfc26ac6b3ec58ff6ee9c6cb68ca7d67","SoilMoistFrac","temperate.deciduous.half_saturation_PAR",0,0,0,0,0,0,NA,NA,NA,NA
"bfc26ac6b3ec58ff6ee9c6cb68ca7d67","SoilMoistFrac","temperate.deciduous.leafC",0,0,0,0,0,0,NA,NA,NA,NA
"bfc26ac6b3ec58ff6ee9c6cb68ca7d67","SoilMoistFrac","temperate.deciduous.leafGrowth",0,0,0,0,0,0,NA,NA,NA,NA
"bfc26ac6b3ec58ff6ee9c6cb68ca7d67","SoilMoistFrac","temperate.deciduous.leafWHC",0,0,0,0,0,0,NA,NA,NA,NA
"bfc26ac6b3ec58ff6ee9c6cb68ca7d67","SoilMoistFrac","temperate.deciduous.leaf_allocation_fraction",0,0,0,0,0,0,NA,NA,NA,NA
"bfc26ac6b3ec58ff6ee9c6cb68ca7d67","SoilMoistFrac","temperate.deciduous.leaf_respiration_rate_m2",0,0,0,0,0,0,NA,NA,NA,NA
"bfc26ac6b3ec58ff6ee9c6cb68ca7d67","SoilMoistFrac","temperate.deciduous.leaf_turnover_rate",0,0,0,0,0,0,NA,NA,NA,NA
"bfc26ac6b3ec58ff6ee9c6cb68ca7d67","SoilMoistFrac","temperate.deciduous.psnTOpt",0,0,0,0,0,0,NA,NA,NA,NA
"bfc26ac6b3ec58ff6ee9c6cb68ca7d67","SoilMoistFrac","temperate.deciduous.root_allocation_fraction",0,0,0,0,0,0,NA,NA,NA,NA
"bfc26ac6b3ec58ff6ee9c6cb68ca7d67","SoilMoistFrac","temperate.deciduous.root_respiration_rate",0,0,0,0,0,0,NA,NA,NA,NA
"bfc26ac6b3ec58ff6ee9c6cb68ca7d67","SoilMoistFrac","temperate.deciduous.root_turnover_rate",0,0,0,0,0,0,NA,NA,NA,NA
"bfc26ac6b3ec58ff6ee9c6cb68ca7d67","SoilMoistFrac","temperate.deciduous.stem_respiration_rate",0,0,0,0,0,0,NA,NA,NA,NA
"bfc26ac6b3ec58ff6ee9c6cb68ca7d67","SoilMoistFrac","temperate.deciduous.veg_respiration_Q10",0,0,0,0,0,0,NA,NA,NA,NA
"bfc26ac6b3ec58ff6ee9c6cb68ca7d67","SoilMoistFrac","temperate.deciduous.wood_allocation_fraction",0,0,0,0,0,0,NA,NA,NA,NA
"bfc26ac6b3ec58ff6ee9c6cb68ca7d67","SoilMoistFrac","temperate.deciduous.wood_turnover_rate",0,0,0,0,0,0,NA,NA,NA,NA
"bfc26ac6b3ec58ff6ee9c6cb68ca7d67","SoilMoistFrac","temperate.deciduous.wueConst",0,0,0,0,0,0,NA,NA,NA,NA
"bfc26ac6b3ec58ff6ee9c6cb68ca7d67","TotSoilCarb","dummy",0,0,0,0,0,0,NA,NA,NA,NA
"bfc26ac6b3ec58ff6ee9c6cb68ca7d67","TotSoilCarb","grass.Amax",-0.00769107068943818,5.0411076433114e-06,-0.00970502640462162,2.2477334423611e-06,-0.00342930126063677,6.36115370179374e-06,NA,NA,NA,NA
"bfc26ac6b3ec58ff6ee9c6cb68ca7d67","TotSoilCarb","grass.AmaxFrac",-0.0124160241298522,1.31376431412317e-05,-0.0156672389172173,5.8578237029977e-06,-0.00553606759317266,1.65778184505886e-05,NA,NA,NA,NA
"bfc26ac6b3ec58ff6ee9c6cb68ca7d67","TotSoilCarb","grass.GDD",0,0,0,0,0,0,NA,NA,NA,NA
"bfc26ac6b3ec58ff6ee9c6cb68ca7d67","TotSoilCarb","grass.SLA",-0.0374104827529822,0.000119272134083932,-0.0472066553004021,5.31811624530453e-05,-0.0166806184530341,0.00015050430003325,NA,NA,NA,NA
"bfc26ac6b3ec58ff6ee9c6cb68ca7d67","TotSoilCarb","grass.Vm_low_temp",0,0,0,0,0,0,NA,NA,NA,NA
"bfc26ac6b3ec58ff6ee9c6cb68ca7d67","TotSoilCarb","grass.coarse_root_respiration_Q10",-0.001350017582408,1.55321370682195e-07,-0.00170352826193178,6.9254827291568e-08,-0.000601947008963423,1.95993258226422e-07,NA,NA,NA,NA
"bfc26ac6b3ec58ff6ee9c6cb68ca7d67","TotSoilCarb","grass.dVPDSlope",0.0289985942972027,7.16648600540783e-05,0.0129299183424039,3.19539898735167e-05,0.0365920604185501,9.04307588881554e-05,NA,NA,NA,NA
"bfc26ac6b3ec58ff6ee9c6cb68ca7d67","TotSoilCarb","grass.dVpdExp",0.0236563341796011,4.7692189204637e-05,0.0105479067739627,2.12650346312103e-05,0.0298508955540951,6.01806918977913e-05,NA,NA,NA,NA
"bfc26ac6b3ec58ff6ee9c6cb68ca7d67","TotSoilCarb","grass.extinction_coefficient",0,0,0,0,0,0,NA,NA,NA,NA
"bfc26ac6b3ec58ff6ee9c6cb68ca7d67","TotSoilCarb","grass.fine_root_respiration_Q10",0,0,0,0,0,0,NA,NA,NA,NA
"bfc26ac6b3ec58ff6ee9c6cb68ca7d67","TotSoilCarb","grass.fracLeafFall",0.00337303723929541,9.6960453241651e-07,0.00150397276581728,4.32328108737998e-07,0.00425628846658348,1.22350163834347e-06,NA,NA,NA,NA
"bfc26ac6b3ec58ff6ee9c6cb68ca7d67","TotSoilCarb","grass.growth_resp_factor",0,0,0,0,0,0,NA,NA,NA,NA
"bfc26ac6b3ec58ff6ee9c6cb68ca7d67","TotSoilCarb","grass.half_saturation_PAR",0,0,0,0,0,0,NA,NA,NA,NA
"bfc26ac6b3ec58ff6ee9c6cb68ca7d67","TotSoilCarb","grass.leafC",0,0,0,0,0,0,NA,NA,NA,NA
"bfc26ac6b3ec58ff6ee9c6cb68ca7d67","TotSoilCarb","grass.leafGrowth",0.308960901017995,0.00813503472250554,0.137759754152757,0.00362725632824082,0.389864275528374,0.0102652452398922,NA,NA,NA,NA
"bfc26ac6b3ec58ff6ee9c6cb68ca7d67","TotSoilCarb","grass.leaf_respiration_rate_m2",-0.010071488986031,8.64449702754122e-06,-0.0127087723530503,3.85441582208152e-06,-0.00449068423252375,1.09081134857036e-05,NA,NA,NA,NA
"bfc26ac6b3ec58ff6ee9c6cb68ca7d67","TotSoilCarb","grass.leaf_turnover_rate",0,0,0,0,0,0,NA,NA,NA,NA
"bfc26ac6b3ec58ff6ee9c6cb68ca7d67","TotSoilCarb","grass.psnTOpt",0,0,0,0,0,0,NA,NA,NA,NA
"bfc26ac6b3ec58ff6ee9c6cb68ca7d67","TotSoilCarb","grass.root_respiration_rate",0,0,0,0,0,0,NA,NA,NA,NA
"bfc26ac6b3ec58ff6ee9c6cb68ca7d67","TotSoilCarb","grass.root_turnover_rate",0.0250354476391315,5.34149821007739e-05,0.0111628270778189,2.38167184845437e-05,0.0315911386333964,6.74020344660581e-05,NA,NA,NA,NA
"bfc26ac6b3ec58ff6ee9c6cb68ca7d67","TotSoilCarb","grass.stem_respiration_rate",0.000131248500884331,1.46805074664603e-09,5.85211952553513e-05,6.54575738468443e-10,0.000165616754556508,1.85246915999481e-09,NA,NA,NA,NA
"bfc26ac6b3ec58ff6ee9c6cb68ca7d67","TotSoilCarb","grass.veg_respiration_Q10",0,0,0,0,0,0,NA,NA,NA,NA
"bfc26ac6b3ec58ff6ee9c6cb68ca7d67","TotSoilCarb","ic_ensemble",3.0990852390957,0.818501365035919,1.38182281068438,0.364954097588152,3.9106003949359,1.03283114674801,NA,NA,NA,NA
"bfc26ac6b3ec58ff6ee9c6cb68ca7d67","TotSoilCarb","met_ensemble",0.0064621036883657,3.55877236558274e-06,0.00288132838972734,1.58678850480097e-06,0.00815424658768455,4.49065951551424e-06,NA,NA,NA,NA
"bfc26ac6b3ec58ff6ee9c6cb68ca7d67","TotSoilCarb","temperate.deciduous.Amax",0,0,0,0,0,0,NA,NA,NA,NA
"bfc26ac6b3ec58ff6ee9c6cb68ca7d67","TotSoilCarb","temperate.deciduous.AmaxFrac",0,0,0,0,0,0,NA,NA,NA,NA
"bfc26ac6b3ec58ff6ee9c6cb68ca7d67","TotSoilCarb","temperate.deciduous.GDD",0,0,0,0,0,0,NA,NA,NA,NA
"bfc26ac6b3ec58ff6ee9c6cb68ca7d67","TotSoilCarb","temperate.deciduous.SLA",0,0,0,0,0,0,NA,NA,NA,NA
"bfc26ac6b3ec58ff6ee9c6cb68ca7d67","TotSoilCarb","temperate.deciduous.Vm_low_temp",0,0,0,0,0,0,NA,NA,NA,NA
"bfc26ac6b3ec58ff6ee9c6cb68ca7d67","TotSoilCarb","temperate.deciduous.coarse_root_respiration_Q10",0,0,0,0,0,0,NA,NA,NA,NA
"bfc26ac6b3ec58ff6ee9c6cb68ca7d67","TotSoilCarb","temperate.deciduous.dVPDSlope",0,0,0,0,0,0,NA,NA,NA,NA
"bfc26ac6b3ec58ff6ee9c6cb68ca7d67","TotSoilCarb","temperate.deciduous.dVpdExp",0,0,0,0,0,0,NA,NA,NA,NA
"bfc26ac6b3ec58ff6ee9c6cb68ca7d67","TotSoilCarb","temperate.deciduous.extinction_coefficient",0,0,0,0,0,0,NA,NA,NA,NA
"bfc26ac6b3ec58ff6ee9c6cb68ca7d67","TotSoilCarb","temperate.deciduous.fine_root_respiration_Q10",0,0,0,0,0,0,NA,NA,NA,NA
"bfc26ac6b3ec58ff6ee9c6cb68ca7d67","TotSoilCarb","temperate.deciduous.fracLeafFall",0,0,0,0,0,0,NA,NA,NA,NA
"bfc26ac6b3ec58ff6ee9c6cb68ca7d67","TotSoilCarb","temperate.deciduous.growth_resp_factor",0,0,0,0,0,0,NA,NA,NA,NA
"bfc26ac6b3ec58ff6ee9c6cb68ca7d67","TotSoilCarb","temperate.deciduous.half_saturation_PAR",0,0,0,0,0,0,NA,NA,NA,NA
"bfc26ac6b3ec58ff6ee9c6cb68ca7d67","TotSoilCarb","temperate.deciduous.leafC",0,0,0,0,0,0,NA,NA,NA,NA
"bfc26ac6b3ec58ff6ee9c6cb68ca7d67","TotSoilCarb","temperate.deciduous.leafGrowth",0,0,0,0,0,0,NA,NA,NA,NA
"bfc26ac6b3ec58ff6ee9c6cb68ca7d67","TotSoilCarb","temperate.deciduous.leafWHC",0,0,0,0,0,0,NA,NA,NA,NA
"bfc26ac6b3ec58ff6ee9c6cb68ca7d67","TotSoilCarb","temperate.deciduous.leaf_allocation_fraction",0,0,0,0,0,0,NA,NA,NA,NA
"bfc26ac6b3ec58ff6ee9c6cb68ca7d67","TotSoilCarb","temperate.deciduous.leaf_respiration_rate_m2",0,0,0,0,0,0,NA,NA,NA,NA
"bfc26ac6b3ec58ff6ee9c6cb68ca7d67","TotSoilCarb","temperate.deciduous.leaf_turnover_rate",0,0,0,0,0,0,NA,NA,NA,NA
"bfc26ac6b3ec58ff6ee9c6cb68ca7d67","TotSoilCarb","temperate.deciduous.psnTOpt",0,0,0,0,0,0,NA,NA,NA,NA
"bfc26ac6b3ec58ff6ee9c6cb68ca7d67","TotSoilCarb","temperate.deciduous.root_allocation_fraction",0,0,0,0,0,0,NA,NA,NA,NA
"bfc26ac6b3ec58ff6ee9c6cb68ca7d67","TotSoilCarb","temperate.deciduous.root_respiration_rate",0,0,0,0,0,0,NA,NA,NA,NA
"bfc26ac6b3ec58ff6ee9c6cb68ca7d67","TotSoilCarb","temperate.deciduous.root_turnover_rate",0,0,0,0,0,0,NA,NA,NA,NA
"bfc26ac6b3ec58ff6ee9c6cb68ca7d67","TotSoilCarb","temperate.deciduous.stem_respiration_rate",0,0,0,0,0,0,NA,NA,NA,NA
"bfc26ac6b3ec58ff6ee9c6cb68ca7d67","TotSoilCarb","temperate.deciduous.veg_respiration_Q10",0,0,0,0,0,0,NA,NA,NA,NA
"bfc26ac6b3ec58ff6ee9c6cb68ca7d67","TotSoilCarb","temperate.deciduous.wood_allocation_fraction",0,0,0,0,0,0,NA,NA,NA,NA
"bfc26ac6b3ec58ff6ee9c6cb68ca7d67","TotSoilCarb","temperate.deciduous.wood_turnover_rate",0,0,0,0,0,0,NA,NA,NA,NA
"bfc26ac6b3ec58ff6ee9c6cb68ca7d67","TotSoilCarb","temperate.deciduous.wueConst",0,0,0,0,0,0,NA,NA,NA,NA
"cbb940600bee116ac68980e32f160f5d","AbvGrndWood","dummy",0,0,0,0,0,0,NA,NA,NA,NA
"cbb940600bee116ac68980e32f160f5d","AbvGrndWood","grass.Amax",-7.04976414105737e-06,7.76996384334486e-09,-0.000505044967797333,-1.10504094369809e-06,0.00100261444922366,5.56640060650309e-07,NA,NA,NA,NA
"cbb940600bee116ac68980e32f160f5d","AbvGrndWood","grass.AmaxFrac",-1.12680227062361e-05,1.98502166027669e-08,-0.000807240930468498,-2.82308933858438e-06,0.00160253338316055,1.42206913654431e-06,NA,NA,NA,NA
"cbb940600bee116ac68980e32f160f5d","AbvGrndWood","grass.GDD",0,0,0,0,0,0,NA,NA,NA,NA
"cbb940600bee116ac68980e32f160f5d","AbvGrndWood","grass.SLA",0.00418515938885305,0.00273838071763866,-0.59521158319756,-0.389451337668184,0.29982473831429,0.196177542068694,NA,NA,NA,NA
"cbb940600bee116ac68980e32f160f5d","AbvGrndWood","grass.Vm_low_temp",0,0,0,0,0,0,NA,NA,NA,NA
"cbb940600bee116ac68980e32f160f5d","AbvGrndWood","grass.coarse_root_respiration_Q10",3.62728475065629e-06,2.05699446618262e-09,-0.000515870890102031,-2.92544875616006e-07,0.000259858609938147,1.47363044088547e-07,NA,NA,NA,NA
"cbb940600bee116ac68980e32f160f5d","AbvGrndWood","grass.dVPDSlope",0.000144596746773155,3.26878884513994e-06,-0.0205644876516047,-0.000464885755327821,0.010358908164365,0.00023417597014563,NA,NA,NA,NA
"cbb940600bee116ac68980e32f160f5d","AbvGrndWood","grass.dVpdExp",0.000138326866806834,2.99145795468001e-06,-0.0196727879970702,-0.00042544387437583,0.00990973408388175,0.000214307990474393,NA,NA,NA,NA
"cbb940600bee116ac68980e32f160f5d","AbvGrndWood","grass.extinction_coefficient",0,0,0,0,0,0,NA,NA,NA,NA
"cbb940600bee116ac68980e32f160f5d","AbvGrndWood","grass.fine_root_respiration_Q10",0,0,0,0,0,0,NA,NA,NA,NA
"cbb940600bee116ac68980e32f160f5d","AbvGrndWood","grass.fracLeafFall",3.06318149088261e-05,1.46694989862715e-07,-0.00435644365102512,-2.08628988888438e-05,0.00219446263231745,1.05092262590409e-05,NA,NA,NA,NA
"cbb940600bee116ac68980e32f160f5d","AbvGrndWood","grass.growth_resp_factor",0,0,0,0,0,0,NA,NA,NA,NA
"cbb940600bee116ac68980e32f160f5d","AbvGrndWood","grass.half_saturation_PAR",0,0,0,0,0,0,NA,NA,NA,NA
"cbb940600bee116ac68980e32f160f5d","AbvGrndWood","grass.leafC",0,0,0,0,0,0,NA,NA,NA,NA
"cbb940600bee116ac68980e32f160f5d","AbvGrndWood","grass.leafGrowth",-0.0071446396581505,0.00798050700235896,-0.511841848021452,-1.13498430197065,1.01610760479764,0.571723368522262,NA,NA,NA,NA
"cbb940600bee116ac68980e32f160f5d","AbvGrndWood","grass.leaf_respiration_rate_m2",-0.00400841936132532,0.00251197970051575,-0.28716308613342,-0.357252681579199,0.570075691867029,0.1799581775461,NA,NA,NA,NA
"cbb940600bee116ac68980e32f160f5d","AbvGrndWood","grass.leaf_turnover_rate",0,0,0,0,0,0,NA,NA,NA,NA
"cbb940600bee116ac68980e32f160f5d","AbvGrndWood","grass.psnTOpt",0,0,0,0,0,0,NA,NA,NA,NA
"cbb940600bee116ac68980e32f160f5d","AbvGrndWood","grass.root_respiration_rate",0,0,0,0,0,0,NA,NA,NA,NA
"cbb940600bee116ac68980e32f160f5d","AbvGrndWood","grass.root_turnover_rate",-1.26725460768858e-07,2.51071594740775e-12,-9.07860957792423e-06,-3.57072951151204e-10,1.80228409786667e-05,1.79867642297691e-10,NA,NA,NA,NA
"cbb940600bee116ac68980e32f160f5d","AbvGrndWood","grass.stem_respiration_rate",0.00174952505554628,0.000478531086973213,-0.248816707179432,-0.0680564870827136,0.125335941410158,0.0342819578889004,NA,NA,NA,NA
"cbb940600bee116ac68980e32f160f5d","AbvGrndWood","grass.veg_respiration_Q10",0,0,0,0,0,0,NA,NA,NA,NA
"cbb940600bee116ac68980e32f160f5d","AbvGrndWood","ic_ensemble",-0.00469029254152777,0.00343929703778563,-0.336012467679617,-0.489135357759475,0.667051404717832,0.246391173795125,NA,NA,NA,NA
"cbb940600bee116ac68980e32f160f5d","AbvGrndWood","met_ensemble",7.4268369960162e-05,8.62338165174024e-07,-0.0105624158982401,-0.000122641366040201,0.00532058459891462,6.17778896068718e-05,NA,NA,NA,NA
"cbb940600bee116ac68980e32f160f5d","AbvGrndWood","temperate.deciduous.Amax",0,0,0,0,0,0,NA,NA,NA,NA
"cbb940600bee116ac68980e32f160f5d","AbvGrndWood","temperate.deciduous.AmaxFrac",0,0,0,0,0,0,NA,NA,NA,NA
"cbb940600bee116ac68980e32f160f5d","AbvGrndWood","temperate.deciduous.GDD",0,0,0,0,0,0,NA,NA,NA,NA
"cbb940600bee116ac68980e32f160f5d","AbvGrndWood","temperate.deciduous.SLA",0,0,0,0,0,0,NA,NA,NA,NA
"cbb940600bee116ac68980e32f160f5d","AbvGrndWood","temperate.deciduous.Vm_low_temp",0,0,0,0,0,0,NA,NA,NA,NA
"cbb940600bee116ac68980e32f160f5d","AbvGrndWood","temperate.deciduous.coarse_root_respiration_Q10",0,0,0,0,0,0,NA,NA,NA,NA
"cbb940600bee116ac68980e32f160f5d","AbvGrndWood","temperate.deciduous.dVPDSlope",0,0,0,0,0,0,NA,NA,NA,NA
"cbb940600bee116ac68980e32f160f5d","AbvGrndWood","temperate.deciduous.dVpdExp",0,0,0,0,0,0,NA,NA,NA,NA
"cbb940600bee116ac68980e32f160f5d","AbvGrndWood","temperate.deciduous.extinction_coefficient",0,0,0,0,0,0,NA,NA,NA,NA
"cbb940600bee116ac68980e32f160f5d","AbvGrndWood","temperate.deciduous.fine_root_respiration_Q10",0,0,0,0,0,0,NA,NA,NA,NA
"cbb940600bee116ac68980e32f160f5d","AbvGrndWood","temperate.deciduous.fracLeafFall",0,0,0,0,0,0,NA,NA,NA,NA
"cbb940600bee116ac68980e32f160f5d","AbvGrndWood","temperate.deciduous.growth_resp_factor",0,0,0,0,0,0,NA,NA,NA,NA
"cbb940600bee116ac68980e32f160f5d","AbvGrndWood","temperate.deciduous.half_saturation_PAR",0,0,0,0,0,0,NA,NA,NA,NA
"cbb940600bee116ac68980e32f160f5d","AbvGrndWood","temperate.deciduous.leafC",0,0,0,0,0,0,NA,NA,NA,NA
"cbb940600bee116ac68980e32f160f5d","AbvGrndWood","temperate.deciduous.leafGrowth",0,0,0,0,0,0,NA,NA,NA,NA
"cbb940600bee116ac68980e32f160f5d","AbvGrndWood","temperate.deciduous.leafWHC",0,0,0,0,0,0,NA,NA,NA,NA
"cbb940600bee116ac68980e32f160f5d","AbvGrndWood","temperate.deciduous.leaf_allocation_fraction",0,0,0,0,0,0,NA,NA,NA,NA
"cbb940600bee116ac68980e32f160f5d","AbvGrndWood","temperate.deciduous.leaf_respiration_rate_m2",0,0,0,0,0,0,NA,NA,NA,NA
"cbb940600bee116ac68980e32f160f5d","AbvGrndWood","temperate.deciduous.leaf_turnover_rate",0,0,0,0,0,0,NA,NA,NA,NA
"cbb940600bee116ac68980e32f160f5d","AbvGrndWood","temperate.deciduous.psnTOpt",0,0,0,0,0,0,NA,NA,NA,NA
"cbb940600bee116ac68980e32f160f5d","AbvGrndWood","temperate.deciduous.root_allocation_fraction",0,0,0,0,0,0,NA,NA,NA,NA
"cbb940600bee116ac68980e32f160f5d","AbvGrndWood","temperate.deciduous.root_respiration_rate",0,0,0,0,0,0,NA,NA,NA,NA
"cbb940600bee116ac68980e32f160f5d","AbvGrndWood","temperate.deciduous.root_turnover_rate",0,0,0,0,0,0,NA,NA,NA,NA
"cbb940600bee116ac68980e32f160f5d","AbvGrndWood","temperate.deciduous.stem_respiration_rate",0,0,0,0,0,0,NA,NA,NA,NA
"cbb940600bee116ac68980e32f160f5d","AbvGrndWood","temperate.deciduous.veg_respiration_Q10",0,0,0,0,0,0,NA,NA,NA,NA
"cbb940600bee116ac68980e32f160f5d","AbvGrndWood","temperate.deciduous.wood_allocation_fraction",0,0,0,0,0,0,NA,NA,NA,NA
"cbb940600bee116ac68980e32f160f5d","AbvGrndWood","temperate.deciduous.wood_turnover_rate",0,0,0,0,0,0,NA,NA,NA,NA
"cbb940600bee116ac68980e32f160f5d","AbvGrndWood","temperate.deciduous.wueConst",0,0,0,0,0,0,NA,NA,NA,NA
"cbb940600bee116ac68980e32f160f5d","NPP","dummy",0,0,0,0,0,0,NA,NA,NA,NA
"cbb940600bee116ac68980e32f160f5d","NPP","grass.Amax",0.00329767814543408,1.12401192458289e-06,0.000593542671054696,2.02308718617062e-07,0.00452842876499119,1.54351264950517e-06,NA,NA,NA,NA
"cbb940600bee116ac68980e32f160f5d","NPP","grass.AmaxFrac",0.00516976428795826,2.76245918979375e-06,0.000930495812166054,4.97209652937172e-07,0.00709920989173209,3.79345682188448e-06,NA,NA,NA,NA
"cbb940600bee116ac68980e32f160f5d","NPP","grass.GDD",0,0,0,0,0,0,NA,NA,NA,NA
"cbb940600bee116ac68980e32f160f5d","NPP","grass.SLA",-0.704845216526055,0.0513501716835736,-0.967905663505218,0.00924241745738154,-0.126863718667102,0.0705149454506639,NA,NA,NA,NA
"cbb940600bee116ac68980e32f160f5d","NPP","grass.Vm_low_temp",0,0,0,0,0,0,NA,NA,NA,NA
"cbb940600bee116ac68980e32f160f5d","NPP","grass.coarse_root_respiration_Q10",0.222397136319753,0.00511225805720191,0.0400288277098571,0.000920145377617831,0.305399600854458,0.0070202413393026,NA,NA,NA,NA
"cbb940600bee116ac68980e32f160f5d","NPP","grass.dVPDSlope",-0.0449874738099541,0.000209188400952141,-0.0617775784902947,3.76514131394864e-05,-0.00809720785096463,0.000287261136592664,NA,NA,NA,NA
"cbb940600bee116ac68980e32f160f5d","NPP","grass.dVpdExp",-0.0404300443420379,0.000168951799505343,-0.0555192373827778,3.04093055584413e-05,-0.00727692499125749,0.000232007538345229,NA,NA,NA,NA
"cbb940600bee116ac68980e32f160f5d","NPP","grass.extinction_coefficient",0,0,0,0,0,0,NA,NA,NA,NA
"cbb940600bee116ac68980e32f160f5d","NPP","grass.fine_root_respiration_Q10",0,0,0,0,0,0,NA,NA,NA,NA
"cbb940600bee116ac68980e32f160f5d","NPP","grass.fracLeafFall",0.00275391206826141,7.83888918318327e-07,0.000495671273168011,1.41090640708234e-07,0.00378171976650855,1.07644984432017e-06,NA,NA,NA,NA
"cbb940600bee116ac68980e32f160f5d","NPP","grass.growth_resp_factor",0,0,0,0,0,0,NA,NA,NA,NA
"cbb940600bee116ac68980e32f160f5d","NPP","grass.half_saturation_PAR",0,0,0,0,0,0,NA,NA,NA,NA
"cbb940600bee116ac68980e32f160f5d","NPP","grass.leafC",0,0,0,0,0,0,NA,NA,NA,NA
"cbb940600bee116ac68980e32f160f5d","NPP","grass.leafGrowth",2.99475738565685,0.926995606458183,0.53902055308359,0.166848134974898,4.11245272924995,1.27296642794505,NA,NA,NA,NA
"cbb940600bee116ac68980e32f160f5d","NPP","grass.leaf_respiration_rate_m2",1.51479515351722,0.237171336227612,0.272645031403139,0.0426880071959291,2.080142950201,0.325687788146208,NA,NA,NA,NA
"cbb940600bee116ac68980e32f160f5d","NPP","grass.leaf_turnover_rate",0,0,0,0,0,0,NA,NA,NA,NA
"cbb940600bee116ac68980e32f160f5d","NPP","grass.psnTOpt",0,0,0,0,0,0,NA,NA,NA,NA
"cbb940600bee116ac68980e32f160f5d","NPP","grass.root_respiration_rate",0,0,0,0,0,0,NA,NA,NA,NA
"cbb940600bee116ac68980e32f160f5d","NPP","grass.root_turnover_rate",-0.0060707256768215,3.80921603160513e-06,-0.00833642568100604,6.8561337956942e-07,-0.00109265809898699,5.23088145320368e-06,NA,NA,NA,NA
"cbb940600bee116ac68980e32f160f5d","NPP","grass.stem_respiration_rate",-0.13466263250755,0.00187434092102503,-0.184921060128612,0.000337358974305201,-0.0242376651282525,0.00257387742764464,NA,NA,NA,NA
"cbb940600bee116ac68980e32f160f5d","NPP","grass.veg_respiration_Q10",0,0,0,0,0,0,NA,NA,NA,NA
"cbb940600bee116ac68980e32f160f5d","NPP","ic_ensemble",-0.113776274505183,0.00133800521063688,-0.15623955144203,0.000240824953674179,-0.0204783702029749,0.00183737193756929,NA,NA,NA,NA
"cbb940600bee116ac68980e32f160f5d","NPP","met_ensemble",-0.00511714176436056,2.70650780605215e-06,-0.00702694773058814,4.87139072276903e-07,-0.000921024386564052,3.71662341231497e-06,NA,NA,NA,NA
"cbb940600bee116ac68980e32f160f5d","NPP","temperate.deciduous.Amax",0,0,0,0,0,0,NA,NA,NA,NA
"cbb940600bee116ac68980e32f160f5d","NPP","temperate.deciduous.AmaxFrac",0,0,0,0,0,0,NA,NA,NA,NA
"cbb940600bee116ac68980e32f160f5d","NPP","temperate.deciduous.GDD",0,0,0,0,0,0,NA,NA,NA,NA
"cbb940600bee116ac68980e32f160f5d","NPP","temperate.deciduous.SLA",0,0,0,0,0,0,NA,NA,NA,NA
"cbb940600bee116ac68980e32f160f5d","NPP","temperate.deciduous.Vm_low_temp",0,0,0,0,0,0,NA,NA,NA,NA
"cbb940600bee116ac68980e32f160f5d","NPP","temperate.deciduous.coarse_root_respiration_Q10",0,0,0,0,0,0,NA,NA,NA,NA
"cbb940600bee116ac68980e32f160f5d","NPP","temperate.deciduous.dVPDSlope",0,0,0,0,0,0,NA,NA,NA,NA
"cbb940600bee116ac68980e32f160f5d","NPP","temperate.deciduous.dVpdExp",0,0,0,0,0,0,NA,NA,NA,NA
"cbb940600bee116ac68980e32f160f5d","NPP","temperate.deciduous.extinction_coefficient",0,0,0,0,0,0,NA,NA,NA,NA
"cbb940600bee116ac68980e32f160f5d","NPP","temperate.deciduous.fine_root_respiration_Q10",0,0,0,0,0,0,NA,NA,NA,NA
"cbb940600bee116ac68980e32f160f5d","NPP","temperate.deciduous.fracLeafFall",0,0,0,0,0,0,NA,NA,NA,NA
"cbb940600bee116ac68980e32f160f5d","NPP","temperate.deciduous.growth_resp_factor",0,0,0,0,0,0,NA,NA,NA,NA
"cbb940600bee116ac68980e32f160f5d","NPP","temperate.deciduous.half_saturation_PAR",0,0,0,0,0,0,NA,NA,NA,NA
"cbb940600bee116ac68980e32f160f5d","NPP","temperate.deciduous.leafC",0,0,0,0,0,0,NA,NA,NA,NA
"cbb940600bee116ac68980e32f160f5d","NPP","temperate.deciduous.leafGrowth",0,0,0,0,0,0,NA,NA,NA,NA
"cbb940600bee116ac68980e32f160f5d","NPP","temperate.deciduous.leafWHC",0,0,0,0,0,0,NA,NA,NA,NA
"cbb940600bee116ac68980e32f160f5d","NPP","temperate.deciduous.leaf_allocation_fraction",0,0,0,0,0,0,NA,NA,NA,NA
"cbb940600bee116ac68980e32f160f5d","NPP","temperate.deciduous.leaf_respiration_rate_m2",0,0,0,0,0,0,NA,NA,NA,NA
"cbb940600bee116ac68980e32f160f5d","NPP","temperate.deciduous.leaf_turnover_rate",0,0,0,0,0,0,NA,NA,NA,NA
"cbb940600bee116ac68980e32f160f5d","NPP","temperate.deciduous.psnTOpt",0,0,0,0,0,0,NA,NA,NA,NA
"cbb940600bee116ac68980e32f160f5d","NPP","temperate.deciduous.root_allocation_fraction",0,0,0,0,0,0,NA,NA,NA,NA
"cbb940600bee116ac68980e32f160f5d","NPP","temperate.deciduous.root_respiration_rate",0,0,0,0,0,0,NA,NA,NA,NA
"cbb940600bee116ac68980e32f160f5d","NPP","temperate.deciduous.root_turnover_rate",0,0,0,0,0,0,NA,NA,NA,NA
"cbb940600bee116ac68980e32f160f5d","NPP","temperate.deciduous.stem_respiration_rate",0,0,0,0,0,0,NA,NA,NA,NA
"cbb940600bee116ac68980e32f160f5d","NPP","temperate.deciduous.veg_respiration_Q10",0,0,0,0,0,0,NA,NA,NA,NA
"cbb940600bee116ac68980e32f160f5d","NPP","temperate.deciduous.wood_allocation_fraction",0,0,0,0,0,0,NA,NA,NA,NA
"cbb940600bee116ac68980e32f160f5d","NPP","temperate.deciduous.wood_turnover_rate",0,0,0,0,0,0,NA,NA,NA,NA
"cbb940600bee116ac68980e32f160f5d","NPP","temperate.deciduous.wueConst",0,0,0,0,0,0,NA,NA,NA,NA
"cbb940600bee116ac68980e32f160f5d","Qle","dummy",0,0,0,0,0,0,NA,NA,NA,NA
"cbb940600bee116ac68980e32f160f5d","Qle","grass.Amax",-0.251592736483737,2.10136750448699e-06,-7.5368282735089,-0.000119117455672355,14.2617065180631,6.29495359929603e-05,NA,NA,NA,NA
"cbb940600bee116ac68980e32f160f5d","Qle","grass.AmaxFrac",-0.383641573967841,4.88604140170197e-06,-11.49254426811,-0.000276968602035469,21.746985276782,0.000146368514038015,NA,NA,NA,NA
"cbb940600bee116ac68980e32f160f5d","Qle","grass.GDD",0,0,0,0,0,0,NA,NA,NA,NA
"cbb940600bee116ac68980e32f160f5d","Qle","grass.SLA",-1.01081301569499,3.39193456347528e-05,-30.2803817884195,-0.00192274132985098,57.2986278378193,0.00101610359174837,NA,NA,NA,NA
"cbb940600bee116ac68980e32f160f5d","Qle","grass.Vm_low_temp",0,0,0,0,0,0,NA,NA,NA,NA
"cbb940600bee116ac68980e32f160f5d","Qle","grass.coarse_root_respiration_Q10",-0.00231017974753664,1.77172926541247e-10,-0.069204812036564,-1.00431686406851e-08,0.130954120630864,5.30747405795119e-09,NA,NA,NA,NA
"cbb940600bee116ac68980e32f160f5d","Qle","grass.dVPDSlope",1.84845548861888,0.000113428923025215,-104.780964899157,-0.00642979615967631,55.3731867765825,0.00339792923292668,NA,NA,NA,NA
"cbb940600bee116ac68980e32f160f5d","Qle","grass.dVpdExp",1.45345395031235,7.0130731303619e-05,-82.3900322663487,-0.00397540851825825,43.5403381673754,0.00210086859389575,NA,NA,NA,NA
"cbb940600bee116ac68980e32f160f5d","Qle","grass.extinction_coefficient",0,0,0,0,0,0,NA,NA,NA,NA
"cbb940600bee116ac68980e32f160f5d","Qle","grass.fine_root_respiration_Q10",0,0,0,0,0,0,NA,NA,NA,NA
"cbb940600bee116ac68980e32f160f5d","Qle","grass.fracLeafFall",3.99244138523493,0.000529155009581059,-226.314273307609,-0.029995513998854,119.599419017849,0.0158516119861719,NA,NA,NA,NA
"cbb940600bee116ac68980e32f160f5d","Qle","grass.growth_resp_factor",0,0,0,0,0,0,NA,NA,NA,NA
"cbb940600bee116ac68980e32f160f5d","Qle","grass.half_saturation_PAR",0,0,0,0,0,0,NA,NA,NA,NA
"cbb940600bee116ac68980e32f160f5d","Qle","grass.leafC",0,0,0,0,0,0,NA,NA,NA,NA
"cbb940600bee116ac68980e32f160f5d","Qle","grass.leafGrowth",2.92807822597544,0.000284623768515768,-165.980118919259,-0.0161340931831686,87.7148643836305,0.00852632113249007,NA,NA,NA,NA
"cbb940600bee116ac68980e32f160f5d","Qle","grass.leaf_respiration_rate_m2",-0.0528224432658073,9.26281062371077e-08,-1.58237351938533,-5.25068761896863e-06,2.99427636088642,2.77481035329709e-06,NA,NA,NA,NA
"cbb940600bee116ac68980e32f160f5d","Qle","grass.leaf_turnover_rate",0,0,0,0,0,0,NA,NA,NA,NA
"cbb940600bee116ac68980e32f160f5d","Qle","grass.psnTOpt",0,0,0,0,0,0,NA,NA,NA,NA
"cbb940600bee116ac68980e32f160f5d","Qle","grass.root_respiration_rate",0,0,0,0,0,0,NA,NA,NA,NA
"cbb940600bee116ac68980e32f160f5d","Qle","grass.root_turnover_rate",0.00260480037147123,2.25244764246408e-10,-0.147654892407697,-1.2768153672911e-08,0.0780306035894636,6.74753624193721e-09,NA,NA,NA,NA
"cbb940600bee116ac68980e32f160f5d","Qle","grass.stem_respiration_rate",0.000137826816267514,6.3062801943e-13,-0.00781280744189265,-3.57475810346352e-11,0.00412880379700413,1.88913843592387e-11,NA,NA,NA,NA
"cbb940600bee116ac68980e32f160f5d","Qle","grass.veg_respiration_Q10",0,0,0,0,0,0,NA,NA,NA,NA
"cbb940600bee116ac68980e32f160f5d","Qle","ic_ensemble",-24.5547032754787,0.0200159033455986,-735.572037892325,-1.13461518483581,1391.90016630561,0.59960564984228,NA,NA,NA,NA
"cbb940600bee116ac68980e32f160f5d","Qle","met_ensemble",44.9502750122269,0.0670765196698984,-2548.03711382996,-3.80227844076496,1346.55120950223,2.00937521886426,NA,NA,NA,NA
"cbb940600bee116ac68980e32f160f5d","Qle","temperate.deciduous.Amax",0,0,0,0,0,0,NA,NA,NA,NA
"cbb940600bee116ac68980e32f160f5d","Qle","temperate.deciduous.AmaxFrac",0,0,0,0,0,0,NA,NA,NA,NA
"cbb940600bee116ac68980e32f160f5d","Qle","temperate.deciduous.GDD",0,0,0,0,0,0,NA,NA,NA,NA
"cbb940600bee116ac68980e32f160f5d","Qle","temperate.deciduous.SLA",0,0,0,0,0,0,NA,NA,NA,NA
"cbb940600bee116ac68980e32f160f5d","Qle","temperate.deciduous.Vm_low_temp",0,0,0,0,0,0,NA,NA,NA,NA
"cbb940600bee116ac68980e32f160f5d","Qle","temperate.deciduous.coarse_root_respiration_Q10",0,0,0,0,0,0,NA,NA,NA,NA
"cbb940600bee116ac68980e32f160f5d","Qle","temperate.deciduous.dVPDSlope",0,0,0,0,0,0,NA,NA,NA,NA
"cbb940600bee116ac68980e32f160f5d","Qle","temperate.deciduous.dVpdExp",0,0,0,0,0,0,NA,NA,NA,NA
"cbb940600bee116ac68980e32f160f5d","Qle","temperate.deciduous.extinction_coefficient",0,0,0,0,0,0,NA,NA,NA,NA
"cbb940600bee116ac68980e32f160f5d","Qle","temperate.deciduous.fine_root_respiration_Q10",0,0,0,0,0,0,NA,NA,NA,NA
"cbb940600bee116ac68980e32f160f5d","Qle","temperate.deciduous.fracLeafFall",0,0,0,0,0,0,NA,NA,NA,NA
"cbb940600bee116ac68980e32f160f5d","Qle","temperate.deciduous.growth_resp_factor",0,0,0,0,0,0,NA,NA,NA,NA
"cbb940600bee116ac68980e32f160f5d","Qle","temperate.deciduous.half_saturation_PAR",0,0,0,0,0,0,NA,NA,NA,NA
"cbb940600bee116ac68980e32f160f5d","Qle","temperate.deciduous.leafC",0,0,0,0,0,0,NA,NA,NA,NA
"cbb940600bee116ac68980e32f160f5d","Qle","temperate.deciduous.leafGrowth",0,0,0,0,0,0,NA,NA,NA,NA
"cbb940600bee116ac68980e32f160f5d","Qle","temperate.deciduous.leafWHC",0,0,0,0,0,0,NA,NA,NA,NA
"cbb940600bee116ac68980e32f160f5d","Qle","temperate.deciduous.leaf_allocation_fraction",0,0,0,0,0,0,NA,NA,NA,NA
"cbb940600bee116ac68980e32f160f5d","Qle","temperate.deciduous.leaf_respiration_rate_m2",0,0,0,0,0,0,NA,NA,NA,NA
"cbb940600bee116ac68980e32f160f5d","Qle","temperate.deciduous.leaf_turnover_rate",0,0,0,0,0,0,NA,NA,NA,NA
"cbb940600bee116ac68980e32f160f5d","Qle","temperate.deciduous.psnTOpt",0,0,0,0,0,0,NA,NA,NA,NA
"cbb940600bee116ac68980e32f160f5d","Qle","temperate.deciduous.root_allocation_fraction",0,0,0,0,0,0,NA,NA,NA,NA
"cbb940600bee116ac68980e32f160f5d","Qle","temperate.deciduous.root_respiration_rate",0,0,0,0,0,0,NA,NA,NA,NA
"cbb940600bee116ac68980e32f160f5d","Qle","temperate.deciduous.root_turnover_rate",0,0,0,0,0,0,NA,NA,NA,NA
"cbb940600bee116ac68980e32f160f5d","Qle","temperate.deciduous.stem_respiration_rate",0,0,0,0,0,0,NA,NA,NA,NA
"cbb940600bee116ac68980e32f160f5d","Qle","temperate.deciduous.veg_respiration_Q10",0,0,0,0,0,0,NA,NA,NA,NA
"cbb940600bee116ac68980e32f160f5d","Qle","temperate.deciduous.wood_allocation_fraction",0,0,0,0,0,0,NA,NA,NA,NA
"cbb940600bee116ac68980e32f160f5d","Qle","temperate.deciduous.wood_turnover_rate",0,0,0,0,0,0,NA,NA,NA,NA
"cbb940600bee116ac68980e32f160f5d","Qle","temperate.deciduous.wueConst",0,0,0,0,0,0,NA,NA,NA,NA
"cbb940600bee116ac68980e32f160f5d","SoilMoistFrac","dummy",0,0,0,0,0,0,NA,NA,NA,NA
"cbb940600bee116ac68980e32f160f5d","SoilMoistFrac","grass.Amax",2.50635783737607,0.000256889038048256,-0.720603333336215,-7.38582074572823e-05,4.02884235867374,0.000412936023154332,NA,NA,NA,NA
"cbb940600bee116ac68980e32f160f5d","SoilMoistFrac","grass.AmaxFrac",3.80255633088588,0.000591303885820042,-1.09327356468132,-0.0001700058725783,6.11241530984043,0.000950490830365303,NA,NA,NA,NA
"cbb940600bee116ac68980e32f160f5d","SoilMoistFrac","grass.GDD",0,0,0,0,0,0,NA,NA,NA,NA
"cbb940600bee116ac68980e32f160f5d","SoilMoistFrac","grass.SLA",12.9863003469506,0.0068965248632788,-3.73369324131099,-0.0019828209407311,20.8748152957393,0.011085811883076,NA,NA,NA,NA
"cbb940600bee116ac68980e32f160f5d","SoilMoistFrac","grass.Vm_low_temp",0,0,0,0,0,0,NA,NA,NA,NA
"cbb940600bee116ac68980e32f160f5d","SoilMoistFrac","grass.coarse_root_respiration_Q10",0.0112224977786438,5.15037055505823e-09,-0.00322658208937767,-1.48078384281198e-09,0.0180395926497298,8.27895791480757e-09,NA,NA,NA,NA
"cbb940600bee116ac68980e32f160f5d","SoilMoistFrac","grass.dVPDSlope",-50.49749917427,0.104279553212777,-81.1721537310017,-0.0299814306334675,14.5185438756891,0.167624061840684,NA,NA,NA,NA
"cbb940600bee116ac68980e32f160f5d","SoilMoistFrac","grass.dVpdExp",-44.7123015690406,0.0817548397895173,-71.8727437195218,-0.023505346758614,12.8552408085176,0.131416734138578,NA,NA,NA,NA
"cbb940600bee116ac68980e32f160f5d","SoilMoistFrac","grass.extinction_coefficient",0,0,0,0,0,0,NA,NA,NA,NA
"cbb940600bee116ac68980e32f160f5d","SoilMoistFrac","grass.fine_root_respiration_Q10",0,0,0,0,0,0,NA,NA,NA,NA
"cbb940600bee116ac68980e32f160f5d","SoilMoistFrac","grass.fracLeafFall",-5.63182346891403,0.00129705229590246,-9.05286891192195,-0.000372915708204385,1.61920644528128,0.00208494539495511,NA,NA,NA,NA
"cbb940600bee116ac68980e32f160f5d","SoilMoistFrac","grass.growth_resp_factor",0,0,0,0,0,0,NA,NA,NA,NA
"cbb940600bee116ac68980e32f160f5d","SoilMoistFrac","grass.half_saturation_PAR",0,0,0,0,0,0,NA,NA,NA,NA
"cbb940600bee116ac68980e32f160f5d","SoilMoistFrac","grass.leafC",0,0,0,0,0,0,NA,NA,NA,NA
"cbb940600bee116ac68980e32f160f5d","SoilMoistFrac","grass.leafGrowth",-24.5342505618522,0.0246152931822198,-39.4375561333998,-0.00707714678791667,7.0538462114753,0.0395678280111524,NA,NA,NA,NA
"cbb940600bee116ac68980e32f160f5d","SoilMoistFrac","grass.leaf_respiration_rate_m2",-0.252506200035261,2.60737509382404e-06,-0.40589083464428,-7.49646820517237e-07,0.0725980970155334,4.19122244489505e-06,NA,NA,NA,NA
"cbb940600bee116ac68980e32f160f5d","SoilMoistFrac","grass.leaf_turnover_rate",0,0,0,0,0,0,NA,NA,NA,NA
"cbb940600bee116ac68980e32f160f5d","SoilMoistFrac","grass.psnTOpt",0,0,0,0,0,0,NA,NA,NA,NA
"cbb940600bee116ac68980e32f160f5d","SoilMoistFrac","grass.root_respiration_rate",0,0,0,0,0,0,NA,NA,NA,NA
"cbb940600bee116ac68980e32f160f5d","SoilMoistFrac","grass.root_turnover_rate",-0.00561124889053544,1.2875926393215e-09,-0.00901979632681562,-3.7019596086312e-10,0.00161329104503774,2.06973947959714e-09,NA,NA,NA,NA
"cbb940600bee116ac68980e32f160f5d","SoilMoistFrac","grass.stem_respiration_rate",0,0,0,0,0,0,NA,NA,NA,NA
"cbb940600bee116ac68980e32f160f5d","SoilMoistFrac","grass.veg_respiration_Q10",0,0,0,0,0,0,NA,NA,NA,NA
"cbb940600bee116ac68980e32f160f5d","SoilMoistFrac","ic_ensemble",-23.9207540165833,0.0233996386301712,-38.451391735156,-0.00672763375776266,6.87745972391219,0.037613725336837,NA,NA,NA,NA
"cbb940600bee116ac68980e32f160f5d","SoilMoistFrac","met_ensemble",5.42233684370055,0.00120235414928574,-1.55897691294274,-0.000345689029278036,8.71612984910749,0.0019327229554104,NA,NA,NA,NA
"cbb940600bee116ac68980e32f160f5d","SoilMoistFrac","temperate.deciduous.Amax",0,0,0,0,0,0,NA,NA,NA,NA
"cbb940600bee116ac68980e32f160f5d","SoilMoistFrac","temperate.deciduous.AmaxFrac",0,0,0,0,0,0,NA,NA,NA,NA
"cbb940600bee116ac68980e32f160f5d","SoilMoistFrac","temperate.deciduous.GDD",0,0,0,0,0,0,NA,NA,NA,NA
"cbb940600bee116ac68980e32f160f5d","SoilMoistFrac","temperate.deciduous.SLA",0,0,0,0,0,0,NA,NA,NA,NA
"cbb940600bee116ac68980e32f160f5d","SoilMoistFrac","temperate.deciduous.Vm_low_temp",0,0,0,0,0,0,NA,NA,NA,NA
"cbb940600bee116ac68980e32f160f5d","SoilMoistFrac","temperate.deciduous.coarse_root_respiration_Q10",0,0,0,0,0,0,NA,NA,NA,NA
"cbb940600bee116ac68980e32f160f5d","SoilMoistFrac","temperate.deciduous.dVPDSlope",0,0,0,0,0,0,NA,NA,NA,NA
"cbb940600bee116ac68980e32f160f5d","SoilMoistFrac","temperate.deciduous.dVpdExp",0,0,0,0,0,0,NA,NA,NA,NA
"cbb940600bee116ac68980e32f160f5d","SoilMoistFrac","temperate.deciduous.extinction_coefficient",0,0,0,0,0,0,NA,NA,NA,NA
"cbb940600bee116ac68980e32f160f5d","SoilMoistFrac","temperate.deciduous.fine_root_respiration_Q10",0,0,0,0,0,0,NA,NA,NA,NA
"cbb940600bee116ac68980e32f160f5d","SoilMoistFrac","temperate.deciduous.fracLeafFall",0,0,0,0,0,0,NA,NA,NA,NA
"cbb940600bee116ac68980e32f160f5d","SoilMoistFrac","temperate.deciduous.growth_resp_factor",0,0,0,0,0,0,NA,NA,NA,NA
"cbb940600bee116ac68980e32f160f5d","SoilMoistFrac","temperate.deciduous.half_saturation_PAR",0,0,0,0,0,0,NA,NA,NA,NA
"cbb940600bee116ac68980e32f160f5d","SoilMoistFrac","temperate.deciduous.leafC",0,0,0,0,0,0,NA,NA,NA,NA
"cbb940600bee116ac68980e32f160f5d","SoilMoistFrac","temperate.deciduous.leafGrowth",0,0,0,0,0,0,NA,NA,NA,NA
"cbb940600bee116ac68980e32f160f5d","SoilMoistFrac","temperate.deciduous.leafWHC",0,0,0,0,0,0,NA,NA,NA,NA
"cbb940600bee116ac68980e32f160f5d","SoilMoistFrac","temperate.deciduous.leaf_allocation_fraction",0,0,0,0,0,0,NA,NA,NA,NA
"cbb940600bee116ac68980e32f160f5d","SoilMoistFrac","temperate.deciduous.leaf_respiration_rate_m2",0,0,0,0,0,0,NA,NA,NA,NA
"cbb940600bee116ac68980e32f160f5d","SoilMoistFrac","temperate.deciduous.leaf_turnover_rate",0,0,0,0,0,0,NA,NA,NA,NA
"cbb940600bee116ac68980e32f160f5d","SoilMoistFrac","temperate.deciduous.psnTOpt",0,0,0,0,0,0,NA,NA,NA,NA
"cbb940600bee116ac68980e32f160f5d","SoilMoistFrac","temperate.deciduous.root_allocation_fraction",0,0,0,0,0,0,NA,NA,NA,NA
"cbb940600bee116ac68980e32f160f5d","SoilMoistFrac","temperate.deciduous.root_respiration_rate",0,0,0,0,0,0,NA,NA,NA,NA
"cbb940600bee116ac68980e32f160f5d","SoilMoistFrac","temperate.deciduous.root_turnover_rate",0,0,0,0,0,0,NA,NA,NA,NA
"cbb940600bee116ac68980e32f160f5d","SoilMoistFrac","temperate.deciduous.stem_respiration_rate",0,0,0,0,0,0,NA,NA,NA,NA
"cbb940600bee116ac68980e32f160f5d","SoilMoistFrac","temperate.deciduous.veg_respiration_Q10",0,0,0,0,0,0,NA,NA,NA,NA
"cbb940600bee116ac68980e32f160f5d","SoilMoistFrac","temperate.deciduous.wood_allocation_fraction",0,0,0,0,0,0,NA,NA,NA,NA
"cbb940600bee116ac68980e32f160f5d","SoilMoistFrac","temperate.deciduous.wood_turnover_rate",0,0,0,0,0,0,NA,NA,NA,NA
"cbb940600bee116ac68980e32f160f5d","SoilMoistFrac","temperate.deciduous.wueConst",0,0,0,0,0,0,NA,NA,NA,NA
"cbb940600bee116ac68980e32f160f5d","TotSoilCarb","dummy",0,0,0,0,0,0,NA,NA,NA,NA
"cbb940600bee116ac68980e32f160f5d","TotSoilCarb","grass.Amax",-0.000274432303771216,5.97832665998772e-08,-0.00271102817249711,-1.07081041737212e-06,0.0049155053990016,5.90579599299972e-07,NA,NA,NA,NA
"cbb940600bee116ac68980e32f160f5d","TotSoilCarb","grass.AmaxFrac",-0.00042648757822725,1.44384958306876e-07,-0.00421313316218792,-2.58615706802411e-06,0.00763904964748923,1.42633241158476e-06,NA,NA,NA,NA
"cbb940600bee116ac68980e32f160f5d","TotSoilCarb","grass.GDD",0,0,0,0,0,0,NA,NA,NA,NA
"cbb940600bee116ac68980e32f160f5d","TotSoilCarb","grass.SLA",-0.000438249092257135,1.52458354880048e-07,-0.00432932136397055,-2.730764039938e-06,0.00784971648561239,1.50608689112977e-06,NA,NA,NA,NA
"cbb940600bee116ac68980e32f160f5d","TotSoilCarb","grass.Vm_low_temp",0,0,0,0,0,0,NA,NA,NA,NA
"cbb940600bee116ac68980e32f160f5d","TotSoilCarb","grass.coarse_root_respiration_Q10",-0.00262093750165394,5.4528369123426e-06,-0.025891395829485,-9.76687106953718e-05,0.0469450289298521,5.38668162831036e-05,NA,NA,NA,NA
"cbb940600bee116ac68980e32f160f5d","TotSoilCarb","grass.dVPDSlope",0.004786420641269,1.81857369194959e-05,-0.0857321684828497,-0.000325734568358715,0.0472835049867878,0.000179651026678971,NA,NA,NA,NA
"cbb940600bee116ac68980e32f160f5d","TotSoilCarb","grass.dVpdExp",0.00405448443541107,1.30490968316088e-05,-0.0726220632868566,-0.000233729429977534,0.0400529433973412,0.000128907816791227,NA,NA,NA,NA
"cbb940600bee116ac68980e32f160f5d","TotSoilCarb","grass.extinction_coefficient",0,0,0,0,0,0,NA,NA,NA,NA
"cbb940600bee116ac68980e32f160f5d","TotSoilCarb","grass.fine_root_respiration_Q10",0,0,0,0,0,0,NA,NA,NA,NA
"cbb940600bee116ac68980e32f160f5d","TotSoilCarb","grass.fracLeafFall",0.000126442116860605,1.26909079728369e-08,-0.00226477313183815,-2.27313715628457e-07,0.00124908087090594,1.2536938463925e-07,NA,NA,NA,NA
"cbb940600bee116ac68980e32f160f5d","TotSoilCarb","grass.growth_resp_factor",0,0,0,0,0,0,NA,NA,NA,NA
"cbb940600bee116ac68980e32f160f5d","TotSoilCarb","grass.half_saturation_PAR",0,0,0,0,0,0,NA,NA,NA,NA
"cbb940600bee116ac68980e32f160f5d","TotSoilCarb","grass.leafC",0,0,0,0,0,0,NA,NA,NA,NA
"cbb940600bee116ac68980e32f160f5d","TotSoilCarb","grass.leafGrowth",0.0814908749257513,0.00527141417383074,-1.45962712903082,-0.0944191499169871,0.80502205713117,0.0520745995925814,NA,NA,NA,NA
"cbb940600bee116ac68980e32f160f5d","TotSoilCarb","grass.leaf_respiration_rate_m2",-0.000990513687822944,7.78807529302349e-07,-0.00978496509350683,-1.39496428170506e-05,0.0177416263077311,7.69358826886396e-06,NA,NA,NA,NA
"cbb940600bee116ac68980e32f160f5d","TotSoilCarb","grass.leaf_turnover_rate",0,0,0,0,0,0,NA,NA,NA,NA
"cbb940600bee116ac68980e32f160f5d","TotSoilCarb","grass.psnTOpt",0,0,0,0,0,0,NA,NA,NA,NA
"cbb940600bee116ac68980e32f160f5d","TotSoilCarb","grass.root_respiration_rate",0,0,0,0,0,0,NA,NA,NA,NA
"cbb940600bee116ac68980e32f160f5d","TotSoilCarb","grass.root_turnover_rate",0.0205086457547932,0.000333874419484237,-0.367341444678973,-0.00598020527835335,0.202598293484279,0.00329823765227169,NA,NA,NA,NA
"cbb940600bee116ac68980e32f160f5d","TotSoilCarb","grass.stem_respiration_rate",0.000395677500272366,1.24277322896667e-07,-0.00708719367991645,-2.2259983364834e-06,0.0039087703441643,1.22769556989276e-06,NA,NA,NA,NA
"cbb940600bee116ac68980e32f160f5d","TotSoilCarb","grass.veg_respiration_Q10",0,0,0,0,0,0,NA,NA,NA,NA
"cbb940600bee116ac68980e32f160f5d","TotSoilCarb","ic_ensemble",-0.441884791771229,0.154998426147871,-4.36523726626775,-2.77626063002325,7.91483746570508,1.53117943552994,NA,NA,NA,NA
"cbb940600bee116ac68980e32f160f5d","TotSoilCarb","met_ensemble",-3.04323116881353e-05,7.35155253986625e-10,-0.000300630986975671,-1.31677633078073e-08,0.000545089591682458,7.26236152715653e-09,NA,NA,NA,NA
"cbb940600bee116ac68980e32f160f5d","TotSoilCarb","temperate.deciduous.Amax",0,0,0,0,0,0,NA,NA,NA,NA
"cbb940600bee116ac68980e32f160f5d","TotSoilCarb","temperate.deciduous.AmaxFrac",0,0,0,0,0,0,NA,NA,NA,NA
"cbb940600bee116ac68980e32f160f5d","TotSoilCarb","temperate.deciduous.GDD",0,0,0,0,0,0,NA,NA,NA,NA
"cbb940600bee116ac68980e32f160f5d","TotSoilCarb","temperate.deciduous.SLA",0,0,0,0,0,0,NA,NA,NA,NA
"cbb940600bee116ac68980e32f160f5d","TotSoilCarb","temperate.deciduous.Vm_low_temp",0,0,0,0,0,0,NA,NA,NA,NA
"cbb940600bee116ac68980e32f160f5d","TotSoilCarb","temperate.deciduous.coarse_root_respiration_Q10",0,0,0,0,0,0,NA,NA,NA,NA
"cbb940600bee116ac68980e32f160f5d","TotSoilCarb","temperate.deciduous.dVPDSlope",0,0,0,0,0,0,NA,NA,NA,NA
"cbb940600bee116ac68980e32f160f5d","TotSoilCarb","temperate.deciduous.dVpdExp",0,0,0,0,0,0,NA,NA,NA,NA
"cbb940600bee116ac68980e32f160f5d","TotSoilCarb","temperate.deciduous.extinction_coefficient",0,0,0,0,0,0,NA,NA,NA,NA
"cbb940600bee116ac68980e32f160f5d","TotSoilCarb","temperate.deciduous.fine_root_respiration_Q10",0,0,0,0,0,0,NA,NA,NA,NA
"cbb940600bee116ac68980e32f160f5d","TotSoilCarb","temperate.deciduous.fracLeafFall",0,0,0,0,0,0,NA,NA,NA,NA
"cbb940600bee116ac68980e32f160f5d","TotSoilCarb","temperate.deciduous.growth_resp_factor",0,0,0,0,0,0,NA,NA,NA,NA
"cbb940600bee116ac68980e32f160f5d","TotSoilCarb","temperate.deciduous.half_saturation_PAR",0,0,0,0,0,0,NA,NA,NA,NA
"cbb940600bee116ac68980e32f160f5d","TotSoilCarb","temperate.deciduous.leafC",0,0,0,0,0,0,NA,NA,NA,NA
"cbb940600bee116ac68980e32f160f5d","TotSoilCarb","temperate.deciduous.leafGrowth",0,0,0,0,0,0,NA,NA,NA,NA
"cbb940600bee116ac68980e32f160f5d","TotSoilCarb","temperate.deciduous.leafWHC",0,0,0,0,0,0,NA,NA,NA,NA
"cbb940600bee116ac68980e32f160f5d","TotSoilCarb","temperate.deciduous.leaf_allocation_fraction",0,0,0,0,0,0,NA,NA,NA,NA
"cbb940600bee116ac68980e32f160f5d","TotSoilCarb","temperate.deciduous.leaf_respiration_rate_m2",0,0,0,0,0,0,NA,NA,NA,NA
"cbb940600bee116ac68980e32f160f5d","TotSoilCarb","temperate.deciduous.leaf_turnover_rate",0,0,0,0,0,0,NA,NA,NA,NA
"cbb940600bee116ac68980e32f160f5d","TotSoilCarb","temperate.deciduous.psnTOpt",0,0,0,0,0,0,NA,NA,NA,NA
"cbb940600bee116ac68980e32f160f5d","TotSoilCarb","temperate.deciduous.root_allocation_fraction",0,0,0,0,0,0,NA,NA,NA,NA
"cbb940600bee116ac68980e32f160f5d","TotSoilCarb","temperate.deciduous.root_respiration_rate",0,0,0,0,0,0,NA,NA,NA,NA
"cbb940600bee116ac68980e32f160f5d","TotSoilCarb","temperate.deciduous.root_turnover_rate",0,0,0,0,0,0,NA,NA,NA,NA
"cbb940600bee116ac68980e32f160f5d","TotSoilCarb","temperate.deciduous.stem_respiration_rate",0,0,0,0,0,0,NA,NA,NA,NA
"cbb940600bee116ac68980e32f160f5d","TotSoilCarb","temperate.deciduous.veg_respiration_Q10",0,0,0,0,0,0,NA,NA,NA,NA
"cbb940600bee116ac68980e32f160f5d","TotSoilCarb","temperate.deciduous.wood_allocation_fraction",0,0,0,0,0,0,NA,NA,NA,NA
"cbb940600bee116ac68980e32f160f5d","TotSoilCarb","temperate.deciduous.wood_turnover_rate",0,0,0,0,0,0,NA,NA,NA,NA
"cbb940600bee116ac68980e32f160f5d","TotSoilCarb","temperate.deciduous.wueConst",0,0,0,0,0,0,NA,NA,NA,NA
