runid,response_var,Var_parameter,Var_total,site_id,pft,parameter,local_param_frac,Var_parameter_param,frac_of_total
0457344866426f5e200dc92fc2b1e303,AbvGrndWood,-0.005270326874197337,0.015146455036992195,0633a0f257ea79ca,grass,Amax,0.02451207469553996,-1.2918664601023675e-4,-0.008529167101788778
0457344866426f5e200dc92fc2b1e303,AbvGrndWood,-0.005270326874197337,0.015146455036992195,0633a0f257ea79ca,grass,AmaxFrac,0.07027755366824345,-3.703856797505891e-4,-0.024453621579834748
0457344866426f5e200dc92fc2b1e303,AbvGrndWood,-0.005270326874197337,0.015146455036992195,0633a0f257ea79ca,grass,GDD,0.06968045751642282,-3.67238787855169e-4,-0.024245857328217164
0457344866426f5e200dc92fc2b1e303,AbvGrndWood,-0.005270326874197337,0.015146455036992195,0633a0f257ea79ca,grass,SLA,0.02979144663733294,-1.5701066183395167e-4,-0.010366165644072124
0457344866426f5e200dc92fc2b1e303,AbvGrndWood,-0.005270326874197337,0.015146455036992195,0633a0f257ea79ca,grass,Vm_low_temp,0.24668573236966332,-0.0013001144447888884,-0.0858362198688484
0457344866426f5e200dc92fc2b1e303,AbvGrndWood,-0.005270326874197337,0.015146455036992195,0633a0f257ea79ca,grass,coarse_root_respiration_Q10,0.02190837864226915,-1.1546431672844206e-4,-0.007623190802497581
0457344866426f5e200dc92fc2b1e303,AbvGrndWood,-0.005270326874197337,0.015146455036992195,0633a0f257ea79ca,grass,dVPDSlope,0.0254323416185642,-1.340367535060863e-4,-0.008849381137614595
0457344866426f5e200dc92fc2b1e303,AbvGrndWood,-0.005270326874197337,0.015146455036992195,0633a0f257ea79ca,grass,dVpdExp,0.07989616741408005,-4.2107891826779565e-4,-0.027800493068470107
0457344866426f5e200dc92fc2b1e303,AbvGrndWood,-0.005270326874197337,0.015146455036992195,0633a0f257ea79ca,grass,extinction_coefficient,0.00554355411142335,-2.9216342212001615e-5,-0.0019289227836247179
0457344866426f5e200dc92fc2b1e303,AbvGrndWood,-0.005270326874197337,0.015146455036992195,0633a0f257ea79ca,grass,fine_root_respiration_Q10,0.04627636020261826,-2.438915448158951e-4,-0.016102219576807818
0457344866426f5e200dc92fc2b1e303,AbvGrndWood,-0.005270326874197337,0.015146455036992195,0633a0f257ea79ca,grass,fracLeafFall,0.01550169905634497,-8.169902113237438e-5,-0.005393936794638799
0457344866426f5e200dc92fc2b1e303,AbvGrndWood,-0.005270326874197337,0.015146455036992195,0633a0f257ea79ca,grass,growth_resp_factor,0.02214573170475935,-1.167152449523572e-4,-0.007705779647270829
0457344866426f5e200dc92fc2b1e303,AbvGrndWood,-0.005270326874197337,0.015146455036992195,0633a0f257ea79ca,grass,half_saturation_PAR,0.05818172870486211,-3.0663672838049334e-4,-0.020244785174589983
0457344866426f5e200dc92fc2b1e303,AbvGrndWood,-0.005270326874197337,0.015146455036992195,0633a0f257ea79ca,grass,leafC,0.0154053328687597,-8.11911398241798e-5,-0.005360405429909945
0457344866426f5e200dc92fc2b1e303,AbvGrndWood,-0.005270326874197337,0.015146455036992195,0633a0f257ea79ca,grass,leafGrowth,0.07465036835235929,-3.9343184249616953e-4,-0.025975176471015212
0457344866426f5e200dc92fc2b1e303,AbvGrndWood,-0.005270326874197337,0.015146455036992195,0633a0f257ea79ca,grass,leaf_respiration_rate_m2,0.0232577661147785,-1.225760297885133e-4,-0.008092720672206519
0457344866426f5e200dc92fc2b1e303,AbvGrndWood,-0.005270326874197337,0.015146455036992195,0633a0f257ea79ca,grass,leaf_turnover_rate,0.04774389188604576,-2.5162591648579915e-4,-0.016612858643904004
0457344866426f5e200dc92fc2b1e303,AbvGrndWood,-0.005270326874197337,0.015146455036992195,0633a0f257ea79ca,grass,psnTOpt,0.02340814193308092,-1.2336855950494195e-4,-0.008145045108154935
0457344866426f5e200dc92fc2b1e303,AbvGrndWood,-0.005270326874197337,0.015146455036992195,0633a0f257ea79ca,grass,root_respiration_rate,0.00507534233201359,-2.6748713088162607e-5,-0.0017660048521475297
0457344866426f5e200dc92fc2b1e303,AbvGrndWood,-0.005270326874197337,0.015146455036992195,0633a0f257ea79ca,grass,root_turnover_rate,0.00263459109755855,-1.3885156263983885e-5,-9.167264703240567e-4
0457344866426f5e200dc92fc2b1e303,AbvGrndWood,-0.005270326874197337,0.015146455036992195,0633a0f257ea79ca,grass,stem_respiration_rate,0.04252249861245394,-2.2410746719523495e-4,-0.01479603423031311
0457344866426f5e200dc92fc2b1e303,AbvGrndWood,-0.005270326874197337,0.015146455036992195,0633a0f257ea79ca,grass,veg_respiration_Q10,0.04946884046082586,-2.6071695931607105e-4,-0.017213067921128863
0457344866426f5e200dc92fc2b1e303,NPP,2.0874531129806293e-18,1.1136968760966544e-18,0633a0f257ea79ca,grass,Amax,0.00610507991451077,1.2744068072541022e-20,0.011443031174880481
0457344866426f5e200dc92fc2b1e303,NPP,2.0874531129806293e-18,1.1136968760966544e-18,0633a0f257ea79ca,grass,AmaxFrac,0.04331875865121022,9.042587759692533e-20,0.08119433531487928
0457344866426f5e200dc92fc2b1e303,NPP,2.0874531129806293e-18,1.1136968760966544e-18,0633a0f257ea79ca,grass,GDD,0.03880475857056738,8.100311407659263e-20,0.07273353801664306
0457344866426f5e200dc92fc2b1e303,NPP,2.0874531129806293e-18,1.1136968760966544e-18,0633a0f257ea79ca,grass,SLA,0.17888056426858998,3.734047907341997e-19,0.3352840424972091
0457344866426f5e200dc92fc2b1e303,NPP,2.0874531129806293e-18,1.1136968760966544e-18,0633a0f257ea79ca,grass,Vm_low_temp,0.1159340628444548,2.420069203851491e-19,0.21730052905719566
0457344866426f5e200dc92fc2b1e303,NPP,2.0874531129806293e-18,1.1136968760966544e-18,0633a0f257ea79ca,grass,coarse_root_respiration_Q10,0.01763678911487681,3.6815970340832474e-20,0.03305744240736949
0457344866426f5e200dc92fc2b1e303,NPP,2.0874531129806293e-18,1.1136968760966544e-18,0633a0f257ea79ca,grass,dVPDSlope,0.01445416123533587,3.0172383866225803e-20,0.02709209706322929
0457344866426f5e200dc92fc2b1e303,NPP,2.0874531129806293e-18,1.1136968760966544e-18,0633a0f257ea79ca,grass,dVpdExp,0.03839758911909673,8.01531669376096e-20,0.07197036164681973
0457344866426f5e200dc92fc2b1e303,NPP,2.0874531129806293e-18,1.1136968760966544e-18,0633a0f257ea79ca,grass,extinction_coefficient,0.00317552035046308,6.6287498409074946e-21,0.00595202337654057
0457344866426f5e200dc92fc2b1e303,NPP,2.0874531129806293e-18,1.1136968760966544e-18,0633a0f257ea79ca,grass,fine_root_respiration_Q10,0.02653098488595797,5.538218699063499e-20,0.04972824130093773
0457344866426f5e200dc92fc2b1e303,NPP,2.0874531129806293e-18,1.1136968760966544e-18,0633a0f257ea79ca,grass,fracLeafFall,0.01085241000936066,2.265389705738205e-20,0.020341169615901825
0457344866426f5e200dc92fc2b1e303,NPP,2.0874531129806293e-18,1.1136968760966544e-18,0633a0f257ea79ca,grass,growth_resp_factor,0.0138096201544728,2.8826934580534285e-20,0.025884004165988593
0457344866426f5e200dc92fc2b1e303,NPP,2.0874531129806293e-18,1.1136968760966544e-18,0633a0f257ea79ca,grass,half_saturation_PAR,0.02866960074918865,5.984644733180563e-20,0.05373674705953986
0457344866426f5e200dc92fc2b1e303,NPP,2.0874531129806293e-18,1.1136968760966544e-18,0633a0f257ea79ca,grass,leafC,0.01671148451714507,3.4884440377842064e-20,0.03132310157868715
0457344866426f5e200dc92fc2b1e303,NPP,2.0874531129806293e-18,1.1136968760966544e-18,0633a0f257ea79ca,grass,leafGrowth,0.05808043519723015,1.2124018525572778e-19,0.10886282242315072
0457344866426f5e200dc92fc2b1e303,NPP,2.0874531129806293e-18,1.1136968760966544e-18,0633a0f257ea79ca,grass,leaf_respiration_rate_m2,0.3014320728106444,6.292253187407834e-19,0.5649879534062505
0457344866426f5e200dc92fc2b1e303,NPP,2.0874531129806293e-18,1.1136968760966544e-18,0633a0f257ea79ca,grass,leaf_turnover_rate,0.01302604661295646,2.7191261552046745e-20,0.024415316353717506
0457344866426f5e200dc92fc2b1e303,NPP,2.0874531129806293e-18,1.1136968760966544e-18,0633a0f257ea79ca,grass,psnTOpt,5.911965073583324e-4,1.2340949896684265e-21,0.0011081067175062482
0457344866426f5e200dc92fc2b1e303,NPP,2.0874531129806293e-18,1.1136968760966544e-18,0633a0f257ea79ca,grass,root_respiration_rate,0.0045408364436915,9.478783169919712e-21,0.008511097923827773
0457344866426f5e200dc92fc2b1e303,NPP,2.0874531129806293e-18,1.1136968760966544e-18,0633a0f257ea79ca,grass,root_turnover_rate,0.00201630691772694,4.208946152133478e-21,0.0037792564947162484
0457344866426f5e200dc92fc2b1e303,NPP,2.0874531129806293e-18,1.1136968760966544e-18,0633a0f257ea79ca,grass,stem_respiration_rate,0.00452800674475438,9.452001774934815e-21,0.008487050630924553
0457344866426f5e200dc92fc2b1e303,NPP,2.0874531129806293e-18,1.1136968760966544e-18,0633a0f257ea79ca,grass,veg_respiration_Q10,0.06250371438040707,1.3047357315623286e-19,0.1171535773841117
0457344866426f5e200dc92fc2b1e303,Qle,0.6135596131389109,0.08272593193635207,0633a0f257ea79ca,NA,NA,NA,NA,NA
0457344866426f5e200dc92fc2b1e303,SoilMoistFrac,-5.904042258330004e-4,5.495219849378673e-5,0633a0f257ea79ca,NA,NA,NA,NA,NA
0457344866426f5e200dc92fc2b1e303,TotSoilCarb,0.3442763440492107,0.27033939437622756,0633a0f257ea79ca,grass,Amax,0.026821073505983454,0.00923386113011513,0.03415655032971071
0457344866426f5e200dc92fc2b1e303,TotSoilCarb,0.3442763440492107,0.27033939437622756,0633a0f257ea79ca,grass,AmaxFrac,0.05547698632036044,0.019099414029241767,0.070649762581998607
0457344866426f5e200dc92fc2b1e303,TotSoilCarb,0.3442763440492107,0.27033939437622756,0633a0f257ea79ca,grass,GDD,0.032949234128392915,0.011343641864944595,0.04196074305455389
0457344866426f5e200dc92fc2b1e303,TotSoilCarb,0.3442763440492107,0.27033939437622756,0633a0f257ea79ca,grass,SLA,0.0046226808697362905,0.0015914796695390358,0.0058869691308259565
0457344866426f5e200dc92fc2b1e303,TotSoilCarb,0.3442763440492107,0.27033939437622756,0633a0f257ea79ca,grass,Vm_low_temp,0.052459128105785784,0.018060436836269126,0.06680652991008283
0457344866426f5e200dc92fc2b1e303,TotSoilCarb,0.3442763440492107,0.27033939437622756,0633a0f257ea79ca,grass,coarse_root_respiration_Q10,0.059895068435363505,0.020620455187504227,0.07627617586065547
0457344866426f5e200dc92fc2b1e303,TotSoilCarb,0.3442763440492107,0.27033939437622756,0633a0f257ea79ca,grass,dVPDSlope,0.030014162139248502,0.010333166011000712,0.03822293837286692
0457344866426f5e200dc92fc2b1e303,TotSoilCarb,0.3442763440492107,0.27033939437622756,0633a0f257ea79ca,grass,dVpdExp,0.05958886600212258,0.02051503693324907,0.07588622805264769
0457344866426f5e200dc92fc2b1e303,TotSoilCarb,0.3442763440492107,0.27033939437622756,0633a0f257ea79ca,grass,extinction_coefficient,0.1260156696484782,0.043384214039491165,0.1604805475709321
0457344866426f5e200dc92fc2b1e303,TotSoilCarb,0.3442763440492107,0.27033939437622756,0633a0f257ea79ca,grass,fine_root_respiration_Q10,0.008599162786401812,0.0029604883259864395,0.010951005985706875
0457344866426f5e200dc92fc2b1e303,TotSoilCarb,0.3442763440492107,0.27033939437622756,0633a0f257ea79ca,grass,fracLeafFall,0.0013704035429983402,4.7179752165555386e-4,0.0017452044780382982
0457344866426f5e200dc92fc2b1e303,TotSoilCarb,0.3442763440492107,0.27033939437622756,0633a0f257ea79ca,grass,growth_resp_factor,0.042686953424506575,0.014696108263588059,0.05436169707155477
0457344866426f5e200dc92fc2b1e303,TotSoilCarb,0.3442763440492107,0.27033939437622756,0633a0f257ea79ca,grass,half_saturation_PAR,0.08613578578740104,0.029654513422692395,0.10969364450607084
0457344866426f5e200dc92fc2b1e303,TotSoilCarb,0.3442763440492107,0.27033939437622756,0633a0f257ea79ca,grass,leafC,0.009410092446543892,0.003239672224661224,0.011983722284117487
0457344866426f5e200dc92fc2b1e303,TotSoilCarb,0.3442763440492107,0.27033939437622756,0633a0f257ea79ca,grass,leafGrowth,0.09053947619361127,0.031170599856067037,0.11530172999014472
0457344866426f5e200dc92fc2b1e303,TotSoilCarb,0.3442763440492107,0.27033939437622756,0633a0f257ea79ca,grass,leaf_respiration_rate_m2,0.06430748674332887,0.022139546430986347,0.08189537629937518
0457344866426f5e200dc92fc2b1e303,TotSoilCarb,0.3442763440492107,0.27033939437622756,0633a0f257ea79ca,grass,leaf_turnover_rate,0.018977580738782685,0.006533532115646822,0.024167887668469792
0457344866426f5e200dc92fc2b1e303,TotSoilCarb,0.3442763440492107,0.27033939437622756,0633a0f257ea79ca,grass,psnTOpt,0.07098228438432232,0.024437521360095867,0.09039570949872926
0457344866426f5e200dc92fc2b1e303,TotSoilCarb,0.3442763440492107,0.27033939437622756,0633a0f257ea79ca,grass,root_respiration_rate,0.011927692686909162,0.004106422431191593,0.015189878044473025
0457344866426f5e200dc92fc2b1e303,TotSoilCarb,0.3442763440492107,0.27033939437622756,0633a0f257ea79ca,grass,root_turnover_rate,0.047381038306003424,0.016312170645246465,0.060339598980328576
0457344866426f5e200dc92fc2b1e303,TotSoilCarb,0.3442763440492107,0.27033939437622756,0633a0f257ea79ca,grass,stem_respiration_rate,0.0707726848297257,0.024365361191725,0.0901287851441143
0457344866426f5e200dc92fc2b1e303,TotSoilCarb,0.3442763440492107,0.27033939437622756,0633a0f257ea79ca,grass,veg_respiration_Q10,0.029066488973993342,0.010006904558313122,0.03701607966313135
4c95254f38c2a019009aee04f0a63846,AbvGrndWood,1.9315714875363428e-5,5.88437904187781e-6,2c9f5faf24bff9fd,temperate.deciduous,Amax,0.011202394118530341,2.163822507149803e-7,0.036772316870656394
4c95254f38c2a019009aee04f0a63846,AbvGrndWood,1.9315714875363428e-5,5.88437904187781e-6,2c9f5faf24bff9fd,temperate.deciduous,AmaxFrac,0.020873004631098504,4.031770060464391e-7,0.06851649140497552
4c95254f38c2a019009aee04f0a63846,AbvGrndWood,1.9315714875363428e-5,5.88437904187781e-6,2c9f5faf24bff9fd,temperate.deciduous,GDD,0.043173417841548795,8.339254292222848e-7,0.14171850985251358
4c95254f38c2a019009aee04f0a63846,AbvGrndWood,1.9315714875363428e-5,5.88437904187781e-6,2c9f5faf24bff9fd,temperate.deciduous,SLA,0.018620245476555723,3.59663352534426e-7,0.06112171734260868
4c95254f38c2a019009aee04f0a63846,AbvGrndWood,1.9315714875363428e-5,5.88437904187781e-6,2c9f5faf24bff9fd,temperate.deciduous,Vm_low_temp,0.28670390226874587,5.537890829877157e-6,0.9411172853524945
4c95254f38c2a019009aee04f0a63846,AbvGrndWood,1.9315714875363428e-5,5.88437904187781e-6,2c9f5faf24bff9fd,temperate.deciduous,coarse_root_respiration_Q10,0.018445002836847794,3.5627841567182157e-7,0.060546476210364374
4c95254f38c2a019009aee04f0a63846,AbvGrndWood,1.9315714875363428e-5,5.88437904187781e-6,2c9f5faf24bff9fd,temperate.deciduous,dVPDSlope,0.0036093147371312104,6.971649435787377e-8,0.011847723245174566
4c95254f38c2a019009aee04f0a63846,AbvGrndWood,1.9315714875363428e-5,5.88437904187781e-6,2c9f5faf24bff9fd,temperate.deciduous,dVpdExp,0.027117797283072575,5.237996403677349e-7,0.0890152786963535
4c95254f38c2a019009aee04f0a63846,AbvGrndWood,1.9315714875363428e-5,5.88437904187781e-6,2c9f5faf24bff9fd,temperate.deciduous,extinction_coefficient,0.053240396023502744,1.0283763094414119e-6,0.17476377747298186
4c95254f38c2a019009aee04f0a63846,AbvGrndWood,1.9315714875363428e-5,5.88437904187781e-6,2c9f5faf24bff9fd,temperate.deciduous,fine_root_respiration_Q10,0.020400604604729245,3.940522618299763e-7,0.06696581899731381
4c95254f38c2a019009aee04f0a63846,AbvGrndWood,1.9315714875363428e-5,5.88437904187781e-6,2c9f5faf24bff9fd,temperate.deciduous,fracLeafFall,0.0027014858255118303,5.218112994542231e-8,0.008867737712689967
4c95254f38c2a019009aee04f0a63846,AbvGrndWood,1.9315714875363428e-5,5.88437904187781e-6,2c9f5faf24bff9fd,temperate.deciduous,growth_resp_factor,0.013684656695789601,2.6432892690310495e-7,0.04492044530475264
4c95254f38c2a019009aee04f0a63846,AbvGrndWood,1.9315714875363428e-5,5.88437904187781e-6,2c9f5faf24bff9fd,temperate.deciduous,half_saturation_PAR,0.05047785306633155,9.750158173497497e-7,0.16569561722839063
4c95254f38c2a019009aee04f0a63846,AbvGrndWood,1.9315714875363428e-5,5.88437904187781e-6,2c9f5faf24bff9fd,temperate.deciduous,leafC,0.023534020204744075,4.545764241458786e-7,0.07725138386068603
4c95254f38c2a019009aee04f0a63846,AbvGrndWood,1.9315714875363428e-5,5.88437904187781e-6,2c9f5faf24bff9fd,temperate.deciduous,leafGrowth,0.009731091880621982,1.879629961920583e-7,0.03194270709863652
4c95254f38c2a019009aee04f0a63846,AbvGrndWood,1.9315714875363428e-5,5.88437904187781e-6,2c9f5faf24bff9fd,temperate.deciduous,leafWHC,0.0029667942974414005,5.730575274323225e-8,0.009738623622883573
4c95254f38c2a019009aee04f0a63846,AbvGrndWood,1.9315714875363428e-5,5.88437904187781e-6,2c9f5faf24bff9fd,temperate.deciduous,leaf_allocation_fraction,0.0033508199611891206,6.47234829690054e-8,0.010999203570739214
4c95254f38c2a019009aee04f0a63846,AbvGrndWood,1.9315714875363428e-5,5.88437904187781e-6,2c9f5faf24bff9fd,temperate.deciduous,leaf_respiration_rate_m2,0.025296542840132094,4.886208088324077e-7,0.08303693649831234
4c95254f38c2a019009aee04f0a63846,AbvGrndWood,1.9315714875363428e-5,5.88437904187781e-6,2c9f5faf24bff9fd,temperate.deciduous,leaf_turnover_rate,0.004806279471397441,9.283672388082543e-8,0.015776808941118037
4c95254f38c2a019009aee04f0a63846,AbvGrndWood,1.9315714875363428e-5,5.88437904187781e-6,2c9f5faf24bff9fd,temperate.deciduous,psnTOpt,0.09751057178687231,1.8834864019688828e-6,0.32008244006114
4c95254f38c2a019009aee04f0a63846,AbvGrndWood,1.9315714875363428e-5,5.88437904187781e-6,2c9f5faf24bff9fd,temperate.deciduous,root_allocation_fraction,0.029415138886479623,5.681744357504557e-7,0.09655639647053414
4c95254f38c2a019009aee04f0a63846,AbvGrndWood,1.9315714875363428e-5,5.88437904187781e-6,2c9f5faf24bff9fd,temperate.deciduous,root_respiration_rate,0.03139665114186059,6.064487614974328e-7,0.10306079149243659
4c95254f38c2a019009aee04f0a63846,AbvGrndWood,1.9315714875363428e-5,5.88437904187781e-6,2c9f5faf24bff9fd,temperate.deciduous,root_turnover_rate,0.044625213528835445,8.619679007751961e-7,0.1464840885743021
4c95254f38c2a019009aee04f0a63846,AbvGrndWood,1.9315714875363428e-5,5.88437904187781e-6,2c9f5faf24bff9fd,temperate.deciduous,stem_respiration_rate,0.0673854567793972,1.3015982698969619e-6,0.2211955179354997
4c95254f38c2a019009aee04f0a63846,AbvGrndWood,1.9315714875363428e-5,5.88437904187781e-6,2c9f5faf24bff9fd,temperate.deciduous,veg_respiration_Q10,0.020771107777180824,4.0120879546946865e-7,0.0681820108144216
4c95254f38c2a019009aee04f0a63846,AbvGrndWood,1.9315714875363428e-5,5.88437904187781e-6,2c9f5faf24bff9fd,temperate.deciduous,wood_allocation_fraction,0.030544350607464455,5.899859673869171e-7,0.10026308012929128
4c95254f38c2a019009aee04f0a63846,AbvGrndWood,1.9315714875363428e-5,5.88437904187781e-6,2c9f5faf24bff9fd,temperate.deciduous,wood_turnover_rate,0.03142641680021543,6.070237064672923e-7,0.10315849848339821
4c95254f38c2a019009aee04f0a63846,AbvGrndWood,1.9315714875363428e-5,5.88437904187781e-6,2c9f5faf24bff9fd,temperate.deciduous,wueConst,0.006989468626772291,1.3500658312503152e-7,0.0229432166358115
4c95254f38c2a019009aee04f0a63846,NPP,5.74731507978277e-18,1.564409157686081e-18,2c9f5faf24bff9fd,temperate.deciduous,Amax,0.011011010466622681,6.328374649846645e-20,0.04045217083238601
4c95254f38c2a019009aee04f0a63846,NPP,5.74731507978277e-18,1.564409157686081e-18,2c9f5faf24bff9fd,temperate.deciduous,AmaxFrac,0.020980414151840352,1.205810506349599e-19,0.07707769418411704
4c95254f38c2a019009aee04f0a63846,NPP,5.74731507978277e-18,1.564409157686081e-18,2c9f5faf24bff9fd,temperate.deciduous,GDD,0.0427054422703897,2.4544163234940328e-19,0.1568909457883999
4c95254f38c2a019009aee04f0a63846,NPP,5.74731507978277e-18,1.564409157686081e-18,2c9f5faf24bff9fd,temperate.deciduous,SLA,0.017806018630960343,1.0233679938861133e-19,0.0654156228156947
4c95254f38c2a019009aee04f0a63846,NPP,5.74731507978277e-18,1.564409157686081e-18,2c9f5faf24bff9fd,temperate.deciduous,Vm_low_temp,0.2983749133914131,1.7148546391633464e-18,1.096167604707575
4c95254f38c2a019009aee04f0a63846,NPP,5.74731507978277e-18,1.564409157686081e-18,2c9f5faf24bff9fd,temperate.deciduous,coarse_root_respiration_Q10,0.018443867977732863,1.0600272055794662e-19,0.06775894914520658
4c95254f38c2a019009aee04f0a63846,NPP,5.74731507978277e-18,1.564409157686081e-18,2c9f5faf24bff9fd,temperate.deciduous,dVPDSlope,0.0044499678463383405,2.55753673078088e-20,0.016348259777280612
4c95254f38c2a019009aee04f0a63846,NPP,5.74731507978277e-18,1.564409157686081e-18,2c9f5faf24bff9fd,temperate.deciduous,dVpdExp,0.021035762629430015,1.2089915577485399e-19,0.07728103302187009
4c95254f38c2a019009aee04f0a63846,NPP,5.74731507978277e-18,1.564409157686081e-18,2c9f5faf24bff9fd,temperate.deciduous,extinction_coefficient,0.05051388897648328,2.90319235853015e-19,0.18557756097671177
4c95254f38c2a019009aee04f0a63846,NPP,5.74731507978277e-18,1.564409157686081e-18,2c9f5faf24bff9fd,temperate.deciduous,fine_root_respiration_Q10,0.018817168472140454,1.0814819611874574e-19,0.06913037780903036
4c95254f38c2a019009aee04f0a63846,NPP,5.74731507978277e-18,1.564409157686081e-18,2c9f5faf24bff9fd,temperate.deciduous,fracLeafFall,0.004048209986348591,2.3266338300668458e-20,0.014872284649037545
4c95254f38c2a019009aee04f0a63846,NPP,5.74731507978277e-18,1.564409157686081e-18,2c9f5faf24bff9fd,temperate.deciduous,growth_resp_factor,0.016330719981984473,9.385779321616917e-20,0.05999568128007785
4c95254f38c2a019009aee04f0a63846,NPP,5.74731507978277e-18,1.564409157686081e-18,2c9f5faf24bff9fd,temperate.deciduous,half_saturation_PAR,0.044958494485477285,2.583906333207141e-19,0.16516819276543993
4c95254f38c2a019009aee04f0a63846,NPP,5.74731507978277e-18,1.564409157686081e-18,2c9f5faf24bff9fd,temperate.deciduous,leafC,0.019877700412982664,1.1424340733493947e-19,0.07302655240392289
4c95254f38c2a019009aee04f0a63846,NPP,5.74731507978277e-18,1.564409157686081e-18,2c9f5faf24bff9fd,temperate.deciduous,leafGrowth,0.011427167657050041,6.567553299456965e-20,0.04198104611693171
4c95254f38c2a019009aee04f0a63846,NPP,5.74731507978277e-18,1.564409157686081e-18,2c9f5faf24bff9fd,temperate.deciduous,leafWHC,0.004063271426175341,2.335290114090798e-20,0.014927617258038348
4c95254f38c2a019009aee04f0a63846,NPP,5.74731507978277e-18,1.564409157686081e-18,2c9f5faf24bff9fd,temperate.deciduous,leaf_allocation_fraction,0.004690621252568091,2.6958478258434136e-20,0.01723237052530966
4c95254f38c2a019009aee04f0a63846,NPP,5.74731507978277e-18,1.564409157686081e-18,2c9f5faf24bff9fd,temperate.deciduous,leaf_respiration_rate_m2,0.020729848820722385,1.1914097272895483e-19,0.0761571690779261
4c95254f38c2a019009aee04f0a63846,NPP,5.74731507978277e-18,1.564409157686081e-18,2c9f5faf24bff9fd,temperate.deciduous,leaf_turnover_rate,0.005764764974477061,3.313192066921555e-20,0.021178551983306596
4c95254f38c2a019009aee04f0a63846,NPP,5.74731507978277e-18,1.564409157686081e-18,2c9f5faf24bff9fd,temperate.deciduous,psnTOpt,0.09874395447874693,5.675126186130856e-19,0.3627648277465302
4c95254f38c2a019009aee04f0a63846,NPP,5.74731507978277e-18,1.564409157686081e-18,2c9f5faf24bff9fd,temperate.deciduous,root_allocation_fraction,0.025224082335477536,1.4497074878037224e-19,0.0926680517485583
4c95254f38c2a019009aee04f0a63846,NPP,5.74731507978277e-18,1.564409157686081e-18,2c9f5faf24bff9fd,temperate.deciduous,root_respiration_rate,0.025689433070459167,1.4764526607692017e-19,0.09437765392226573
4c95254f38c2a019009aee04f0a63846,NPP,5.74731507978277e-18,1.564409157686081e-18,2c9f5faf24bff9fd,temperate.deciduous,root_turnover_rate,0.037348468329419515,2.14653415236462e-19,0.1372105335626877
4c95254f38c2a019009aee04f0a63846,NPP,5.74731507978277e-18,1.564409157686081e-18,2c9f5faf24bff9fd,temperate.deciduous,stem_respiration_rate,0.05626921060582339,3.2339688264232136e-19,0.20672142006676691
4c95254f38c2a019009aee04f0a63846,NPP,5.74731507978277e-18,1.564409157686081e-18,2c9f5faf24bff9fd,temperate.deciduous,veg_respiration_Q10,0.019679179619079765,1.131024457824909e-19,0.07229722814316737
4c95254f38c2a019009aee04f0a63846,NPP,5.74731507978277e-18,1.564409157686081e-18,2c9f5faf24bff9fd,temperate.deciduous,wood_allocation_fraction,0.029097426057686296,1.6723207556420456e-19,0.10689791397766917
4c95254f38c2a019009aee04f0a63846,NPP,5.74731507978277e-18,1.564409157686081e-18,2c9f5faf24bff9fd,temperate.deciduous,wood_turnover_rate,0.028561739274053678,1.641533148345925e-19,0.10492991173574553
4c95254f38c2a019009aee04f0a63846,NPP,5.74731507978277e-18,1.564409157686081e-18,2c9f5faf24bff9fd,temperate.deciduous,wueConst,0.043357252418116665,2.491877906405899e-19,0.15928556120776216
4c95254f38c2a019009aee04f0a63846,Qle,3.190870151669111,0.04830799184202827,2c9f5faf24bff9fd,NA,NA,NA,NA,NA
4c95254f38c2a019009aee04f0a63846,SoilMoistFrac,-0.0067555963776511916,2.2755104080962135e-4,2c9f5faf24bff9fd,NA,NA,NA,NA,NA
4c95254f38c2a019009aee04f0a63846,TotSoilCarb,0.7355277135223458,1.295913449901003,2c9f5faf24bff9fd,temperate.deciduous,Amax,0.004049321717063571,0.0029783883438681473,0.002298292639910228
4c95254f38c2a019009aee04f0a63846,TotSoilCarb,0.7355277135223458,1.295913449901003,2c9f5faf24bff9fd,temperate.deciduous,AmaxFrac,0.0021807602298220103,0.0016040095855814486,0.0012377443769134285
4c95254f38c2a019009aee04f0a63846,TotSoilCarb,0.7355277135223458,1.295913449901003,2c9f5faf24bff9fd,temperate.deciduous,GDD,0.017864436530640793,0.01313978815474729,0.010139402562533062
4c95254f38c2a019009aee04f0a63846,TotSoilCarb,0.7355277135223458,1.295913449901003,2c9f5faf24bff9fd,temperate.deciduous,SLA,0.016633372366929203,0.012234306345213206,0.009440681664464401
4c95254f38c2a019009aee04f0a63846,TotSoilCarb,0.7355277135223458,1.295913449901003,2c9f5faf24bff9fd,temperate.deciduous,Vm_low_temp,0.5404146577599619,0.3974899575761458,0.3067256980830863
4c95254f38c2a019009aee04f0a63846,TotSoilCarb,0.7355277135223458,1.295913449901003,2c9f5faf24bff9fd,temperate.deciduous,coarse_root_respiration_Q10,0.010608406718139831,0.007802777137508482,0.006021063473108138
4c95254f38c2a019009aee04f0a63846,TotSoilCarb,0.7355277135223458,1.295913449901003,2c9f5faf24bff9fd,temperate.deciduous,dVPDSlope,0.010997933689822163,0.00808928502034527,0.006242149135008379
4c95254f38c2a019009aee04f0a63846,TotSoilCarb,0.7355277135223458,1.295913449901003,2c9f5faf24bff9fd,temperate.deciduous,dVpdExp,0.012326719743155343,0.009066643987913807,0.006996334507220697
4c95254f38c2a019009aee04f0a63846,TotSoilCarb,0.7355277135223458,1.295913449901003,2c9f5faf24bff9fd,temperate.deciduous,extinction_coefficient,0.005605769973174781,0.0041231991709014685,0.0031816933231277496
4c95254f38c2a019009aee04f0a63846,TotSoilCarb,0.7355277135223458,1.295913449901003,2c9f5faf24bff9fd,temperate.deciduous,fine_root_respiration_Q10,0.05151394405771206,0.03788993348728699,0.02923801237666101
4c95254f38c2a019009aee04f0a63846,TotSoilCarb,0.7355277135223458,1.295913449901003,2c9f5faf24bff9fd,temperate.deciduous,fracLeafFall,0.014358266298619244,0.010560902780768367,0.00814938897468433
4c95254f38c2a019009aee04f0a63846,TotSoilCarb,0.7355277135223458,1.295913449901003,2c9f5faf24bff9fd,temperate.deciduous,growth_resp_factor,0.021086395413817394,0.015509628205153187,0.011968104973629214
4c95254f38c2a019009aee04f0a63846,TotSoilCarb,0.7355277135223458,1.295913449901003,2c9f5faf24bff9fd,temperate.deciduous,half_saturation_PAR,0.023140717262116244,0.01702063885707144,0.013134086121547449
4c95254f38c2a019009aee04f0a63846,TotSoilCarb,0.7355277135223458,1.295913449901003,2c9f5faf24bff9fd,temperate.deciduous,leafC,0.018184341116831863,0.013375086843573721,0.010320972318479654
4c95254f38c2a019009aee04f0a63846,TotSoilCarb,0.7355277135223458,1.295913449901003,2c9f5faf24bff9fd,temperate.deciduous,leafGrowth,0.010886336873145011,0.008007202468938353,0.006178809603025601
4c95254f38c2a019009aee04f0a63846,TotSoilCarb,0.7355277135223458,1.295913449901003,2c9f5faf24bff9fd,temperate.deciduous,leafWHC,0.013479870111498224,0.009914818041688497,0.007650833504695785
4c95254f38c2a019009aee04f0a63846,TotSoilCarb,0.7355277135223458,1.295913449901003,2c9f5faf24bff9fd,temperate.deciduous,leaf_allocation_fraction,0.019474150133146805,0.014323777120224356,0.011053035309818394
4c95254f38c2a019009aee04f0a63846,TotSoilCarb,0.7355277135223458,1.295913449901003,2c9f5faf24bff9fd,temperate.deciduous,leaf_respiration_rate_m2,0.009159555306294791,0.006737106771320478,0.00519873203865207
4c95254f38c2a019009aee04f0a63846,TotSoilCarb,0.7355277135223458,1.295913449901003,2c9f5faf24bff9fd,temperate.deciduous,leaf_turnover_rate,0.033041900745812966,0.024303233706000103,0.018753747565361457
4c95254f38c2a019009aee04f0a63846,TotSoilCarb,0.7355277135223458,1.295913449901003,2c9f5faf24bff9fd,temperate.deciduous,psnTOpt,0.04936462417899244,0.03630904915126422,0.028018112748222444
4c95254f38c2a019009aee04f0a63846,TotSoilCarb,0.7355277135223458,1.295913449901003,2c9f5faf24bff9fd,temperate.deciduous,root_allocation_fraction,0.0010593444230498103,7.791771813184756e-4,6.012571143373797e-4
4c95254f38c2a019009aee04f0a63846,TotSoilCarb,0.7355277135223458,1.295913449901003,2c9f5faf24bff9fd,temperate.deciduous,root_respiration_rate,0.039248868950593284,0.02886863083756807,0.022276665806480668
4c95254f38c2a019009aee04f0a63846,TotSoilCarb,0.7355277135223458,1.295913449901003,2c9f5faf24bff9fd,temperate.deciduous,root_turnover_rate,0.003814526025318771,0.0028056896055741972,0.0021650285409018084
4c95254f38c2a019009aee04f0a63846,TotSoilCarb,0.7355277135223458,1.295913449901003,2c9f5faf24bff9fd,temperate.deciduous,stem_respiration_rate,0.026396779059730487,0.019415562546158102,0.01498214448475806
4c95254f38c2a019009aee04f0a63846,TotSoilCarb,0.7355277135223458,1.295913449901003,2c9f5faf24bff9fd,temperate.deciduous,veg_respiration_Q10,0.007356085963665932,0.005410605089329025,0.004175128431410562
4c95254f38c2a019009aee04f0a63846,TotSoilCarb,0.7355277135223458,1.295913449901003,2c9f5faf24bff9fd,temperate.deciduous,wood_allocation_fraction,0.006199418792865682,0.0045598443298839565,0.0035186333857653
4c95254f38c2a019009aee04f0a63846,TotSoilCarb,0.7355277135223458,1.295913449901003,2c9f5faf24bff9fd,temperate.deciduous,wood_turnover_rate,0.023737694345206808,0.017459732046022282,0.01347291522235228
4c95254f38c2a019009aee04f0a63846,TotSoilCarb,0.7355277135223458,1.295913449901003,2c9f5faf24bff9fd,temperate.deciduous,wueConst,0.007815802212872583,0.005748739130977061,0.004436051752851409
39089dd38f528ba464d64746b7334494,AbvGrndWood,-0.029348290557776144,0.4032908871344872,3109e15b126d31ab,grass,Amax,0.02451207469553996,-7.193874903386189e-4,-0.0017837930716711721
39089dd38f528ba464d64746b7334494,AbvGrndWood,-0.029348290557776144,0.4032908871344872,3109e15b126d31ab,grass,AmaxFrac,0.07027755366824345,-0.0020625260647453157,-0.005114239201882874
39089dd38f528ba464d64746b7334494,AbvGrndWood,-0.029348290557776144,0.4032908871344872,3109e15b126d31ab,grass,GDD,0.06968045751642282,-0.0020450023133907536,-0.0050707873116627045
39089dd38f528ba464d64746b7334494,AbvGrndWood,-0.029348290557776144,0.4032908871344872,3109e15b126d31ab,grass,SLA,0.02979144663733294,-8.743280320489302e-4,-0.0021679836067244537
39089dd38f528ba464d64746b7334494,AbvGrndWood,-0.029348290557776144,0.4032908871344872,3109e15b126d31ab,grass,Vm_low_temp,0.24668573236966332,-0.007239804550042683,-0.017951817859024406
39089dd38f528ba464d64746b7334494,AbvGrndWood,-0.029348290557776144,0.4032908871344872,3109e15b126d31ab,grass,coarse_root_respiration_Q10,0.02190837864226915,-6.429734620430923e-4,-0.001594316862976071
39089dd38f528ba464d64746b7334494,AbvGrndWood,-0.029348290557776144,0.4032908871344872,3109e15b126d31ab,grass,dVPDSlope,0.0254323416185642,-7.46395751386245e-4,-0.0018507627501569135
39089dd38f528ba464d64746b7334494,AbvGrndWood,-0.029348290557776144,0.4032908871344872,3109e15b126d31ab,grass,dVpdExp,0.07989616741408005,-0.002344815935721148,-0.00581420510734033
39089dd38f528ba464d64746b7334494,AbvGrndWood,-0.029348290557776144,0.4032908871344872,3109e15b126d31ab,grass,extinction_coefficient,0.00554355411142335,-1.6269383678480702e-4,-4.0341560391011957e-4
39089dd38f528ba464d64746b7334494,AbvGrndWood,-0.029348290557776144,0.4032908871344872,3109e15b126d31ab,grass,fine_root_respiration_Q10,0.04627636020261826,-0.0013581320651827491,-0.0033676239868267763
39089dd38f528ba464d64746b7334494,AbvGrndWood,-0.029348290557776144,0.4032908871344872,3109e15b126d31ab,grass,fracLeafFall,0.01550169905634497,-4.549483680448164e-4,-0.0011280898789391757
39089dd38f528ba464d64746b7334494,AbvGrndWood,-0.029348290557776144,0.4032908871344872,3109e15b126d31ab,grass,growth_resp_factor,0.02214573170475935,-6.499393686858326e-4,-0.0016115895236410202
39089dd38f528ba464d64746b7334494,AbvGrndWood,-0.029348290557776144,0.4032908871344872,3109e15b126d31ab,grass,half_saturation_PAR,0.05818172870486211,-0.0017075342791839979,-0.004234001644114956
39089dd38f528ba464d64746b7334494,AbvGrndWood,-0.029348290557776144,0.4032908871344872,3109e15b126d31ab,grass,leafC,0.0154053328687597,-4.521201851716188e-4,-0.0011210771172740343
39089dd38f528ba464d64746b7334494,AbvGrndWood,-0.029348290557776144,0.4032908871344872,3109e15b126d31ab,grass,leafGrowth,0.07465036835235929,-0.0021908607006500573,-0.005432457738425072
39089dd38f528ba464d64746b7334494,AbvGrndWood,-0.029348290557776144,0.4032908871344872,3109e15b126d31ab,grass,leaf_respiration_rate_m2,0.0232577661147785,-6.825756776613198e-4,-0.0016925145086000872
39089dd38f528ba464d64746b7334494,AbvGrndWood,-0.029348290557776144,0.4032908871344872,3109e15b126d31ab,grass,leaf_turnover_rate,0.04774389188604576,-0.001401201611430722,-0.0034744192247603578
39089dd38f528ba464d64746b7334494,AbvGrndWood,-0.029348290557776144,0.4032908871344872,3109e15b126d31ab,grass,psnTOpt,0.02340814193308092,-6.869889508697225e-4,-0.0017034576599312776
39089dd38f528ba464d64746b7334494,AbvGrndWood,-0.029348290557776144,0.4032908871344872,3109e15b126d31ab,grass,root_respiration_rate,0.00507534233201359,-1.48952621440116e-4,-3.693428891946277e-4
39089dd38f528ba464d64746b7334494,AbvGrndWood,-0.029348290557776144,0.4032908871344872,3109e15b126d31ab,grass,root_turnover_rate,0.00263459109755855,-7.732074503207869e-5,-1.9172450332678655e-4
39089dd38f528ba464d64746b7334494,AbvGrndWood,-0.029348290557776144,0.4032908871344872,3109e15b126d31ab,grass,stem_respiration_rate,0.04252249861245394,-0.0012479626445209312,-0.003094447914229135
39089dd38f528ba464d64746b7334494,AbvGrndWood,-0.029348290557776144,0.4032908871344872,3109e15b126d31ab,grass,veg_respiration_Q10,0.04946884046082586,-0.00145182590340059,-0.0035999472086172954
39089dd38f528ba464d64746b7334494,NPP,6.741213304265573e-19,1.6746062798087525e-19,3109e15b126d31ab,grass,Amax,0.00610507991451077,4.1155645943304535e-21,0.02457631172146607
39089dd38f528ba464d64746b7334494,NPP,6.741213304265573e-19,1.6746062798087525e-19,3109e15b126d31ab,grass,AmaxFrac,0.04331875865121022,2.920209921438077e-20,0.17438188048426392
39089dd38f528ba464d64746b7334494,NPP,6.741213304265573e-19,1.6746062798087525e-19,3109e15b126d31ab,grass,GDD,0.03880475857056738,2.6159115474472235e-20,0.15621054208312013
39089dd38f528ba464d64746b7334494,NPP,6.741213304265573e-19,1.6746062798087525e-19,3109e15b126d31ab,grass,SLA,0.17888056426858998,1.2058720397219515e-19,0.7200928685515663
39089dd38f528ba464d64746b7334494,NPP,6.741213304265573e-19,1.6746062798087525e-19,3109e15b126d31ab,grass,Vm_low_temp,0.1159340628444548,7.815362468645997e-20,0.4666985047696433
39089dd38f528ba464d64746b7334494,NPP,6.741213304265573e-19,1.6746062798087525e-19,3109e15b126d31ab,grass,coarse_root_respiration_Q10,0.01763678911487681,1.1889335742573378e-20,0.07099779742812856
39089dd38f528ba464d64746b7334494,NPP,6.741213304265573e-19,1.6746062798087525e-19,3109e15b126d31ab,grass,dVPDSlope,0.01445416123533587,9.743858402164588e-21,0.05818596597689446
39089dd38f528ba464d64746b7334494,NPP,6.741213304265573e-19,1.6746062798087525e-19,3109e15b126d31ab,grass,dVpdExp,0.03839758911909673,2.5884633862137786e-20,0.15457146061278312
39089dd38f528ba464d64746b7334494,NPP,6.741213304265573e-19,1.6746062798087525e-19,3109e15b126d31ab,grass,extinction_coefficient,0.00317552035046308,2.140686003450779e-21,0.012783219729089126
39089dd38f528ba464d64746b7334494,NPP,6.741213304265573e-19,1.6746062798087525e-19,3109e15b126d31ab,grass,fine_root_respiration_Q10,0.02653098488595797,1.788510282884887e-20,0.10680183780805735
39089dd38f528ba464d64746b7334494,NPP,6.741213304265573e-19,1.6746062798087525e-19,3109e15b126d31ab,grass,fracLeafFall,0.01085241000936066,7.315841073844695e-21,0.043686932039214595
39089dd38f528ba464d64746b7334494,NPP,6.741213304265573e-19,1.6746062798087525e-19,3109e15b126d31ab,grass,growth_resp_factor,0.0138096201544728,9.309359511218605e-21,0.05559133286112945
39089dd38f528ba464d64746b7334494,NPP,6.741213304265573e-19,1.6746062798087525e-19,3109e15b126d31ab,grass,half_saturation_PAR,0.02866960074918865,1.9326789399841276e-20,0.11541094544353722
39089dd38f528ba464d64746b7334494,NPP,6.741213304265573e-19,1.6746062798087525e-19,3109e15b126d31ab,grass,leafC,0.01671148451714507,1.1265568176100648e-20,0.06727293640262251
39089dd38f528ba464d64746b7334494,NPP,6.741213304265573e-19,1.6746062798087525e-19,3109e15b126d31ab,grass,leafGrowth,0.05808043519723015,3.9153260246910235e-20,0.23380576508635637
39089dd38f528ba464d64746b7334494,NPP,6.741213304265573e-19,1.6746062798087525e-19,3109e15b126d31ab,grass,leaf_respiration_rate_m2,0.3014320728106444,2.0320178995634649e-19,1.213430239731055
39089dd38f528ba464d64746b7334494,NPP,6.741213304265573e-19,1.6746062798087525e-19,3109e15b126d31ab,grass,leaf_turnover_rate,0.01302604661295646,8.78113587292456e-21,0.0524370174577836
39089dd38f528ba464d64746b7334494,NPP,6.741213304265573e-19,1.6746062798087525e-19,3109e15b126d31ab,grass,psnTOpt,5.911965073583324e-4,3.9853817608393303e-22,0.0023798918043556358
39089dd38f528ba464d64746b7334494,NPP,6.741213304265573e-19,1.6746062798087525e-19,3109e15b126d31ab,grass,root_respiration_rate,0.0045408364436915,3.0610747046707107e-21,0.018279369554378474
39089dd38f528ba464d64746b7334494,NPP,6.741213304265573e-19,1.6746062798087525e-19,3109e15b126d31ab,grass,root_turnover_rate,0.00201630691772694,1.3592355019263557e-21,0.008116746714228174
39089dd38f528ba464d64746b7334494,NPP,6.741213304265573e-19,1.6746062798087525e-19,3109e15b126d31ab,grass,stem_respiration_rate,0.00452800674475438,3.0524259309542476e-21,0.01822772294454102
39089dd38f528ba464d64746b7334494,NPP,6.741213304265573e-19,1.6746062798087525e-19,3109e15b126d31ab,grass,veg_respiration_Q10,0.06250371438040707,4.2135087094721556e-20,0.25161190187065086
39089dd38f528ba464d64746b7334494,Qle,0.0021788506859922213,5.98430303441909e-4,3109e15b126d31ab,NA,NA,NA,NA,NA
39089dd38f528ba464d64746b7334494,SoilMoistFrac,9.672518041837719e-4,1.1375502704097197e-6,3109e15b126d31ab,NA,NA,NA,NA,NA
39089dd38f528ba464d64746b7334494,TotSoilCarb,0.12620924661141084,0.19316811200861952,3109e15b126d31ab,grass,Amax,0.026821073505983454,0.003385067480499443,0.017523945568968417
39089dd38f528ba464d64746b7334494,TotSoilCarb,0.12620924661141084,0.19316811200861952,3109e15b126d31ab,grass,AmaxFrac,0.05547698632036044,0.007001708647764236,0.036246710572249145
39089dd38f528ba464d64746b7334494,TotSoilCarb,0.12620924661141084,0.19316811200861952,3109e15b126d31ab,grass,GDD,0.032949234128392915,0.004158498015767456,0.021527870063677467
39089dd38f528ba464d64746b7334494,TotSoilCarb,0.12620924661141084,0.19316811200861952,3109e15b126d31ab,grass,SLA,0.0046226808697362905,5.834250698943986e-4,0.0030202970036191327
39089dd38f528ba464d64746b7334494,TotSoilCarb,0.12620924661141084,0.19316811200861952,3109e15b126d31ab,grass,Vm_low_temp,0.052459128105785784,0.006620827036122712,0.03427494821623187
39089dd38f528ba464d64746b7334494,TotSoilCarb,0.12620924661141084,0.19316811200861952,3109e15b126d31ab,grass,coarse_root_respiration_Q10,0.059895068435363505,0.007559311462966121,0.039133329949556116
39089dd38f528ba464d64746b7334494,TotSoilCarb,0.12620924661141084,0.19316811200861952,3109e15b126d31ab,grass,dVPDSlope,0.030014162139248502,0.0037880647912672846,0.01961019731402797
39089dd38f528ba464d64746b7334494,TotSoilCarb,0.12620924661141084,0.19316811200861952,3109e15b126d31ab,grass,dVpdExp,0.05958886600212258,0.007520665884556204,0.03893326805523997
39089dd38f528ba464d64746b7334494,TotSoilCarb,0.12620924661141084,0.19316811200861952,3109e15b126d31ab,grass,extinction_coefficient,0.1260156696484782,0.015904342727566866,0.08233420393350008
39089dd38f528ba464d64746b7334494,TotSoilCarb,0.12620924661141084,0.19316811200861952,3109e15b126d31ab,grass,fine_root_respiration_Q10,0.008599162786401812,0.001085293856760653,0.005618390351675774
39089dd38f528ba464d64746b7334494,TotSoilCarb,0.12620924661141084,0.19316811200861952,3109e15b126d31ab,grass,fracLeafFall,0.0013704035429983402,1.7295759871542867e-4,8.953734491524718e-4
39089dd38f528ba464d64746b7334494,TotSoilCarb,0.12620924661141084,0.19316811200861952,3109e15b126d31ab,grass,growth_resp_factor,0.042686953424506575,0.005387488231843359,0.027890153171880455
39089dd38f528ba464d64746b7334494,TotSoilCarb,0.12620924661141084,0.19316811200861952,3109e15b126d31ab,grass,half_saturation_PAR,0.08613578578740104,0.010871132630509754,0.05627809123083764
39089dd38f528ba464d64746b7334494,TotSoilCarb,0.12620924661141084,0.19316811200861952,3109e15b126d31ab,grass,leafC,0.009410092446543892,0.0011876406782220324,0.006148223254203766
39089dd38f528ba464d64746b7334494,TotSoilCarb,0.12620924661141084,0.19316811200861952,3109e15b126d31ab,grass,leafGrowth,0.09053947619361127,0.011426919078987446,0.05915530757207771
39089dd38f528ba464d64746b7334494,TotSoilCarb,0.12620924661141084,0.19316811200861952,3109e15b126d31ab,grass,leaf_respiration_rate_m2,0.06430748674332887,0.008116199453348827,0.04201624879465958
39089dd38f528ba464d64746b7334494,TotSoilCarb,0.12620924661141084,0.19316811200861952,3109e15b126d31ab,grass,leaf_turnover_rate,0.018977580738782685,0.002395146167548984,0.012399283415070642
39089dd38f528ba464d64746b7334494,TotSoilCarb,0.12620924661141084,0.19316811200861952,3109e15b126d31ab,grass,psnTOpt,0.07098228438432232,0.008958620634902232,0.046377326680619425
39089dd38f528ba464d64746b7334494,TotSoilCarb,0.12620924661141084,0.19316811200861952,3109e15b126d31ab,grass,root_respiration_rate,0.011927692686909162,0.00150538510782724,0.007793134654440619
39089dd38f528ba464d64746b7334494,TotSoilCarb,0.12620924661141084,0.19316811200861952,3109e15b126d31ab,grass,root_turnover_rate,0.047381038306003424,0.00597992514826709,0.030957103044006843
39089dd38f528ba464d64746b7334494,TotSoilCarb,0.12620924661141084,0.19316811200861952,3109e15b126d31ab,grass,stem_respiration_rate,0.0707726848297257,0.008932167233026504,0.04624038170765956
39089dd38f528ba464d64746b7334494,TotSoilCarb,0.12620924661141084,0.19316811200861952,3109e15b126d31ab,grass,veg_respiration_Q10,0.029066488973993342,0.0036684596750465796,0.01899102101739694
22a0e4594b9893e8564298414dfb88b6,AbvGrndWood,-0.029109969025613903,0.10152681304270486,59d94ec22335aba5,temperate.deciduous,Amax,0.011202394118530341,-3.2610134580313756e-4,-0.0032119726408231758
22a0e4594b9893e8564298414dfb88b6,AbvGrndWood,-0.029109969025613903,0.10152681304270486,59d94ec22335aba5,temperate.deciduous,AmaxFrac,0.020873004631098504,-6.07612518282773e-4,-0.005984749250694939
22a0e4594b9893e8564298414dfb88b6,AbvGrndWood,-0.029109969025613903,0.10152681304270486,59d94ec22335aba5,temperate.deciduous,GDD,0.043173417841548795,-0.001256776856097372,-0.012378767917877403
22a0e4594b9893e8564298414dfb88b6,AbvGrndWood,-0.029109969025613903,0.10152681304270486,59d94ec22335aba5,temperate.deciduous,SLA,0.018620245476555723,-5.420347690718645e-4,-0.005338833681737556
22a0e4594b9893e8564298414dfb88b6,AbvGrndWood,-0.029109969025613903,0.10152681304270486,59d94ec22335aba5,temperate.deciduous,Vm_low_temp,0.28670390226874587,-0.008345941714565827,-0.0822043110035898
22a0e4594b9893e8564298414dfb88b6,AbvGrndWood,-0.029109969025613903,0.10152681304270486,59d94ec22335aba5,temperate.deciduous,coarse_root_respiration_Q10,0.018445002836847794,-5.369334612579999e-4,-0.005288587764811956
22a0e4594b9893e8564298414dfb88b6,AbvGrndWood,-0.029109969025613903,0.10152681304270486,59d94ec22335aba5,temperate.deciduous,dVPDSlope,0.0036093147371312104,-1.0506704020158132e-4,-0.001034869873807497
22a0e4594b9893e8564298414dfb88b6,AbvGrndWood,-0.029109969025613903,0.10152681304270486,59d94ec22335aba5,temperate.deciduous,dVpdExp,0.027117797283072575,-7.893982389531195e-4,-0.007775268574825428
22a0e4594b9893e8564298414dfb88b6,AbvGrndWood,-0.029109969025613903,0.10152681304270486,59d94ec22335aba5,temperate.deciduous,extinction_coefficient,0.053240396023502744,-0.0015498262791555826,-0.01526519185137511
22a0e4594b9893e8564298414dfb88b6,AbvGrndWood,-0.029109969025613903,0.10152681304270486,59d94ec22335aba5,temperate.deciduous,fine_root_respiration_Q10,0.020400604604729245,-5.938609681474646e-4,-0.005849301779005621
22a0e4594b9893e8564298414dfb88b6,AbvGrndWood,-0.029109969025613903,0.10152681304270486,59d94ec22335aba5,temperate.deciduous,fracLeafFall,0.0027014858255118303,-7.864016870378439e-5,-7.745753692741862e-4
22a0e4594b9893e8564298414dfb88b6,AbvGrndWood,-0.029109969025613903,0.10152681304270486,59d94ec22335aba5,temperate.deciduous,growth_resp_factor,0.013684656695789601,-3.983599325405952e-4,-0.00392369188593593
22a0e4594b9893e8564298414dfb88b6,AbvGrndWood,-0.029109969025613903,0.10152681304270486,59d94ec22335aba5,temperate.deciduous,half_saturation_PAR,0.05047785306633155,-0.001469408739240401,-0.014473110060318045
22a0e4594b9893e8564298414dfb88b6,AbvGrndWood,-0.029109969025613903,0.10152681304270486,59d94ec22335aba5,temperate.deciduous,leafC,0.023534020204744075,-6.850745992082718e-4,-0.006747720909156395
22a0e4594b9893e8564298414dfb88b6,AbvGrndWood,-0.029109969025613903,0.10152681304270486,59d94ec22335aba5,temperate.deciduous,leafGrowth,0.009731091880621982,-2.832717832303088e-4,-0.002790117947572699
22a0e4594b9893e8564298414dfb88b6,AbvGrndWood,-0.029109969025613903,0.10152681304270486,59d94ec22335aba5,temperate.deciduous,leafWHC,0.0029667942974414005,-8.636329010388713e-5,-8.506451400927995e-4
22a0e4594b9893e8564298414dfb88b6,AbvGrndWood,-0.029109969025613903,0.10152681304270486,59d94ec22335aba5,temperate.deciduous,leaf_allocation_fraction,0.0033508199611891206,-9.754226528062408e-5,-9.607537394047347e-4
22a0e4594b9893e8564298414dfb88b6,AbvGrndWood,-0.029109969025613903,0.10152681304270486,59d94ec22335aba5,temperate.deciduous,leaf_respiration_rate_m2,0.025296542840132094,-7.363815785313604e-4,-0.007253074891867421
22a0e4594b9893e8564298414dfb88b6,AbvGrndWood,-0.029109969025613903,0.10152681304270486,59d94ec22335aba5,temperate.deciduous,leaf_turnover_rate,0.004806279471397441,-1.3991064654082346e-4,-0.0013780659743744083
22a0e4594b9893e8564298414dfb88b6,AbvGrndWood,-0.029109969025613903,0.10152681304270486,59d94ec22335aba5,temperate.deciduous,psnTOpt,0.09751057178687231,-0.002838529724385754,-0.027958424373980825
22a0e4594b9893e8564298414dfb88b6,AbvGrndWood,-0.029109969025613903,0.10152681304270486,59d94ec22335aba5,temperate.deciduous,root_allocation_fraction,0.029415138886479623,-8.562737818695529e-4,-0.00843396691186772
22a0e4594b9893e8564298414dfb88b6,AbvGrndWood,-0.029109969025613903,0.10152681304270486,59d94ec22335aba5,temperate.deciduous,root_respiration_rate,0.03139665114186059,-9.139555422475672e-4,-0.009002110032382611
22a0e4594b9893e8564298414dfb88b6,AbvGrndWood,-0.029109969025613903,0.10152681304270486,59d94ec22335aba5,temperate.deciduous,root_turnover_rate,0.044625213528835445,-0.0012990385835858062,-0.012795029654278582
22a0e4594b9893e8564298414dfb88b6,AbvGrndWood,-0.029109969025613903,0.10152681304270486,59d94ec22335aba5,temperate.deciduous,stem_respiration_rate,0.0673854567793972,-0.001961588559625097,-0.019320891701781293
22a0e4594b9893e8564298414dfb88b6,AbvGrndWood,-0.029109969025613903,0.10152681304270486,59d94ec22335aba5,temperate.deciduous,veg_respiration_Q10,0.020771107777180824,-6.046463040214218e-4,-0.005955533182816362
22a0e4594b9893e8564298414dfb88b6,AbvGrndWood,-0.029109969025613903,0.10152681304270486,59d94ec22335aba5,temperate.deciduous,wood_allocation_fraction,0.030544350607464455,-8.891451000907815e-4,-0.00875773673420423
22a0e4594b9893e8564298414dfb88b6,AbvGrndWood,-0.029109969025613903,0.10152681304270486,59d94ec22335aba5,temperate.deciduous,wood_turnover_rate,0.03142641680021543,-9.148220196403035e-4,-0.009010644500931052
22a0e4594b9893e8564298414dfb88b6,AbvGrndWood,-0.029109969025613903,0.10152681304270486,59d94ec22335aba5,temperate.deciduous,wueConst,0.006989468626772291,-2.0346321523084153e-4,-0.0020040342953073836
22a0e4594b9893e8564298414dfb88b6,NPP,2.482121861903453e-18,1.060652087116921e-18,59d94ec22335aba5,temperate.deciduous,Amax,0.011011010466622681,2.73306698008519e-20,0.025767799010458274
22a0e4594b9893e8564298414dfb88b6,NPP,2.482121861903453e-18,1.060652087116921e-18,59d94ec22335aba5,temperate.deciduous,AmaxFrac,0.020980414151840352,5.207594463807153e-20,0.04909804569340459
22a0e4594b9893e8564298414dfb88b6,NPP,2.482121861903453e-18,1.060652087116921e-18,59d94ec22335aba5,temperate.deciduous,GDD,0.0427054422703897,1.060001118815901e-19,0.09993862565218824
22a0e4594b9893e8564298414dfb88b6,NPP,2.482121861903453e-18,1.060652087116921e-18,59d94ec22335aba5,temperate.deciduous,SLA,0.017806018630960343,4.419670811736686e-20,0.04166937363740353
22a0e4594b9893e8564298414dfb88b6,NPP,2.482121861903453e-18,1.060652087116921e-18,59d94ec22335aba5,temperate.deciduous,Vm_low_temp,0.2983749133914131,7.406028955723757e-19,0.6982524284522861
22a0e4594b9893e8564298414dfb88b6,NPP,2.482121861903453e-18,1.060652087116921e-18,59d94ec22335aba5,temperate.deciduous,coarse_root_respiration_Q10,0.018443867977732863,4.577992792559177e-20,0.04316205896509514
22a0e4594b9893e8564298414dfb88b6,NPP,2.482121861903453e-18,1.060652087116921e-18,59d94ec22335aba5,temperate.deciduous,dVPDSlope,0.0044499678463383405,1.104536247616382e-20,0.01041374698671218
22a0e4594b9893e8564298414dfb88b6,NPP,2.482121861903453e-18,1.060652087116921e-18,59d94ec22335aba5,temperate.deciduous,dVpdExp,0.021035762629430015,5.2213326304319905e-20,0.04922757135777377
22a0e4594b9893e8564298414dfb88b6,NPP,2.482121861903453e-18,1.060652087116921e-18,59d94ec22335aba5,temperate.deciduous,extinction_coefficient,0.05051388897648328,1.25381628158293e-19,0.11821183372118473
22a0e4594b9893e8564298414dfb88b6,NPP,2.482121861903453e-18,1.060652087116921e-18,59d94ec22335aba5,temperate.deciduous,fine_root_respiration_Q10,0.018817168472140454,4.6706505243820215e-20,0.04403565109722122
22a0e4594b9893e8564298414dfb88b6,NPP,2.482121861903453e-18,1.060652087116921e-18,59d94ec22335aba5,temperate.deciduous,fracLeafFall,0.004048209986348591,1.0048150508691717e-20,0.009473559361019821
22a0e4594b9893e8564298414dfb88b6,NPP,2.482121861903453e-18,1.060652087116921e-18,59d94ec22335aba5,temperate.deciduous,growth_resp_factor,0.016330719981984473,4.053483708790723e-20,0.03821690220597178
22a0e4594b9893e8564298414dfb88b6,NPP,2.482121861903453e-18,1.060652087116921e-18,59d94ec22335aba5,temperate.deciduous,half_saturation_PAR,0.044958494485477285,1.11592462040669e-19,0.1052111841348478
22a0e4594b9893e8564298414dfb88b6,NPP,2.482121861903453e-18,1.060652087116921e-18,59d94ec22335aba5,temperate.deciduous,leafC,0.019877700412982664,4.9338874759431565e-20,0.04651749179464226
22a0e4594b9893e8564298414dfb88b6,NPP,2.482121861903453e-18,1.060652087116921e-18,59d94ec22335aba5,temperate.deciduous,leafGrowth,0.011427167657050041,2.836362266119997e-20,0.02674168372995744
22a0e4594b9893e8564298414dfb88b6,NPP,2.482121861903453e-18,1.060652087116921e-18,59d94ec22335aba5,temperate.deciduous,leafWHC,0.004063271426175341,1.0085534837757437e-20,0.009508805913136017
22a0e4594b9893e8564298414dfb88b6,NPP,2.482121861903453e-18,1.060652087116921e-18,59d94ec22335aba5,temperate.deciduous,leaf_allocation_fraction,0.004690621252568091,1.1642693556908218e-20,0.010976920423129083
22a0e4594b9893e8564298414dfb88b6,NPP,2.482121861903453e-18,1.060652087116921e-18,59d94ec22335aba5,temperate.deciduous,leaf_respiration_rate_m2,0.020729848820722385,5.1454010951868544e-20,0.04851167652131015
22a0e4594b9893e8564298414dfb88b6,NPP,2.482121861903453e-18,1.060652087116921e-18,59d94ec22335aba5,temperate.deciduous,leaf_turnover_rate,0.005764764974477061,1.4308849171884814e-20,0.013490615203312637
22a0e4594b9893e8564298414dfb88b6,NPP,2.482121861903453e-18,1.060652087116921e-18,59d94ec22335aba5,temperate.deciduous,psnTOpt,0.09874395447874693,2.4509452814249713e-19,0.23107909852769576
22a0e4594b9893e8564298414dfb88b6,NPP,2.482121861903453e-18,1.060652087116921e-18,59d94ec22335aba5,temperate.deciduous,root_allocation_fraction,0.025224082335477536,6.260924621134151e-20,0.05902901335114214
22a0e4594b9893e8564298414dfb88b6,NPP,2.482121861903453e-18,1.060652087116921e-18,59d94ec22335aba5,temperate.deciduous,root_respiration_rate,0.025689433070459167,6.376430344409225e-20,0.060118020054452784
22a0e4594b9893e8564298414dfb88b6,NPP,2.482121861903453e-18,1.060652087116921e-18,59d94ec22335aba5,temperate.deciduous,root_turnover_rate,0.037348468329419515,9.270344974906092e-20,0.08740231681535526
22a0e4594b9893e8564298414dfb88b6,NPP,2.482121861903453e-18,1.060652087116921e-18,59d94ec22335aba5,temperate.deciduous,stem_respiration_rate,0.05626921060582339,1.3966703779676388e-19,0.13168034975201787
22a0e4594b9893e8564298414dfb88b6,NPP,2.482121861903453e-18,1.060652087116921e-18,59d94ec22335aba5,temperate.deciduous,veg_respiration_Q10,0.019679179619079765,4.884612195684275e-20,0.04605291645596715
22a0e4594b9893e8564298414dfb88b6,NPP,2.482121861903453e-18,1.060652087116921e-18,59d94ec22335aba5,temperate.deciduous,wood_allocation_fraction,0.029097426057686296,7.222335734290236e-20,0.0680933533438103
22a0e4594b9893e8564298414dfb88b6,NPP,2.482121861903453e-18,1.060652087116921e-18,59d94ec22335aba5,temperate.deciduous,wood_turnover_rate,0.028561739274053678,7.08937174661151e-20,0.06683974729057421
22a0e4594b9893e8564298414dfb88b6,NPP,2.482121861903453e-18,1.060652087116921e-18,59d94ec22335aba5,temperate.deciduous,wueConst,0.043357252418116665,1.0761798409907373e-19,0.10146398183366839
22a0e4594b9893e8564298414dfb88b6,Qle,2.359850858120516,0.004668770619746392,59d94ec22335aba5,NA,NA,NA,NA,NA
22a0e4594b9893e8564298414dfb88b6,SoilMoistFrac,-0.001740031349946615,1.3693403198371586e-5,59d94ec22335aba5,NA,NA,NA,NA,NA
22a0e4594b9893e8564298414dfb88b6,TotSoilCarb,0.5924845410632087,0.08937961806743999,59d94ec22335aba5,temperate.deciduous,Amax,0.004049321717063571,0.002399160519151694,0.026842367096953187
22a0e4594b9893e8564298414dfb88b6,TotSoilCarb,0.5924845410632087,0.08937961806743999,59d94ec22335aba5,temperate.deciduous,AmaxFrac,0.0021807602298220103,0.0012920667239349913,0.01445594366894791
22a0e4594b9893e8564298414dfb88b6,TotSoilCarb,0.5924845410632087,0.08937961806743999,59d94ec22335aba5,temperate.deciduous,GDD,0.017864436530640793,0.01058440247920953,0.11842076200441172
22a0e4594b9893e8564298414dfb88b6,TotSoilCarb,0.5924845410632087,0.08937961806743999,59d94ec22335aba5,temperate.deciduous,SLA,0.016633372366929203,0.009855015993153506,0.11026021598926007
22a0e4594b9893e8564298414dfb88b6,TotSoilCarb,0.5924845410632087,0.08937961806743999,59d94ec22335aba5,temperate.deciduous,Vm_low_temp,0.5404146577599619,0.32018733048674203,3.582330484396898
22a0e4594b9893e8564298414dfb88b6,TotSoilCarb,0.5924845410632087,0.08937961806743999,59d94ec22335aba5,temperate.deciduous,coarse_root_respiration_Q10,0.010608406718139831,0.006285316985808938,0.07032159145126857
22a0e4594b9893e8564298414dfb88b6,TotSoilCarb,0.5924845410632087,0.08937961806743999,59d94ec22335aba5,temperate.deciduous,dVPDSlope,0.010997933689822163,0.006516105694857885,0.07290370932152854
22a0e4594b9893e8564298414dfb88b6,TotSoilCarb,0.5924845410632087,0.08937961806743999,59d94ec22335aba5,temperate.deciduous,dVpdExp,0.012326719743155343,0.0073033908898381865,0.08171203958745413
22a0e4594b9893e8564298414dfb88b6,TotSoilCarb,0.5924845410632087,0.08937961806743999,59d94ec22335aba5,temperate.deciduous,extinction_coefficient,0.005605769973174781,0.003321332049862376,0.03715983712703177
22a0e4594b9893e8564298414dfb88b6,TotSoilCarb,0.5924845410632087,0.08937961806743999,59d94ec22335aba5,temperate.deciduous,fine_root_respiration_Q10,0.05151394405771206,0.030521215503389338,0.34147847309394447
22a0e4594b9893e8564298414dfb88b6,TotSoilCarb,0.5924845410632087,0.08937961806743999,59d94ec22335aba5,temperate.deciduous,fracLeafFall,0.014358266298619244,0.008507050818400759,0.09517886742346446
22a0e4594b9893e8564298414dfb88b6,TotSoilCarb,0.5924845410632087,0.08937961806743999,59d94ec22335aba5,temperate.deciduous,growth_resp_factor,0.021086395413817394,0.012493363309432947,0.13977866072336845
22a0e4594b9893e8564298414dfb88b6,TotSoilCarb,0.5924845410632087,0.08937961806743999,59d94ec22335aba5,temperate.deciduous,half_saturation_PAR,0.023140717262116244,0.013710517246918413,0.15339646267646118
22a0e4594b9893e8564298414dfb88b6,TotSoilCarb,0.5924845410632087,0.08937961806743999,59d94ec22335aba5,temperate.deciduous,leafC,0.018184341116831863,0.010773941001142963,0.12054136316641736
22a0e4594b9893e8564298414dfb88b6,TotSoilCarb,0.5924845410632087,0.08937961806743999,59d94ec22335aba5,temperate.deciduous,leafGrowth,0.010886336873145011,0.006449986306144808,0.07216395018915914
22a0e4594b9893e8564298414dfb88b6,TotSoilCarb,0.5924845410632087,0.08937961806743999,59d94ec22335aba5,temperate.deciduous,leafWHC,0.013479870111498224,0.007986614656602688,0.08935610633932799
22a0e4594b9893e8564298414dfb88b6,TotSoilCarb,0.5924845410632087,0.08937961806743999,59d94ec22335aba5,temperate.deciduous,leaf_allocation_fraction,0.019474150133146805,0.011538132904233509,0.12909132029997702
22a0e4594b9893e8564298414dfb88b6,TotSoilCarb,0.5924845410632087,0.08937961806743999,59d94ec22335aba5,temperate.deciduous,leaf_respiration_rate_m2,0.009159555306294791,0.0054268949219931474,0.06071736531586395
22a0e4594b9893e8564298414dfb88b6,TotSoilCarb,0.5924845410632087,0.08937961806743999,59d94ec22335aba5,temperate.deciduous,leaf_turnover_rate,0.033041900745812966,0.019576815399239087,0.21902997375159633
22a0e4594b9893e8564298414dfb88b6,TotSoilCarb,0.5924845410632087,0.08937961806743999,59d94ec22335aba5,temperate.deciduous,psnTOpt,0.04936462417899244,0.02924777670144811,0.32723094295815475
22a0e4594b9893e8564298414dfb88b6,TotSoilCarb,0.5924845410632087,0.08937961806743999,59d94ec22335aba5,temperate.deciduous,root_allocation_fraction,0.0010593444230498103,6.276451943185364e-4,0.007022240728808626
22a0e4594b9893e8564298414dfb88b6,TotSoilCarb,0.5924845410632087,0.08937961806743999,59d94ec22335aba5,temperate.deciduous,root_respiration_rate,0.039248868950593284,0.023254348107442282,0.26017506686922826
22a0e4594b9893e8564298414dfb88b6,TotSoilCarb,0.5924845410632087,0.08937961806743999,59d94ec22335aba5,temperate.deciduous,root_turnover_rate,0.003814526025318771,0.0022600477014846575,0.025285940467762728
22a0e4594b9893e8564298414dfb88b6,TotSoilCarb,0.5924845410632087,0.08937961806743999,59d94ec22335aba5,temperate.deciduous,stem_respiration_rate,0.026396779059730487,0.015639683526751335,0.17498042467523922
22a0e4594b9893e8564298414dfb88b6,TotSoilCarb,0.5924845410632087,0.08937961806743999,59d94ec22335aba5,temperate.deciduous,veg_respiration_Q10,0.007356085963665932,0.004358367216204121,0.04876242828555816
22a0e4594b9893e8564298414dfb88b6,TotSoilCarb,0.5924845410632087,0.08937961806743999,59d94ec22335aba5,temperate.deciduous,wood_allocation_fraction,0.006199418792865682,0.003673059798349655,0.04109504915962166
22a0e4594b9893e8564298414dfb88b6,TotSoilCarb,0.5924845410632087,0.08937961806743999,59d94ec22335aba5,temperate.deciduous,wood_turnover_rate,0.023737694345206808,0.01406421694001858,0.15735373728501104
22a0e4594b9893e8564298414dfb88b6,TotSoilCarb,0.5924845410632087,0.08937961806743999,59d94ec22335aba5,temperate.deciduous,wueConst,0.007815802212872583,0.004630741987134623,0.05180982070924234
bfc26ac6b3ec58ff6ee9c6cb68ca7d67,AbvGrndWood,-3.2592945272703492e-6,0.0057347304104384735,629195fe5cadee05,grass,Amax,0.02451207469553996,-7.98920709072154e-8,-1.393126881113613e-5
bfc26ac6b3ec58ff6ee9c6cb68ca7d67,AbvGrndWood,-3.2592945272703492e-6,0.0057347304104384735,629195fe5cadee05,grass,AmaxFrac,0.07027755366824345,-2.2905524606085413e-7,-3.994176354723198e-5
bfc26ac6b3ec58ff6ee9c6cb68ca7d67,AbvGrndWood,-3.2592945272703492e-6,0.0057347304104384735,629195fe5cadee05,grass,GDD,0.06968045751642282,-2.2710913384097098e-7,-3.960240806221375e-5
bfc26ac6b3ec58ff6ee9c6cb68ca7d67,AbvGrndWood,-3.2592945272703492e-6,0.0057347304104384735,629195fe5cadee05,grass,SLA,0.02979144663733294,-9.70990989845259e-8,-1.6931763489314882e-5
bfc26ac6b3ec58ff6ee9c6cb68ca7d67,AbvGrndWood,-3.2592945272703492e-6,0.0057347304104384735,629195fe5cadee05,grass,Vm_low_temp,0.24668573236966332,-8.040214574681217e-7,-1.402021367917532e-4
bfc26ac6b3ec58ff6ee9c6cb68ca7d67,AbvGrndWood,-3.2592945272703492e-6,0.0057347304104384735,629195fe5cadee05,grass,coarse_root_respiration_Q10,0.02190837864226915,-7.140585861011444e-8,-1.2451476093826492e-5
bfc26ac6b3ec58ff6ee9c6cb68ca7d67,AbvGrndWood,-3.2592945272703492e-6,0.0057347304104384735,629195fe5cadee05,grass,dVPDSlope,0.0254323416185642,-8.289149185305623e-8,-1.4454296177929383e-5
bfc26ac6b3ec58ff6ee9c6cb68ca7d67,AbvGrndWood,-3.2592945272703492e-6,0.0057347304104384735,629195fe5cadee05,grass,dVpdExp,0.07989616741408005,-2.604051412025867e-7,-4.540843641552739e-5
bfc26ac6b3ec58ff6ee9c6cb68ca7d67,AbvGrndWood,-3.2592945272703492e-6,0.0057347304104384735,629195fe5cadee05,grass,extinction_coefficient,0.00554355411142335,-1.8068075576989166e-8,-3.1506407945700963e-6
bfc26ac6b3ec58ff6ee9c6cb68ca7d67,AbvGrndWood,-3.2592945272703492e-6,0.0057347304104384735,629195fe5cadee05,grass,fine_root_respiration_Q10,0.04627636020261826,-1.5082828755038508e-7,-2.6300850564107487e-5
bfc26ac6b3ec58ff6ee9c6cb68ca7d67,AbvGrndWood,-3.2592945272703492e-6,0.0057347304104384735,629195fe5cadee05,grass,fracLeafFall,0.01550169905634497,-5.05246028977371e-8,-8.810283881134356e-6
bfc26ac6b3ec58ff6ee9c6cb68ca7d67,AbvGrndWood,-3.2592945272703492e-6,0.0057347304104384735,629195fe5cadee05,grass,growth_resp_factor,0.02214573170475935,-7.217946214771962e-8,-1.258637407197679e-5
bfc26ac6b3ec58ff6ee9c6cb68ca7d67,AbvGrndWood,-3.2592945272703492e-6,0.0057347304104384735,629195fe5cadee05,grass,half_saturation_PAR,0.05818172870486211,-1.8963138995488525e-7,-3.306718474676932e-5
bfc26ac6b3ec58ff6ee9c6cb68ca7d67,AbvGrndWood,-3.2592945272703492e-6,0.0057347304104384735,629195fe5cadee05,grass,leafC,0.0154053328687597,-5.021051710992652e-8,-8.755514822201984e-6
bfc26ac6b3ec58ff6ee9c6cb68ca7d67,AbvGrndWood,-3.2592945272703492e-6,0.0057347304104384735,629195fe5cadee05,grass,leafGrowth,0.07465036835235929,-2.433075370295603e-7,-4.242702265248371e-5
bfc26ac6b3ec58ff6ee9c6cb68ca7d67,AbvGrndWood,-3.2592945272703492e-6,0.0057347304104384735,629195fe5cadee05,grass,leaf_respiration_rate_m2,0.0232577661147785,-7.580390981443133e-8,-1.3218391169086432e-5
bfc26ac6b3ec58ff6ee9c6cb68ca7d67,AbvGrndWood,-3.2592945272703492e-6,0.0057347304104384735,629195fe5cadee05,grass,leaf_turnover_rate,0.04774389188604576,-1.5561140553477617e-7,-2.7134912087851438e-5
bfc26ac6b3ec58ff6ee9c6cb68ca7d67,AbvGrndWood,-3.2592945272703492e-6,0.0057347304104384735,629195fe5cadee05,grass,psnTOpt,0.02340814193308092,-7.629402889605821e-8,-1.3303856229612164e-5
bfc26ac6b3ec58ff6ee9c6cb68ca7d67,AbvGrndWood,-3.2592945272703492e-6,0.0057347304104384735,629195fe5cadee05,grass,root_respiration_rate,0.00507534233201359,-1.6542035486755425e-8,-2.8845358548407568e-6
bfc26ac6b3ec58ff6ee9c6cb68ca7d67,AbvGrndWood,-3.2592945272703492e-6,0.0057347304104384735,629195fe5cadee05,grass,root_turnover_rate,0.00263459109755855,-8.586908345867765e-9,-1.4973517029218494e-6
bfc26ac6b3ec58ff6ee9c6cb68ca7d67,AbvGrndWood,-3.2592945272703492e-6,0.0057347304104384735,629195fe5cadee05,grass,stem_respiration_rate,0.04252249861245394,-1.3859334701343216e-7,-2.4167369186380883e-5
bfc26ac6b3ec58ff6ee9c6cb68ca7d67,AbvGrndWood,-3.2592945272703492e-6,0.0057347304104384735,629195fe5cadee05,grass,veg_respiration_Q10,0.04946884046082586,-1.6123352098437974e-7,-2.81152747286776e-5
bfc26ac6b3ec58ff6ee9c6cb68ca7d67,NPP,7.94592260039334e-18,2.3279560962363517e-18,629195fe5cadee05,grass,Amax,0.00610507991451077,4.851049246991856e-20,0.020838233396388506
bfc26ac6b3ec58ff6ee9c6cb68ca7d67,NPP,7.94592260039334e-18,2.3279560962363517e-18,629195fe5cadee05,grass,AmaxFrac,0.04331875865121022,3.442075033876357e-19,0.1478582452410173
bfc26ac6b3ec58ff6ee9c6cb68ca7d67,NPP,7.94592260039334e-18,2.3279560962363517e-18,629195fe5cadee05,grass,GDD,0.03880475857056738,3.0833960812867847e-19,0.13245078316862446
bfc26ac6b3ec58ff6ee9c6cb68ca7d67,NPP,7.94592260039334e-18,2.3279560962363517e-18,629195fe5cadee05,grass,SLA,0.17888056426858998,1.4213711183929023e-18,0.6105661187901518
bfc26ac6b3ec58ff6ee9c6cb68ca7d67,NPP,7.94592260039334e-18,2.3279560962363517e-18,629195fe5cadee05,grass,Vm_low_temp,0.1159340628444548,9.21203090111175e-19,0.3957132574795979
bfc26ac6b3ec58ff6ee9c6cb68ca7d67,NPP,7.94592260039334e-18,2.3279560962363517e-18,629195fe5cadee05,grass,coarse_root_respiration_Q10,0.01763678911487681,1.4014056122627089e-19,0.06019897087098792
bfc26ac6b3ec58ff6ee9c6cb68ca7d67,NPP,7.94592260039334e-18,2.3279560962363517e-18,629195fe5cadee05,grass,dVPDSlope,0.01445416123533587,1.148516464295846e-19,0.049335830093732144
bfc26ac6b3ec58ff6ee9c6cb68ca7d67,NPP,7.94592260039334e-18,2.3279560962363517e-18,629195fe5cadee05,grass,dVpdExp,0.03839758911909673,3.0510427118204805e-19,0.13106100741131485
bfc26ac6b3ec58ff6ee9c6cb68ca7d67,NPP,7.94592260039334e-18,2.3279560962363517e-18,629195fe5cadee05,grass,extinction_coefficient,0.00317552035046308,2.5232438920753563e-20,0.010838880922860743
bfc26ac6b3ec58ff6ee9c6cb68ca7d67,NPP,7.94592260039334e-18,2.3279560962363517e-18,629195fe5cadee05,grass,fine_root_respiration_Q10,0.02653098488595797,2.1081315241602754e-19,0.0905571856603537
bfc26ac6b3ec58ff6ee9c6cb68ca7d67,NPP,7.94592260039334e-18,2.3279560962363517e-18,629195fe5cadee05,grass,fracLeafFall,0.01085241000936066,8.623240996211376e-20,0.037042111791338005
bfc26ac6b3ec58ff6ee9c6cb68ca7d67,NPP,7.94592260039334e-18,2.3279560962363517e-18,629195fe5cadee05,grass,growth_resp_factor,0.0138096201544728,1.0973017288827278e-19,0.04713584292490546
bfc26ac6b3ec58ff6ee9c6cb68ca7d67,NPP,7.94592260039334e-18,2.3279560962363517e-18,629195fe5cadee05,grass,half_saturation_PAR,0.02866960074918865,2.2780642853723187e-19,0.09785684055877626
bfc26ac6b3ec58ff6ee9c6cb68ca7d67,NPP,7.94592260039334e-18,2.3279560962363517e-18,629195fe5cadee05,grass,leafC,0.01671148451714507,1.3278816251090638e-19,0.05704066443761005
bfc26ac6b3ec58ff6ee9c6cb68ca7d67,NPP,7.94592260039334e-18,2.3279560962363517e-18,629195fe5cadee05,grass,leafGrowth,0.05808043519723015,4.615026426743518e-19,0.19824370546354864
bfc26ac6b3ec58ff6ee9c6cb68ca7d67,NPP,7.94592260039334e-18,2.3279560962363517e-18,629195fe5cadee05,grass,leaf_respiration_rate_m2,0.3014320728106444,2.39515591982951e-18,1.0288664479977958
bfc26ac6b3ec58ff6ee9c6cb68ca7d67,NPP,7.94592260039334e-18,2.3279560962363517e-18,629195fe5cadee05,grass,leaf_turnover_rate,0.01302604661295646,1.0350395817566784e-19,0.04446130162978784
bfc26ac6b3ec58ff6ee9c6cb68ca7d67,NPP,7.94592260039334e-18,2.3279560962363517e-18,629195fe5cadee05,grass,psnTOpt,5.911965073583324e-4,4.697601689092181e-21,0.0020179081971034066
bfc26ac6b3ec58ff6ee9c6cb68ca7d67,NPP,7.94592260039334e-18,2.3279560962363517e-18,629195fe5cadee05,grass,root_respiration_rate,0.0045408364436915,3.6081134922618003e-20,0.015499061593537361
bfc26ac6b3ec58ff6ee9c6cb68ca7d67,NPP,7.94592260039334e-18,2.3279560962363517e-18,629195fe5cadee05,grass,root_turnover_rate,0.00201630691772694,1.6021418706895924e-20,0.006882182500261942
bfc26ac6b3ec58ff6ee9c6cb68ca7d67,NPP,7.94592260039334e-18,2.3279560962363517e-18,629195fe5cadee05,grass,stem_respiration_rate,0.00452800674475438,3.5979191127877304e-20,0.015455270477843421
bfc26ac6b3ec58ff6ee9c6cb68ca7d67,NPP,7.94592260039334e-18,2.3279560962363517e-18,629195fe5cadee05,grass,veg_respiration_Q10,0.06250371438040707,4.966496767038066e-19,0.21334151340171278
bfc26ac6b3ec58ff6ee9c6cb68ca7d67,Qle,0.2129832561617853,0.0013090015478517793,629195fe5cadee05,NA,NA,NA,NA,NA
bfc26ac6b3ec58ff6ee9c6cb68ca7d67,SoilMoistFrac,-1.03522864083938e-4,2.8222547247521485e-6,629195fe5cadee05,NA,NA,NA,NA,NA
bfc26ac6b3ec58ff6ee9c6cb68ca7d67,TotSoilCarb,1.4927861988683886,4.647290216101782,629195fe5cadee05,grass,Amax,0.026821073505983454,0.04003812836856668,0.00861537078744165
bfc26ac6b3ec58ff6ee9c6cb68ca7d67,TotSoilCarb,1.4927861988683886,4.647290216101782,629195fe5cadee05,grass,AmaxFrac,0.05547698632036044,0.08281527953384445,0.017820122196567093
bfc26ac6b3ec58ff6ee9c6cb68ca7d67,TotSoilCarb,1.4927861988683886,4.647290216101782,629195fe5cadee05,grass,GDD,0.032949234128392915,0.049186161970148246,0.010583836963684689
bfc26ac6b3ec58ff6ee9c6cb68ca7d67,TotSoilCarb,1.4927861988683886,4.647290216101782,629195fe5cadee05,grass,SLA,0.0046226808697362905,0.006900674204115253,0.0014848812712849348
bfc26ac6b3ec58ff6ee9c6cb68ca7d67,TotSoilCarb,1.4927861988683886,4.647290216101782,629195fe5cadee05,grass,Vm_low_temp,0.052459128105785784,0.07831026244098581,0.016850736407564765
bfc26ac6b3ec58ff6ee9c6cb68ca7d67,TotSoilCarb,1.4927861988683886,4.647290216101782,629195fe5cadee05,grass,coarse_root_respiration_Q10,0.059895068435363505,0.08941053154058828,0.019239282976303385
bfc26ac6b3ec58ff6ee9c6cb68ca7d67,TotSoilCarb,1.4927861988683886,4.647290216101782,629195fe5cadee05,grass,dVPDSlope,0.030014162139248502,0.04480472701206827,0.009641043474502689
bfc26ac6b3ec58ff6ee9c6cb68ca7d67,TotSoilCarb,1.4927861988683886,4.647290216101782,629195fe5cadee05,grass,dVpdExp,0.05958886600212258,0.08895343677418631,0.019140925708918136
bfc26ac6b3ec58ff6ee9c6cb68ca7d67,TotSoilCarb,1.4927861988683886,4.647290216101782,629195fe5cadee05,grass,extinction_coefficient,0.1260156696484782,0.18811445249240635,0.040478309669715364
bfc26ac6b3ec58ff6ee9c6cb68ca7d67,TotSoilCarb,1.4927861988683886,4.647290216101782,629195fe5cadee05,grass,fine_root_respiration_Q10,0.008599162786401812,0.012836711529363262,0.002762192790303269
bfc26ac6b3ec58ff6ee9c6cb68ca7d67,TotSoilCarb,1.4927861988683886,4.647290216101782,629195fe5cadee05,grass,fracLeafFall,0.0013704035429983402,0.0020457194958682645,4.401962005257002e-4
bfc26ac6b3ec58ff6ee9c6cb68ca7d67,TotSoilCarb,1.4927861988683886,4.647290216101782,629195fe5cadee05,grass,growth_resp_factor,0.042686953424506575,0.06372249494384112,0.013711752866876587
bfc26ac6b3ec58ff6ee9c6cb68ca7d67,TotSoilCarb,1.4927861988683886,4.647290216101782,629195fe5cadee05,grass,half_saturation_PAR,0.08613578578740104,0.12858231225211617,0.02766823380356327
bfc26ac6b3ec58ff6ee9c6cb68ca7d67,TotSoilCarb,1.4927861988683886,4.647290216101782,629195fe5cadee05,grass,leafC,0.009410092446543892,0.014047256134276391,0.0030226767602345795
bfc26ac6b3ec58ff6ee9c6cb68ca7d67,TotSoilCarb,1.4927861988683886,4.647290216101782,629195fe5cadee05,grass,leafGrowth,0.09053947619361127,0.13515608051459593,0.02908277172927817
bfc26ac6b3ec58ff6ee9c6cb68ca7d67,TotSoilCarb,1.4927861988683886,4.647290216101782,629195fe5cadee05,grass,leaf_respiration_rate_m2,0.06430748674332887,0.09599732869435319,0.0206566244478868
bfc26ac6b3ec58ff6ee9c6cb68ca7d67,TotSoilCarb,1.4927861988683886,4.647290216101782,629195fe5cadee05,grass,leaf_turnover_rate,0.018977580738782685,0.02832947061476535,0.00609591165979054
bfc26ac6b3ec58ff6ee9c6cb68ca7d67,TotSoilCarb,1.4927861988683886,4.647290216101782,629195fe5cadee05,grass,psnTOpt,0.07098228438432232,0.10596137449306749,0.02280067944238471
bfc26ac6b3ec58ff6ee9c6cb68ca7d67,TotSoilCarb,1.4927861988683886,4.647290216101782,629195fe5cadee05,grass,root_respiration_rate,0.011927692686909162,0.017805495027361402,0.0038313714443030684
bfc26ac6b3ec58ff6ee9c6cb68ca7d67,TotSoilCarb,1.4927861988683886,4.647290216101782,629195fe5cadee05,grass,root_turnover_rate,0.047381038306003424,0.07072976007125636,0.015219570283386686
bfc26ac6b3ec58ff6ee9c6cb68ca7d67,TotSoilCarb,1.4927861988683886,4.647290216101782,629195fe5cadee05,grass,stem_respiration_rate,0.0707726848297257,0.10564848717067668,0.022733352611513092
bfc26ac6b3ec58ff6ee9c6cb68ca7d67,TotSoilCarb,1.4927861988683886,4.647290216101782,629195fe5cadee05,grass,veg_respiration_Q10,0.029066488973993342,0.04339005358993745,0.009336635237369292
cbb940600bee116ac68980e32f160f5d,AbvGrndWood,-0.0018274682824729995,0.37146409683389814,9c19b1bcbd391e00,temperate.deciduous,Amax,0.011202394118530341,-2.0472019939376274e-5,-5.51117055830309e-5
cbb940600bee116ac68980e32f160f5d,AbvGrndWood,-0.0018274682824729995,0.37146409683389814,9c19b1bcbd391e00,temperate.deciduous,AmaxFrac,0.020873004631098504,-3.8144753923244546e-5,-1.0268759282085113e-4
cbb940600bee116ac68980e32f160f5d,AbvGrndWood,-0.0018274682824729995,0.37146409683389814,9c19b1bcbd391e00,temperate.deciduous,GDD,0.043173417841548795,-7.889805175138432e-5,-2.1239751680944807e-4
cbb940600bee116ac68980e32f160f5d,AbvGrndWood,-0.0018274682824729995,0.37146409683389814,9c19b1bcbd391e00,temperate.deciduous,SLA,0.018620245476555723,-3.4027908020266925e-5,-9.160483694197413e-5
cbb940600bee116ac68980e32f160f5d,AbvGrndWood,-0.0018274682824729995,0.37146409683389814,9c19b1bcbd391e00,temperate.deciduous,Vm_low_temp,0.28670390226874587,-5.239422878573717e-4,-0.0014104789462106614
cbb940600bee116ac68980e32f160f5d,AbvGrndWood,-0.0018274682824729995,0.37146409683389814,9c19b1bcbd391e00,temperate.deciduous,coarse_root_respiration_Q10,0.018445002836847794,-3.370765765446384e-5,-9.074270687736578e-5
cbb940600bee116ac68980e32f160f5d,AbvGrndWood,-0.0018274682824729995,0.37146409683389814,9c19b1bcbd391e00,temperate.deciduous,dVPDSlope,0.0036093147371312104,-6.5959082035696585e-6,-1.775651606652863e-5
cbb940600bee116ac68980e32f160f5d,AbvGrndWood,-0.0018274682824729995,0.37146409683389814,9c19b1bcbd391e00,temperate.deciduous,dVpdExp,0.027117797283072575,-4.955691442534761e-5,-1.3340970190049676e-4
cbb940600bee116ac68980e32f160f5d,AbvGrndWood,-0.0018274682824729995,0.37146409683389814,9c19b1bcbd391e00,temperate.deciduous,extinction_coefficient,0.053240396023502744,-9.729513507925287e-5,-2.6192338885111375e-4
cbb940600bee116ac68980e32f160f5d,AbvGrndWood,-0.0018274682824729995,0.37146409683389814,9c19b1bcbd391e00,temperate.deciduous,fine_root_respiration_Q10,0.020400604604729245,-3.7281457858415316e-5,-1.0036355646797782e-4
cbb940600bee116ac68980e32f160f5d,AbvGrndWood,-0.0018274682824729995,0.37146409683389814,9c19b1bcbd391e00,temperate.deciduous,fracLeafFall,0.0027014858255118303,-4.936879661673258e-6,-1.3290327931425379e-5
cbb940600bee116ac68980e32f160f5d,AbvGrndWood,-0.0018274682824729995,0.37146409683389814,9c19b1bcbd391e00,temperate.deciduous,growth_resp_factor,0.013684656695789601,-2.5008276068087256e-5,-6.73235348482947e-5
cbb940600bee116ac68980e32f160f5d,AbvGrndWood,-0.0018274682824729995,0.37146409683389814,9c19b1bcbd391e00,temperate.deciduous,half_saturation_PAR,0.05047785306633155,-9.224667544605335e-5,-2.4833268203387597e-4
cbb940600bee116ac68980e32f160f5d,AbvGrndWood,-0.0018274682824729995,0.37146409683389814,9c19b1bcbd391e00,temperate.deciduous,leafC,0.023534020204744075,-4.300767548324852e-5,-1.1577882182912445e-4
cbb940600bee116ac68980e32f160f5d,AbvGrndWood,-0.0018274682824729995,0.37146409683389814,9c19b1bcbd391e00,temperate.deciduous,leafGrowth,0.009731091880621982,-1.7783261765667206e-5,-4.7873433576055864e-5
cbb940600bee116ac68980e32f160f5d,AbvGrndWood,-0.0018274682824729995,0.37146409683389814,9c19b1bcbd391e00,temperate.deciduous,leafWHC,0.0029667942974414005,-5.4217224791959255e-6,-1.4595549140298944e-5
cbb940600bee116ac68980e32f160f5d,AbvGrndWood,-0.0018274682824729995,0.37146409683389814,9c19b1bcbd391e00,temperate.deciduous,leaf_allocation_fraction,0.0033508199611891206,-6.123517199350525e-6,-1.6484815764277438e-5
cbb940600bee116ac68980e32f160f5d,AbvGrndWood,-0.0018274682824729995,0.37146409683389814,9c19b1bcbd391e00,temperate.deciduous,leaf_respiration_rate_m2,0.025296542840132094,-4.622862969656085e-5,-1.244497922964334e-4
cbb940600bee116ac68980e32f160f5d,AbvGrndWood,-0.0018274682824729995,0.37146409683389814,9c19b1bcbd391e00,temperate.deciduous,leaf_turnover_rate,0.004806279471397441,-8.783323290679917e-6,-2.364514731179369e-5
cbb940600bee116ac68980e32f160f5d,AbvGrndWood,-0.0018274682824729995,0.37146409683389814,9c19b1bcbd391e00,temperate.deciduous,psnTOpt,0.09751057178687231,-1.7819747714631565e-4,-4.7971655582638306e-4
cbb940600bee116ac68980e32f160f5d,AbvGrndWood,-0.0018274682824729995,0.37146409683389814,9c19b1bcbd391e00,temperate.deciduous,root_allocation_fraction,0.029415138886479623,-5.3755233339579656e-5,-1.4471178721645487e-4
cbb940600bee116ac68980e32f160f5d,AbvGrndWood,-0.0018274682824729995,0.37146409683389814,9c19b1bcbd391e00,temperate.deciduous,root_respiration_rate,0.03139665114186059,-5.7376384137619914e-5,-1.5446010698384136e-4
cbb940600bee116ac68980e32f160f5d,AbvGrndWood,-0.0018274682824729995,0.37146409683389814,9c19b1bcbd391e00,temperate.deciduous,root_turnover_rate,0.044625213528835445,-8.155116232253176e-5,-2.1953982368045044e-4
cbb940600bee116ac68980e32f160f5d,AbvGrndWood,-0.0018274682824729995,0.37146409683389814,9c19b1bcbd391e00,temperate.deciduous,stem_respiration_rate,0.0673854567793972,-1.2314478496430354e-4,-3.315119442603044e-4
cbb940600bee116ac68980e32f160f5d,AbvGrndWood,-0.0018274682824729995,0.37146409683389814,9c19b1bcbd391e00,temperate.deciduous,veg_respiration_Q10,0.020771107777180824,-3.79585406546262e-5,-1.0218629735190677e-4
cbb940600bee116ac68980e32f160f5d,AbvGrndWood,-0.0018274682824729995,0.37146409683389814,9c19b1bcbd391e00,temperate.deciduous,wood_allocation_fraction,0.030544350607464455,-5.581883194387619e-5,-1.5026709827312284e-4
cbb940600bee116ac68980e32f160f5d,AbvGrndWood,-0.0018274682824729995,0.37146409683389814,9c19b1bcbd391e00,temperate.deciduous,wood_turnover_rate,0.03142641680021543,-5.7430779934170305e-5,-1.5460654319938419e-4
cbb940600bee116ac68980e32f160f5d,AbvGrndWood,-0.0018274682824729995,0.37146409683389814,9c19b1bcbd391e00,temperate.deciduous,wueConst,0.006989468626772291,-1.2773032226766472e-5,-3.43856440922149e-5
cbb940600bee116ac68980e32f160f5d,NPP,5.94200161399142e-17,1.5586906980874535e-17,9c19b1bcbd391e00,temperate.deciduous,Amax,0.011011010466622681,6.542744196434839e-19,0.04197589813336876
cbb940600bee116ac68980e32f160f5d,NPP,5.94200161399142e-17,1.5586906980874535e-17,9c19b1bcbd391e00,temperate.deciduous,AmaxFrac,0.020980414151840352,1.246656547524438e-18,0.0799810090003175
cbb940600bee116ac68980e32f160f5d,NPP,5.94200161399142e-17,1.5586906980874535e-17,9c19b1bcbd391e00,temperate.deciduous,GDD,0.0427054422703897,2.53755806896873e-18,0.16280061670236226
cbb940600bee116ac68980e32f160f5d,NPP,5.94200161399142e-17,1.5586906980874535e-17,9c19b1bcbd391e00,temperate.deciduous,SLA,0.017806018630960343,1.0580339144392765e-18,0.0678796579550713
cbb940600bee116ac68980e32f160f5d,NPP,5.94200161399142e-17,1.5586906980874535e-17,9c19b1bcbd391e00,temperate.deciduous,Vm_low_temp,0.2983749133914131,1.7729442169463268e-17,1.1374573666999919
cbb940600bee116ac68980e32f160f5d,NPP,5.94200161399142e-17,1.5586906980874535e-17,9c19b1bcbd391e00,temperate.deciduous,coarse_root_respiration_Q10,0.018443867977732863,1.0959349329193334e-18,0.0703112512485042
cbb940600bee116ac68980e32f160f5d,NPP,5.94200161399142e-17,1.5586906980874535e-17,9c19b1bcbd391e00,temperate.deciduous,dVPDSlope,0.0044499678463383405,2.644171612515234e-19,0.01696405589485899
cbb940600bee116ac68980e32f160f5d,NPP,5.94200161399142e-17,1.5586906980874535e-17,9c19b1bcbd391e00,temperate.deciduous,dVpdExp,0.021035762629430015,1.2499453549561354e-18,0.0801920070793933
cbb940600bee116ac68980e32f160f5d,NPP,5.94200161399142e-17,1.5586906980874535e-17,9c19b1bcbd391e00,temperate.deciduous,extinction_coefficient,0.05051388897648328,3.0015360982724705e-18,0.1925677815332714
cbb940600bee116ac68980e32f160f5d,NPP,5.94200161399142e-17,1.5586906980874535e-17,9c19b1bcbd391e00,temperate.deciduous,fine_root_respiration_Q10,0.018817168472140454,1.1181164543220704e-18,0.07173433803730418
cbb940600bee116ac68980e32f160f5d,NPP,5.94200161399142e-17,1.5586906980874535e-17,9c19b1bcbd391e00,temperate.deciduous,fracLeafFall,0.004048209986348591,2.405447027265951e-19,0.015432484650209856
cbb940600bee116ac68980e32f160f5d,NPP,5.94200161399142e-17,1.5586906980874535e-17,9c19b1bcbd391e00,temperate.deciduous,growth_resp_factor,0.016330719981984473,9.703716449059366e-19,0.062255561420659224
cbb940600bee116ac68980e32f160f5d,NPP,5.94200161399142e-17,1.5586906980874535e-17,9c19b1bcbd391e00,temperate.deciduous,half_saturation_PAR,0.044958494485477285,2.6714344679533038e-18,0.17138964588877129
cbb940600bee116ac68980e32f160f5d,NPP,5.94200161399142e-17,1.5586906980874535e-17,9c19b1bcbd391e00,temperate.deciduous,leafC,0.019877700412982664,1.181133279363809e-18,0.07577727132221193
cbb940600bee116ac68980e32f160f5d,NPP,5.94200161399142e-17,1.5586906980874535e-17,9c19b1bcbd391e00,temperate.deciduous,leafGrowth,0.011427167657050041,6.79002486615419e-19,0.043562362144623654
cbb940600bee116ac68980e32f160f5d,NPP,5.94200161399142e-17,1.5586906980874535e-17,9c19b1bcbd391e00,temperate.deciduous,leafWHC,0.004063271426175341,2.4143965372419095e-19,0.01548990149363453
cbb940600bee116ac68980e32f160f5d,NPP,5.94200161399142e-17,1.5586906980874535e-17,9c19b1bcbd391e00,temperate.deciduous,leaf_allocation_fraction,0.004690621252568091,2.7871679053382055e-19,0.017881468778623746
cbb940600bee116ac68980e32f160f5d,NPP,5.94200161399142e-17,1.5586906980874535e-17,9c19b1bcbd391e00,temperate.deciduous,leaf_respiration_rate_m2,0.020729848820722385,1.2317679515053054e-18,0.07902581012491515
cbb940600bee116ac68980e32f160f5d,NPP,5.94200161399142e-17,1.5586906980874535e-17,9c19b1bcbd391e00,temperate.deciduous,leaf_turnover_rate,0.005764764974477061,3.42542427826239e-19,0.021976292554163942
cbb940600bee116ac68980e32f160f5d,NPP,5.94200161399142e-17,1.5586906980874535e-17,9c19b1bcbd391e00,temperate.deciduous,psnTOpt,0.09874395447874693,5.867367368846095e-18,0.37642922845728655
cbb940600bee116ac68980e32f160f5d,NPP,5.94200161399142e-17,1.5586906980874535e-17,9c19b1bcbd391e00,temperate.deciduous,root_allocation_fraction,0.025224082335477536,1.4988153794886e-18,0.09615861449148816
cbb940600bee116ac68980e32f160f5d,NPP,5.94200161399142e-17,1.5586906980874535e-17,9c19b1bcbd391e00,temperate.deciduous,root_respiration_rate,0.025689433070459167,1.5264665276719293e-18,0.09793261290036157
cbb940600bee116ac68980e32f160f5d,NPP,5.94200161399142e-17,1.5586906980874535e-17,9c19b1bcbd391e00,temperate.deciduous,root_turnover_rate,0.037348468329419515,2.2192465909351818e-18,0.14237889490572084
cbb940600bee116ac68980e32f160f5d,NPP,5.94200161399142e-17,1.5586906980874535e-17,9c19b1bcbd391e00,temperate.deciduous,stem_respiration_rate,0.05626921060582339,3.343517402378257e-18,0.21450807440378158
cbb940600bee116ac68980e32f160f5d,NPP,5.94200161399142e-17,1.5586906980874535e-17,9c19b1bcbd391e00,temperate.deciduous,veg_respiration_Q10,0.019679179619079765,1.1693371705859902e-18,0.07502047532719555
cbb940600bee116ac68980e32f160f5d,NPP,5.94200161399142e-17,1.5586906980874535e-17,9c19b1bcbd391e00,temperate.deciduous,wood_allocation_fraction,0.029097426057686296,1.7289695259776796e-18,0.11092447835219404
cbb940600bee116ac68980e32f160f5d,NPP,5.94200161399142e-17,1.5586906980874535e-17,9c19b1bcbd391e00,temperate.deciduous,wood_turnover_rate,0.028561739274053678,1.6971390086482908e-18,0.10888234662147636
cbb940600bee116ac68980e32f160f5d,NPP,5.94200161399142e-17,1.5586906980874535e-17,9c19b1bcbd391e00,temperate.deciduous,wueConst,0.043357252418116665,2.5762886384668262e-18,0.165285431011296
cbb940600bee116ac68980e32f160f5d,Qle,0.0964116493098113,0.011310622110436541,9c19b1bcbd391e00,NA,NA,NA,NA,NA
cbb940600bee116ac68980e32f160f5d,SoilMoistFrac,-3.6610878971270926e-4,3.4432164737503317e-6,9c19b1bcbd391e00,NA,NA,NA,NA,NA
cbb940600bee116ac68980e32f160f5d,TotSoilCarb,0.36496705382330097,3.4233229828864205,9c19b1bcbd391e00,temperate.deciduous,Amax,0.004049321717063571,0.0014778690170594018,4.317059840533413e-4
cbb940600bee116ac68980e32f160f5d,TotSoilCarb,0.36496705382330097,3.4233229828864205,9c19b1bcbd391e00,temperate.deciduous,AmaxFrac,0.0021807602298220103,7.959056361731638e-4,2.324950465240897e-4
cbb940600bee116ac68980e32f160f5d,TotSoilCarb,0.36496705382330097,3.4233229828864205,9c19b1bcbd391e00,temperate.deciduous,GDD,0.017864436530640793,0.006519930768801322,0.0019045619713346346
cbb940600bee116ac68980e32f160f5d,TotSoilCarb,0.36496705382330097,3.4233229828864205,9c19b1bcbd391e00,temperate.deciduous,SLA,0.016633372366929203,0.006070632907904058,0.0017733158507835338
cbb940600bee116ac68980e32f160f5d,TotSoilCarb,0.36496705382330097,3.4233229828864205,9c19b1bcbd391e00,temperate.deciduous,Vm_low_temp,0.5404146577599619,0.19723354548558078,0.0576146470758306
cbb940600bee116ac68980e32f160f5d,TotSoilCarb,0.36496705382330097,3.4233229828864205,9c19b1bcbd391e00,temperate.deciduous,coarse_root_respiration_Q10,0.010608406718139831,0.0038717189456788075,0.0011309826636382162
cbb940600bee116ac68980e32f160f5d,TotSoilCarb,0.36496705382330097,3.4233229828864205,9c19b1bcbd391e00,temperate.deciduous,dVPDSlope,0.010997933689822163,0.00401388345691842,0.001172510884010734
cbb940600bee116ac68980e32f160f5d,TotSoilCarb,0.36496705382330097,3.4233229828864205,9c19b1bcbd391e00,temperate.deciduous,dVpdExp,0.012326719743155343,0.004498846587964922,0.0013141753233496128
cbb940600bee116ac68980e32f160f5d,TotSoilCarb,0.36496705382330097,3.4233229828864205,9c19b1bcbd391e00,temperate.deciduous,extinction_coefficient,0.005605769973174781,0.002045921351520725,5.976419291280775e-4
cbb940600bee116ac68980e32f160f5d,TotSoilCarb,0.36496705382330097,3.4233229828864205,9c19b1bcbd391e00,temperate.deciduous,fine_root_respiration_Q10,0.05151394405771206,0.018800892393561513,0.005492000751185121
cbb940600bee116ac68980e32f160f5d,TotSoilCarb,0.36496705382330097,3.4233229828864205,9c19b1bcbd391e00,temperate.deciduous,fracLeafFall,0.014358266298619244,0.005240294149017458,0.0015307624127826331
cbb940600bee116ac68980e32f160f5d,TotSoilCarb,0.36496705382330097,3.4233229828864205,9c19b1bcbd391e00,temperate.deciduous,growth_resp_factor,0.021086395413817394,0.0076958396099341,0.0022480612108195675
cbb940600bee116ac68980e32f160f5d,TotSoilCarb,0.36496705382330097,3.4233229828864205,9c19b1bcbd391e00,temperate.deciduous,half_saturation_PAR,0.023140717262116244,0.008445599402512568,0.0024670764180689574
cbb940600bee116ac68980e32f160f5d,TotSoilCarb,0.36496705382330097,3.4233229828864205,9c19b1bcbd391e00,temperate.deciduous,leafC,0.018184341116831863,0.0066366854031280394,0.001938667615152173
cbb940600bee116ac68980e32f160f5d,TotSoilCarb,0.36496705382330097,3.4233229828864205,9c19b1bcbd391e00,temperate.deciduous,leafGrowth,0.010886336873145011,0.003973154295519701,0.0011606133325374058
cbb940600bee116ac68980e32f160f5d,TotSoilCarb,0.36496705382330097,3.4233229828864205,9c19b1bcbd391e00,temperate.deciduous,leafWHC,0.013479870111498224,0.004919708480514279,0.0014371149041759888
cbb940600bee116ac68980e32f160f5d,TotSoilCarb,0.36496705382330097,3.4233229828864205,9c19b1bcbd391e00,temperate.deciduous,leaf_allocation_fraction,0.019474150133146805,0.007107423199807234,0.0020761766375355316
cbb940600bee116ac68980e32f160f5d,TotSoilCarb,0.36496705382330097,3.4233229828864205,9c19b1bcbd391e00,temperate.deciduous,leaf_respiration_rate_m2,0.009159555306294791,0.0033429359144699932,9.765178252772843e-4
cbb940600bee116ac68980e32f160f5d,TotSoilCarb,0.36496705382330097,3.4233229828864205,9c19b1bcbd391e00,temperate.deciduous,leaf_turnover_rate,0.033041900745812966,0.01205920516792129,0.0035226606511295088
cbb940600bee116ac68980e32f160f5d,TotSoilCarb,0.36496705382330097,3.4233229828864205,9c19b1bcbd391e00,temperate.deciduous,psnTOpt,0.04936462417899244,0.01801646144970136,0.005262857621021357
cbb940600bee116ac68980e32f160f5d,TotSoilCarb,0.36496705382330097,3.4233229828864205,9c19b1bcbd391e00,temperate.deciduous,root_allocation_fraction,0.0010593444230498103,3.8662581306463383e-4,1.1293874840247913e-4
cbb940600bee116ac68980e32f160f5d,TotSoilCarb,0.36496705382330097,3.4233229828864205,9c19b1bcbd391e00,temperate.deciduous,root_respiration_rate,0.039248868950593284,0.014324544066794865,0.004184397481162275
cbb940600bee116ac68980e32f160f5d,TotSoilCarb,0.36496705382330097,3.4233229828864205,9c19b1bcbd391e00,temperate.deciduous,root_turnover_rate,0.003814526025318771,0.0013921763251928982,4.066739633252677e-4
cbb940600bee116ac68980e32f160f5d,TotSoilCarb,0.36496705382330097,3.4233229828864205,9c19b1bcbd391e00,temperate.deciduous,stem_respiration_rate,0.026396779059730487,0.00963395468385444,0.0028142114349173804
cbb940600bee116ac68980e32f160f5d,TotSoilCarb,0.36496705382330097,3.4233229828864205,9c19b1bcbd391e00,temperate.deciduous,veg_respiration_Q10,0.007356085963665932,0.0026847290218300927,7.84246486601281e-4
cbb940600bee116ac68980e32f160f5d,TotSoilCarb,0.36496705382330097,3.4233229828864205,9c19b1bcbd391e00,temperate.deciduous,wood_allocation_fraction,0.006199418792865682,0.0022625836122489927,6.609319726943396e-4
cbb940600bee116ac68980e32f160f5d,TotSoilCarb,0.36496705382330097,3.4233229828864205,9c19b1bcbd391e00,temperate.deciduous,wood_turnover_rate,0.023737694345206808,0.00866347636972816,0.0025307212942038654
cbb940600bee116ac68980e32f160f5d,TotSoilCarb,0.36496705382330097,3.4233229828864205,9c19b1bcbd391e00,temperate.deciduous,wueConst,0.007815802212872583,0.002852510306897743,8.332577209798097e-4
bb523eef65a549b58d61393d57c00566,AbvGrndWood,-0.12500473409989907,0.24838417304140945,b3ed7ece68eabba6,grass,Amax,0.02451207469553996,-0.003064125379552837,-0.01233623439864665
bb523eef65a549b58d61393d57c00566,AbvGrndWood,-0.12500473409989907,0.24838417304140945,b3ed7ece68eabba6,grass,AmaxFrac,0.07027755366824345,-0.00878502690949016,-0.03536870647561575
bb523eef65a549b58d61393d57c00566,AbvGrndWood,-0.12500473409989907,0.24838417304140945,b3ed7ece68eabba6,grass,GDD,0.06968045751642282,-0.008710387063799748,-0.03506820485839729
bb523eef65a549b58d61393d57c00566,AbvGrndWood,-0.12500473409989907,0.24838417304140945,b3ed7ece68eabba6,grass,SLA,0.02979144663733294,-0.0037240718653511365,-0.014993193083724689
bb523eef65a549b58d61393d57c00566,AbvGrndWood,-0.12500473409989907,0.24838417304140945,b3ed7ece68eabba6,grass,Vm_low_temp,0.24668573236966332,-0.030836884381108626,-0.12414995691358983
bb523eef65a549b58d61393d57c00566,AbvGrndWood,-0.12500473409989907,0.24838417304140945,b3ed7ece68eabba6,grass,coarse_root_respiration_Q10,0.02190837864226915,-0.002738651046736763,-0.011025867764449662
bb523eef65a549b58d61393d57c00566,AbvGrndWood,-0.12500473409989907,0.24838417304140945,b3ed7ece68eabba6,grass,dVPDSlope,0.0254323416185642,-0.0031791631015664146,-0.012799378731093302
bb523eef65a549b58d61393d57c00566,AbvGrndWood,-0.12500473409989907,0.24838417304140945,b3ed7ece68eabba6,grass,dVpdExp,0.07989616741408005,-0.009987399163198097,-0.04020948291875684
bb523eef65a549b58d61393d57c00566,AbvGrndWood,-0.12500473409989907,0.24838417304140945,b3ed7ece68eabba6,grass,extinction_coefficient,0.00554355411142335,-6.92970507666878e-4,-0.00278991410435539
bb523eef65a549b58d61393d57c00566,AbvGrndWood,-0.12500473409989907,0.24838417304140945,b3ed7ece68eabba6,grass,fine_root_respiration_Q10,0.04627636020261826,-0.0057847641022394465,-0.023289584160722823
bb523eef65a549b58d61393d57c00566,AbvGrndWood,-0.12500473409989907,0.24838417304140945,b3ed7ece68eabba6,grass,fracLeafFall,0.01550169905634497,-0.0019377857686350593,-0.007801567003675394
bb523eef65a549b58d61393d57c00566,AbvGrndWood,-0.12500473409989907,0.24838417304140945,b3ed7ece68eabba6,grass,growth_resp_factor,0.02214573170475935,-0.002768321303201147,-0.011145320852386297
bb523eef65a549b58d61393d57c00566,AbvGrndWood,-0.12500473409989907,0.24838417304140945,b3ed7ece68eabba6,grass,half_saturation_PAR,0.05818172870486211,-0.007272991526223752,-0.02928121964120167
bb523eef65a549b58d61393d57c00566,AbvGrndWood,-0.12500473409989907,0.24838417304140945,b3ed7ece68eabba6,grass,leafC,0.0154053328687597,-0.0019257395389797416,-0.007753068625103949
bb523eef65a549b58d61393d57c00566,AbvGrndWood,-0.12500473409989907,0.24838417304140945,b3ed7ece68eabba6,grass,leafGrowth,0.07465036835235929,-0.009331649446346194,-0.03756942051533398
bb523eef65a549b58d61393d57c00566,AbvGrndWood,-0.12500473409989907,0.24838417304140945,b3ed7ece68eabba6,grass,leaf_respiration_rate_m2,0.0232577661147785,-0.0029073308689355286,-0.011704976341028106
bb523eef65a549b58d61393d57c00566,AbvGrndWood,-0.12500473409989907,0.24838417304140945,b3ed7ece68eabba6,grass,leaf_turnover_rate,0.04774389188604576,-0.005968212510109479,-0.024028151379494243
bb523eef65a549b58d61393d57c00566,AbvGrndWood,-0.12500473409989907,0.24838417304140945,b3ed7ece68eabba6,grass,psnTOpt,0.02340814193308092,-0.0029261285581174776,-0.011780656240241391
bb523eef65a549b58d61393d57c00566,AbvGrndWood,-0.12500473409989907,0.24838417304140945,b3ed7ece68eabba6,grass,root_respiration_rate,0.00507534233201359,-6.344418186793205e-4,-0.002554276349055257
bb523eef65a549b58d61393d57c00566,AbvGrndWood,-0.12500473409989907,0.24838417304140945,b3ed7ece68eabba6,grass,root_turnover_rate,0.00263459109755855,-3.293363596122678e-4,-0.0013259152367866948
bb523eef65a549b58d61393d57c00566,AbvGrndWood,-0.12500473409989907,0.24838417304140945,b3ed7ece68eabba6,grass,stem_respiration_rate,0.04252249861245394,-0.0053155136323131316,-0.021400371719445078
bb523eef65a549b58d61393d57c00566,AbvGrndWood,-0.12500473409989907,0.24838417304140945,b3ed7ece68eabba6,grass,veg_respiration_Q10,0.04946884046082586,-0.006183839248035864,-0.02489626924419586
bb523eef65a549b58d61393d57c00566,NPP,5.483761767075725e-18,3.675145503310755e-18,b3ed7ece68eabba6,grass,Amax,0.00610507991451077,3.34788038201361e-20,0.00910951791976038
bb523eef65a549b58d61393d57c00566,NPP,5.483761767075725e-18,3.675145503310755e-18,b3ed7ece68eabba6,grass,AmaxFrac,0.04331875865121022,2.375497524886874e-19,0.06463682928327347
bb523eef65a549b58d61393d57c00566,NPP,5.483761767075725e-18,3.675145503310755e-18,b3ed7ece68eabba6,grass,GDD,0.03880475857056738,2.1279605142988149e-19,0.05790139498917366
bb523eef65a549b58d61393d57c00566,NPP,5.483761767075725e-18,3.675145503310755e-18,b3ed7ece68eabba6,grass,SLA,0.17888056426858998,9.809383992090257e-19,0.26691144563537617
bb523eef65a549b58d61393d57c00566,NPP,5.483761767075725e-18,3.675145503310755e-18,b3ed7ece68eabba6,grass,Vm_low_temp,0.1159340628444548,6.357547813281757e-19,0.17298764926598306
bb523eef65a549b58d61393d57c00566,NPP,5.483761767075725e-18,3.675145503310755e-18,b3ed7ece68eabba6,grass,coarse_root_respiration_Q10,0.01763678911487681,9.671594984213878e-20,0.026316223331841474
bb523eef65a549b58d61393d57c00566,NPP,5.483761767075725e-18,3.675145503310755e-18,b3ed7ece68eabba6,grass,dVPDSlope,0.01445416123533587,7.926317675748288e-20,0.021567357451855618
bb523eef65a549b58d61393d57c00566,NPP,5.483761767075725e-18,3.675145503310755e-18,b3ed7ece68eabba6,grass,dVpdExp,0.03839758911909673,2.1056323115918553e-19,0.057293848901900514
bb523eef65a549b58d61393d57c00566,NPP,5.483761767075725e-18,3.675145503310755e-18,b3ed7ece68eabba6,grass,extinction_coefficient,0.00317552035046308,1.7413797088440346e-20,0.0047382605866225225
bb523eef65a549b58d61393d57c00566,NPP,5.483761767075725e-18,3.675145503310755e-18,b3ed7ece68eabba6,grass,fine_root_respiration_Q10,0.02653098488595797,1.4548960056048025e-19,0.03958743958012436
bb523eef65a549b58d61393d57c00566,NPP,5.483761767075725e-18,3.675145503310755e-18,b3ed7ece68eabba6,grass,fracLeafFall,0.01085241000936066,5.95120310899619e-20,0.016193108826943175
bb523eef65a549b58d61393d57c00566,NPP,5.483761767075725e-18,3.675145503310755e-18,b3ed7ece68eabba6,grass,growth_resp_factor,0.0138096201544728,7.572866702093631e-20,0.020605624172625583
bb523eef65a549b58d61393d57c00566,NPP,5.483761767075725e-18,3.675145503310755e-18,b3ed7ece68eabba6,grass,half_saturation_PAR,0.02866960074918865,1.572172604657263e-19,0.04277851321099997
bb523eef65a549b58d61393d57c00566,NPP,5.483761767075725e-18,3.675145503310755e-18,b3ed7ece68eabba6,grass,leafC,0.01671148451714507,9.164179986619807e-20,0.024935556914316058
bb523eef65a549b58d61393d57c00566,NPP,5.483761767075725e-18,3.675145503310755e-18,b3ed7ece68eabba6,grass,leafGrowth,0.05808043519723015,3.1849926994968997e-19,0.0866630367866442
bb523eef65a549b58d61393d57c00566,NPP,5.483761767075725e-18,3.675145503310755e-18,b3ed7ece68eabba6,grass,leaf_respiration_rate_m2,0.3014320728106444,1.6529816762493979e-18,0.44977312456345175
bb523eef65a549b58d61393d57c00566,NPP,5.483761767075725e-18,3.675145503310755e-18,b3ed7ece68eabba6,grass,leaf_turnover_rate,0.01302604661295646,7.143173639227688e-20,0.019436437639796193
bb523eef65a549b58d61393d57c00566,NPP,5.483761767075725e-18,3.675145503310755e-18,b3ed7ece68eabba6,grass,psnTOpt,5.911965073583324e-4,3.2419808038803263e-21,8.821367211066304e-4
bb523eef65a549b58d61393d57c00566,NPP,5.483761767075725e-18,3.675145503310755e-18,b3ed7ece68eabba6,grass,root_respiration_rate,0.0045408364436915,2.490086528045955e-20,0.0067754773948480685
bb523eef65a549b58d61393d57c00566,NPP,5.483761767075725e-18,3.675145503310755e-18,b3ed7ece68eabba6,grass,root_turnover_rate,0.00201630691772694,1.1056946786121292e-20,0.0030085738853497476
bb523eef65a549b58d61393d57c00566,NPP,5.483761767075725e-18,3.675145503310755e-18,b3ed7ece68eabba6,grass,stem_respiration_rate,0.00452800674475438,2.4830510267945082e-20,0.00675633393169781
bb523eef65a549b58d61393d57c00566,NPP,5.483761767075725e-18,3.675145503310755e-18,b3ed7ece68eabba6,grass,veg_respiration_Q10,0.06250371438040707,3.427554792194975e-19,0.0932631045249028
bb523eef65a549b58d61393d57c00566,Qle,0.5623203150935611,0.08582113690003289,b3ed7ece68eabba6,NA,NA,NA,NA,NA
bb523eef65a549b58d61393d57c00566,SoilMoistFrac,-5.529618927378602e-4,5.353625041366113e-5,b3ed7ece68eabba6,NA,NA,NA,NA,NA
bb523eef65a549b58d61393d57c00566,TotSoilCarb,1.0078267650125063,2.308652599279087,b3ed7ece68eabba6,grass,Amax,0.026821073505983454,0.027030995745697946,0.011708559249728087
bb523eef65a549b58d61393d57c00566,TotSoilCarb,1.0078267650125063,2.308652599279087,b3ed7ece68eabba6,grass,AmaxFrac,0.05547698632036044,0.05591119165589193,0.024218105259037705
bb523eef65a549b58d61393d57c00566,TotSoilCarb,1.0078267650125063,2.308652599279087,b3ed7ece68eabba6,grass,GDD,0.032949234128392915,0.0332071200412579,0.01438376655354181
bb523eef65a549b58d61393d57c00566,TotSoilCarb,1.0078267650125063,2.308652599279087,b3ed7ece68eabba6,grass,SLA,0.0046226808697362905,0.004658861506631525,0.0020180002431229053
bb523eef65a549b58d61393d57c00566,TotSoilCarb,1.0078267650125063,2.308652599279087,b3ed7ece68eabba6,grass,Vm_low_temp,0.052459128105785784,0.052869713374230735,0.022900679552540788
bb523eef65a549b58d61393d57c00566,TotSoilCarb,1.0078267650125063,2.308652599279087,b3ed7ece68eabba6,grass,coarse_root_respiration_Q10,0.059895068435363505,0.06036385306141508,0.026146789291842627
bb523eef65a549b58d61393d57c00566,TotSoilCarb,1.0078267650125063,2.308652599279087,b3ed7ece68eabba6,grass,dVPDSlope,0.030014162139248502,0.030249075933359664,0.013102480616964809
bb523eef65a549b58d61393d57c00566,TotSoilCarb,1.0078267650125063,2.308652599279087,b3ed7ece68eabba6,grass,dVpdExp,0.05958886600212258,0.06005525405368292,0.026013118679023475
bb523eef65a549b58d61393d57c00566,TotSoilCarb,1.0078267650125063,2.308652599279087,b3ed7ece68eabba6,grass,extinction_coefficient,0.1260156696484782,0.12700196468271047,0.055011293047021806
bb523eef65a549b58d61393d57c00566,TotSoilCarb,1.0078267650125063,2.308652599279087,b3ed7ece68eabba6,grass,fine_root_respiration_Q10,0.008599162786401812,0.008666466412835269,0.003753906679394513
bb523eef65a549b58d61393d57c00566,TotSoilCarb,1.0078267650125063,2.308652599279087,b3ed7ece68eabba6,grass,fracLeafFall,0.0013704035429983402,0.0013811293695016943,5.982404498333675e-4
bb523eef65a549b58d61393d57c00566,TotSoilCarb,1.0078267650125063,2.308652599279087,b3ed7ece68eabba6,grass,growth_resp_factor,0.042686953424506575,0.04302105417805999,0.018634702419711824
bb523eef65a549b58d61393d57c00566,TotSoilCarb,1.0078267650125063,2.308652599279087,b3ed7ece68eabba6,grass,half_saturation_PAR,0.08613578578740104,0.08680995034192661,0.03760199796584136
bb523eef65a549b58d61393d57c00566,TotSoilCarb,1.0078267650125063,2.308652599279087,b3ed7ece68eabba6,grass,leafC,0.009410092446543892,0.009483743028868952,0.004107912568495753
bb523eef65a549b58d61393d57c00566,TotSoilCarb,1.0078267650125063,2.308652599279087,b3ed7ece68eabba6,grass,leafGrowth,0.09053947619361127,0.09124810739813408,0.03952439939496645
bb523eef65a549b58d61393d57c00566,TotSoilCarb,1.0078267650125063,2.308652599279087,b3ed7ece68eabba6,grass,leaf_respiration_rate_m2,0.06430748674332887,0.06481080633061377,0.028073000827778055
bb523eef65a549b58d61393d57c00566,TotSoilCarb,1.0078267650125063,2.308652599279087,b3ed7ece68eabba6,grass,leaf_turnover_rate,0.018977580738782685,0.019126113803731002,0.00828453523483933
bb523eef65a549b58d61393d57c00566,TotSoilCarb,1.0078267650125063,2.308652599279087,b3ed7ece68eabba6,grass,psnTOpt,0.07098228438432232,0.0715378460442493,0.030986838845562175
bb523eef65a549b58d61393d57c00566,TotSoilCarb,1.0078267650125063,2.308652599279087,b3ed7ece68eabba6,grass,root_respiration_rate,0.011927692686909162,0.012021047934710991,0.0052069540209145155
bb523eef65a549b58d61393d57c00566,TotSoilCarb,1.0078267650125063,2.308652599279087,b3ed7ece68eabba6,grass,root_turnover_rate,0.047381038306003424,0.04775187855887308,0.02068387360392999
bb523eef65a549b58d61393d57c00566,TotSoilCarb,1.0078267650125063,2.308652599279087,b3ed7ece68eabba6,grass,stem_respiration_rate,0.0707726848297257,0.07132660600319213,0.03089533956969748
bb523eef65a549b58d61393d57c00566,TotSoilCarb,1.0078267650125063,2.308652599279087,b3ed7ece68eabba6,grass,veg_respiration_Q10,0.029066488973993342,0.029293985552931393,0.012688780270396204
082846665954a88897908f18fb03a1ae,AbvGrndWood,-7.444898868386922e-5,0.008958601924133466,bfee4301f7c99060,temperate.deciduous,Amax,0.011202394118530341,-8.340069129627085e-7,-9.309565488293297e-5
082846665954a88897908f18fb03a1ae,AbvGrndWood,-7.444898868386922e-5,0.008958601924133466,bfee4301f7c99060,temperate.deciduous,AmaxFrac,0.020873004631098504,-1.5539740855790023e-6,-1.7346167390168e-4
082846665954a88897908f18fb03a1ae,AbvGrndWood,-7.444898868386922e-5,0.008958601924133466,bfee4301f7c99060,temperate.deciduous,GDD,0.043173417841548795,-3.2142172963294235e-6,-3.5878559216597e-4
082846665954a88897908f18fb03a1ae,AbvGrndWood,-7.444898868386922e-5,0.008958601924133466,bfee4301f7c99060,temperate.deciduous,SLA,0.018620245476555723,-1.386258444774964e-6,-1.5474048925430425e-4
082846665954a88897908f18fb03a1ae,AbvGrndWood,-7.444898868386922e-5,0.008958601924133466,bfee4301f7c99060,temperate.deciduous,Vm_low_temp,0.28670390226874587,-2.1344815575627006e-5,-0.002382605651683939
082846665954a88897908f18fb03a1ae,AbvGrndWood,-7.444898868386922e-5,0.008958601924133466,bfee4301f7c99060,temperate.deciduous,coarse_root_respiration_Q10,0.018445002836847794,-1.373211807474417e-6,-1.5328416410323342e-4
082846665954a88897908f18fb03a1ae,AbvGrndWood,-7.444898868386922e-5,0.008958601924133466,bfee4301f7c99060,temperate.deciduous,dVPDSlope,0.0036093147371312104,-2.687098320212039e-7,-2.9994616827133463e-5
082846665954a88897908f18fb03a1ae,AbvGrndWood,-7.444898868386922e-5,0.008958601924133466,bfee4301f7c99060,temperate.deciduous,dVpdExp,0.027117797283072575,-2.0188925830589295e-6,-2.253579967227096e-4
082846665954a88897908f18fb03a1ae,AbvGrndWood,-7.444898868386922e-5,0.008958601924133466,bfee4301f7c99060,temperate.deciduous,extinction_coefficient,0.053240396023502744,-3.963693641078472e-6,-4.424455595465992e-4
082846665954a88897908f18fb03a1ae,AbvGrndWood,-7.444898868386922e-5,0.008958601924133466,bfee4301f7c99060,temperate.deciduous,fine_root_respiration_Q10,0.020400604604729245,-1.518804381361578e-6,-1.6953587113521473e-4
082846665954a88897908f18fb03a1ae,AbvGrndWood,-7.444898868386922e-5,0.008958601924133466,bfee4301f7c99060,temperate.deciduous,fracLeafFall,0.0027014858255118303,-2.0112288765316337e-7,-2.245025388519172e-5
082846665954a88897908f18fb03a1ae,AbvGrndWood,-7.444898868386922e-5,0.008958601924133466,bfee4301f7c99060,temperate.deciduous,growth_resp_factor,0.013684656695789601,-1.0188088514874752e-6,-1.1372408999923513e-4
082846665954a88897908f18fb03a1ae,AbvGrndWood,-7.444898868386922e-5,0.008958601924133466,bfee4301f7c99060,temperate.deciduous,half_saturation_PAR,0.05047785306633155,-3.7580251117213307e-6,-4.194879004052668e-4
082846665954a88897908f18fb03a1ae,AbvGrndWood,-7.444898868386922e-5,0.008958601924133466,bfee4301f7c99060,temperate.deciduous,leafC,0.023534020204744075,-1.7520840039089411e-6,-1.955756064111995e-4
082846665954a88897908f18fb03a1ae,AbvGrndWood,-7.444898868386922e-5,0.008958601924133466,bfee4301f7c99060,temperate.deciduous,leafGrowth,0.009731091880621982,-7.244699493021176e-7,-8.086863948608735e-5
082846665954a88897908f18fb03a1ae,AbvGrndWood,-7.444898868386922e-5,0.008958601924133466,bfee4301f7c99060,temperate.deciduous,leafWHC,0.0029667942974414005,-2.2087483507758256e-7,-2.4655056330002854e-5
082846665954a88897908f18fb03a1ae,AbvGrndWood,-7.444898868386922e-5,0.008958601924133466,bfee4301f7c99060,temperate.deciduous,leaf_allocation_fraction,0.0033508199611891206,-2.4946515737225195e-7,-2.7846438482797286e-5
082846665954a88897908f18fb03a1ae,AbvGrndWood,-7.444898868386922e-5,0.008958601924133466,bfee4301f7c99060,temperate.deciduous,leaf_respiration_rate_m2,0.025296542840132094,-1.8833020316460071e-6,-2.102227610507621e-4
082846665954a88897908f18fb03a1ae,AbvGrndWood,-7.444898868386922e-5,0.008958601924133466,bfee4301f7c99060,temperate.deciduous,leaf_turnover_rate,0.004806279471397441,-3.57822645977581e-7,-3.994179549530458e-5
082846665954a88897908f18fb03a1ae,AbvGrndWood,-7.444898868386922e-5,0.008958601924133466,bfee4301f7c99060,temperate.deciduous,psnTOpt,0.09751057178687231,-7.259563455518474e-6,-8.103455781378148e-4
082846665954a88897908f18fb03a1ae,AbvGrndWood,-7.444898868386922e-5,0.008958601924133466,bfee4301f7c99060,temperate.deciduous,root_allocation_fraction,0.029415138886479623,-2.189927342093963e-6,-2.4444967648295043e-4
082846665954a88897908f18fb03a1ae,AbvGrndWood,-7.444898868386922e-5,0.008958601924133466,bfee4301f7c99060,temperate.deciduous,root_respiration_rate,0.03139665114186059,-2.3374489255717686e-6,-2.609167083621546e-4
082846665954a88897908f18fb03a1ae,AbvGrndWood,-7.444898868386922e-5,0.008958601924133466,bfee4301f7c99060,temperate.deciduous,root_turnover_rate,0.044625213528835445,-3.322302017023518e-6,-3.7085050158034257e-4
082846665954a88897908f18fb03a1ae,AbvGrndWood,-7.444898868386922e-5,0.008958601924133466,bfee4301f7c99060,temperate.deciduous,stem_respiration_rate,0.0673854567793972,-5.0167791092267e-6,-5.59995761806545e-4
082846665954a88897908f18fb03a1ae,AbvGrndWood,-7.444898868386922e-5,0.008958601924133466,bfee4301f7c99060,temperate.deciduous,veg_respiration_Q10,0.020771107777180824,-1.5463879678547632e-6,-1.726148768469071e-4
082846665954a88897908f18fb03a1ae,AbvGrndWood,-7.444898868386922e-5,0.008958601924133466,bfee4301f7c99060,temperate.deciduous,wood_allocation_fraction,0.030544350607464455,-2.273996012731255e-6,-2.538338048714237e-4
082846665954a88897908f18fb03a1ae,AbvGrndWood,-7.444898868386922e-5,0.008958601924133466,bfee4301f7c99060,temperate.deciduous,wood_turnover_rate,0.03142641680021543,-2.339664948733796e-6,-2.611640709730613e-4
082846665954a88897908f18fb03a1ae,AbvGrndWood,-7.444898868386922e-5,0.008958601924133466,bfee4301f7c99060,temperate.deciduous,wueConst,0.006989468626772291,-5.203588707008292e-7,-5.808483010044692e-5
082846665954a88897908f18fb03a1ae,NPP,2.8603260526913337e-18,1.7223688644010921e-18,bfee4301f7c99060,temperate.deciduous,Amax,0.011011010466622681,3.1495080104137816e-20,0.01828590887532642
082846665954a88897908f18fb03a1ae,NPP,2.8603260526913337e-18,1.7223688644010921e-18,bfee4301f7c99060,temperate.deciduous,AmaxFrac,0.020980414151840352,6.001082519476291e-20,0.034842028577676404
082846665954a88897908f18fb03a1ae,NPP,2.8603260526913337e-18,1.7223688644010921e-18,bfee4301f7c99060,temperate.deciduous,GDD,0.0427054422703897,1.221514891177014e-19,0.0709206324164344
082846665954a88897908f18fb03a1ae,NPP,2.8603260526913337e-18,1.7223688644010921e-18,bfee4301f7c99060,temperate.deciduous,SLA,0.017806018630960343,5.0931018984843143e-20,0.02957033190596664
082846665954a88897908f18fb03a1ae,NPP,2.8603260526913337e-18,1.7223688644010921e-18,bfee4301f7c99060,temperate.deciduous,Vm_low_temp,0.2983749133914131,8.534495382429792e-19,0.49550915363286224
082846665954a88897908f18fb03a1ae,NPP,2.8603260526913337e-18,1.7223688644010921e-18,bfee4301f7c99060,temperate.deciduous,coarse_root_respiration_Q10,0.018443867977732863,5.275547608910873e-20,0.030629603901631747
082846665954a88897908f18fb03a1ae,NPP,2.8603260526913337e-18,1.7223688644010921e-18,bfee4301f7c99060,temperate.deciduous,dVPDSlope,0.0044499678463383405,1.2728358964520302e-20,0.007390030804432969
082846665954a88897908f18fb03a1ae,NPP,2.8603260526913337e-18,1.7223688644010921e-18,bfee4301f7c99060,temperate.deciduous,dVpdExp,0.021035762629430015,6.016913988718943e-20,0.03493394541134581
082846665954a88897908f18fb03a1ae,NPP,2.8603260526913337e-18,1.7223688644010921e-18,bfee4301f7c99060,temperate.deciduous,extinction_coefficient,0.05051388897648328,1.444861926621927e-19,0.08388806581941663
082846665954a88897908f18fb03a1ae,NPP,2.8603260526913337e-18,1.7223688644010921e-18,bfee4301f7c99060,temperate.deciduous,fine_root_respiration_Q10,0.018817168472140454,5.382323721874532e-20,0.031249541449102376
082846665954a88897908f18fb03a1ae,NPP,2.8603260526913337e-18,1.7223688644010921e-18,bfee4301f7c99060,temperate.deciduous,fracLeafFall,0.004048209986348591,1.1579200490718103e-20,0.006722834306891899
082846665954a88897908f18fb03a1ae,NPP,2.8603260526913337e-18,1.7223688644010921e-18,bfee4301f7c99060,temperate.deciduous,growth_resp_factor,0.016330719981984473,4.671118382367714e-20,0.02712031365007269
082846665954a88897908f18fb03a1ae,NPP,2.8603260526913337e-18,1.7223688644010921e-18,bfee4301f7c99060,temperate.deciduous,half_saturation_PAR,0.044958494485477285,1.2859595306659033e-19,0.0746622606367807
082846665954a88897908f18fb03a1ae,NPP,2.8603260526913337e-18,1.7223688644010921e-18,bfee4301f7c99060,temperate.deciduous,leafC,0.019877700412982664,5.68567043588476e-20,0.03301075950337618
082846665954a88897908f18fb03a1ae,NPP,2.8603260526913337e-18,1.7223688644010921e-18,bfee4301f7c99060,temperate.deciduous,leafGrowth,0.011427167657050041,3.268542535793202e-20,0.01897701824126826
082846665954a88897908f18fb03a1ae,NPP,2.8603260526913337e-18,1.7223688644010921e-18,bfee4301f7c99060,temperate.deciduous,leafWHC,0.004063271426175341,1.1622281119445599e-20,0.006747846735772792
082846665954a88897908f18fb03a1ae,NPP,2.8603260526913337e-18,1.7223688644010921e-18,bfee4301f7c99060,temperate.deciduous,leaf_allocation_fraction,0.004690621252568091,1.3416706172028168e-20,0.007789682250609813
082846665954a88897908f18fb03a1ae,NPP,2.8603260526913337e-18,1.7223688644010921e-18,bfee4301f7c99060,temperate.deciduous,leaf_respiration_rate_m2,0.020729848820722385,5.929412665026496e-20,0.034425916466437584
082846665954a88897908f18fb03a1ae,NPP,2.8603260526913337e-18,1.7223688644010921e-18,bfee4301f7c99060,temperate.deciduous,leaf_turnover_rate,0.005764764974477061,1.648910744413923e-20,0.009573505295494805
082846665954a88897908f18fb03a1ae,NPP,2.8603260526913337e-18,1.7223688644010921e-18,bfee4301f7c99060,temperate.deciduous,psnTOpt,0.09874395447874693,2.8243990554132693e-19,0.16398340180141255
082846665954a88897908f18fb03a1ae,NPP,2.8603260526913337e-18,1.7223688644010921e-18,bfee4301f7c99060,temperate.deciduous,root_allocation_fraction,0.025224082335477536,7.214909985939766e-20,0.04188945896005011
082846665954a88897908f18fb03a1ae,NPP,2.8603260526913337e-18,1.7223688644010921e-18,bfee4301f7c99060,temperate.deciduous,root_respiration_rate,0.025689433070459167,7.348015469030468e-20,0.04266226370496743
082846665954a88897908f18fb03a1ae,NPP,2.8603260526913337e-18,1.7223688644010921e-18,bfee4301f7c99060,temperate.deciduous,root_turnover_rate,0.037348468329419515,1.0682879699075581e-19,0.0620243428679853
082846665954a88897908f18fb03a1ae,NPP,2.8603260526913337e-18,1.7223688644010921e-18,bfee4301f7c99060,temperate.deciduous,stem_respiration_rate,0.05626921060582339,1.6094828906021214e-19,0.09344588861699937
082846665954a88897908f18fb03a1ae,NPP,2.8603260526913337e-18,1.7223688644010921e-18,bfee4301f7c99060,temperate.deciduous,veg_respiration_Q10,0.019679179619079765,5.628887016004616e-20,0.03268107739489306
082846665954a88897908f18fb03a1ae,NPP,2.8603260526913337e-18,1.7223688644010921e-18,bfee4301f7c99060,temperate.deciduous,wood_allocation_fraction,0.029097426057686296,8.32281258190598e-20,0.04832189407232472
082846665954a88897908f18fb03a1ae,NPP,2.8603260526913337e-18,1.7223688644010921e-18,bfee4301f7c99060,temperate.deciduous,wood_turnover_rate,0.028561739274053678,8.1695886955753e-20,0.04743228273820461
082846665954a88897908f18fb03a1ae,NPP,2.8603260526913337e-18,1.7223688644010921e-18,bfee4301f7c99060,temperate.deciduous,wueConst,0.043357252418116665,1.2401587866465343e-19,0.07200308901762263
082846665954a88897908f18fb03a1ae,Qle,3.3193090135993235,0.0731096135409188,bfee4301f7c99060,NA,NA,NA,NA,NA
082846665954a88897908f18fb03a1ae,SoilMoistFrac,-0.0073417944097172675,2.048901704066897e-4,bfee4301f7c99060,NA,NA,NA,NA,NA
082846665954a88897908f18fb03a1ae,TotSoilCarb,1.4674064557822697,4.498300942315526,bfee4301f7c99060,temperate.deciduous,Amax,0.004049321717063571,0.005942000829158429,0.0013209433751446053
082846665954a88897908f18fb03a1ae,TotSoilCarb,1.4674064557822697,4.498300942315526,bfee4301f7c99060,temperate.deciduous,AmaxFrac,0.0021807602298220103,0.003200061639754044,7.113934084869819e-4
082846665954a88897908f18fb03a1ae,TotSoilCarb,1.4674064557822697,4.498300942315526,bfee4301f7c99060,temperate.deciduous,GDD,0.017864436530640793,0.02621438949397491,0.005827620212639865
082846665954a88897908f18fb03a1ae,TotSoilCarb,1.4674064557822697,4.498300942315526,bfee4301f7c99060,temperate.deciduous,SLA,0.016633372366929203,0.024407917992662325,0.005426030473652172
082846665954a88897908f18fb03a1ae,TotSoilCarb,1.4674064557822697,4.498300942315526,bfee4301f7c99060,temperate.deciduous,Vm_low_temp,0.5404146577599619,0.7930079575963339,0.1762905523142097
082846665954a88897908f18fb03a1ae,TotSoilCarb,1.4674064557822697,4.498300942315526,bfee4301f7c99060,temperate.deciduous,coarse_root_respiration_Q10,0.010608406718139831,0.01556684450376239,0.0034606053937665782
082846665954a88897908f18fb03a1ae,TotSoilCarb,1.4674064557822697,4.498300942315526,bfee4301f7c99060,temperate.deciduous,dVPDSlope,0.010997933689822163,0.01613843889671036,0.003587674347195412
082846665954a88897908f18fb03a1ae,TotSoilCarb,1.4674064557822697,4.498300942315526,bfee4301f7c99060,temperate.deciduous,dVpdExp,0.012326719743155343,0.018088308129724912,0.004021142284983239
082846665954a88897908f18fb03a1ae,TotSoilCarb,1.4674064557822697,4.498300942315526,bfee4301f7c99060,temperate.deciduous,extinction_coefficient,0.005605769973174781,0.008225943048267076,0.0018286777949615628
082846665954a88897908f18fb03a1ae,TotSoilCarb,1.4674064557822697,4.498300942315526,bfee4301f7c99060,temperate.deciduous,fine_root_respiration_Q10,0.05151394405771206,0.07559189407309337,0.016804543547098035
082846665954a88897908f18fb03a1ae,TotSoilCarb,1.4674064557822697,4.498300942315526,bfee4301f7c99060,temperate.deciduous,fracLeafFall,0.014358266298619244,0.021069412660434873,0.004683860179792523
082846665954a88897908f18fb03a1ae,TotSoilCarb,1.4674064557822697,4.498300942315526,bfee4301f7c99060,temperate.deciduous,growth_resp_factor,0.021086395413817394,0.03094231275941329,0.00687866666908363
082846665954a88897908f18fb03a1ae,TotSoilCarb,1.4674064557822697,4.498300942315526,bfee4301f7c99060,temperate.deciduous,half_saturation_PAR,0.023140717262116244,0.03395683790186158,0.007548814171686367
082846665954a88897908f18fb03a1ae,TotSoilCarb,1.4674064557822697,4.498300942315526,bfee4301f7c99060,temperate.deciduous,leafC,0.018184341116831863,0.026683819548986045,0.005931977404617665
082846665954a88897908f18fb03a1ae,TotSoilCarb,1.4674064557822697,4.498300942315526,bfee4301f7c99060,temperate.deciduous,leafGrowth,0.010886336873145011,0.015974681007473557,0.0035512699599974966
082846665954a88897908f18fb03a1ae,TotSoilCarb,1.4674064557822697,4.498300942315526,bfee4301f7c99060,temperate.deciduous,leafWHC,0.013479870111498224,0.019780448424718957,0.004397315492755107
082846665954a88897908f18fb03a1ae,TotSoilCarb,1.4674064557822697,4.498300942315526,bfee4301f7c99060,temperate.deciduous,leaf_allocation_fraction,0.019474150133146805,0.02857649362625277,0.006352730507075158
082846665954a88897908f18fb03a1ae,TotSoilCarb,1.4674064557822697,4.498300942315526,bfee4301f7c99060,temperate.deciduous,leaf_respiration_rate_m2,0.009159555306294791,0.013440790588551722,0.0029879705161818277
082846665954a88897908f18fb03a1ae,TotSoilCarb,1.4674064557822697,4.498300942315526,bfee4301f7c99060,temperate.deciduous,leaf_turnover_rate,0.033041900745812966,0.04848589846572294,0.010778713804942662
082846665954a88897908f18fb03a1ae,TotSoilCarb,1.4674064557822697,4.498300942315526,bfee4301f7c99060,temperate.deciduous,psnTOpt,0.04936462417899244,0.07243796820751904,0.016103406405315157
082846665954a88897908f18fb03a1ae,TotSoilCarb,1.4674064557822697,4.498300942315526,bfee4301f7c99060,temperate.deciduous,root_allocation_fraction,0.0010593444230498103,0.0015544888452802355,3.455724428432869e-4
082846665954a88897908f18fb03a1ae,TotSoilCarb,1.4674064557822697,4.498300942315526,bfee4301f7c99060,temperate.deciduous,root_respiration_rate,0.039248868950593284,0.05759404368025286,0.012803510574062659
082846665954a88897908f18fb03a1ae,TotSoilCarb,1.4674064557822697,4.498300942315526,bfee4301f7c99060,temperate.deciduous,root_turnover_rate,0.003814526025318771,0.005597460115302246,0.001244349852773728
082846665954a88897908f18fb03a1ae,TotSoilCarb,1.4674064557822697,4.498300942315526,bfee4301f7c99060,temperate.deciduous,stem_respiration_rate,0.026396779059730487,0.03873480400410675,0.008610985458915916
082846665954a88897908f18fb03a1ae,TotSoilCarb,1.4674064557822697,4.498300942315526,bfee4301f7c99060,temperate.deciduous,veg_respiration_Q10,0.007356085963665932,0.010794368032372726,0.002399654485281339
082846665954a88897908f18fb03a1ae,TotSoilCarb,1.4674064557822697,4.498300942315526,bfee4301f7c99060,temperate.deciduous,wood_allocation_fraction,0.006199418792865682,0.009097067158749026,0.0020223340491012723
082846665954a88897908f18fb03a1ae,TotSoilCarb,1.4674064557822697,4.498300942315526,bfee4301f7c99060,temperate.deciduous,wood_turnover_rate,0.023737694345206808,0.034832845927542745,0.007743556150249997
082846665954a88897908f18fb03a1ae,TotSoilCarb,1.4674064557822697,4.498300942315526,bfee4301f7c99060,temperate.deciduous,wueConst,0.007815802212872583,0.011468958624286577,0.002549620127990562
afc6188434cf40287da26467d94c54a7,AbvGrndWood,-1.5453406313079497e-8,5.622123959737087e-7,dc9179b07c8ed8a7,grass,Amax,0.02451207469553996,-3.787950498467334e-10,-6.737579117064637e-4
afc6188434cf40287da26467d94c54a7,AbvGrndWood,-1.5453406313079497e-8,5.622123959737087e-7,dc9179b07c8ed8a7,grass,AmaxFrac,0.07027755366824345,-1.0860275915246165e-9,-0.0019317033905730595
afc6188434cf40287da26467d94c54a7,AbvGrndWood,-1.5453406313079497e-8,5.622123959737087e-7,dc9179b07c8ed8a7,grass,GDD,0.06968045751642282,-1.076800422082556e-9,-0.0019152911422694984
afc6188434cf40287da26467d94c54a7,AbvGrndWood,-1.5453406313079497e-8,5.622123959737087e-7,dc9179b07c8ed8a7,grass,SLA,0.02979144663733294,-4.603793295411318e-10,-8.18870826823002e-4
afc6188434cf40287da26467d94c54a7,AbvGrndWood,-1.5453406313079497e-8,5.622123959737087e-7,dc9179b07c8ed8a7,grass,Vm_low_temp,0.24668573236966332,-3.8121348539479946e-9,-0.006780595520925272
afc6188434cf40287da26467d94c54a7,AbvGrndWood,-1.5453406313079497e-8,5.622123959737087e-7,dc9179b07c8ed8a7,grass,coarse_root_respiration_Q10,0.02190837864226915,-3.385590768197781e-10,-6.021907009599455e-4
afc6188434cf40287da26467d94c54a7,AbvGrndWood,-1.5453406313079497e-8,5.622123959737087e-7,dc9179b07c8ed8a7,grass,dVPDSlope,0.0254323416185642,-3.9301630852471444e-10,-6.990530826771266e-4
afc6188434cf40287da26467d94c54a7,AbvGrndWood,-1.5453406313079497e-8,5.622123959737087e-7,dc9179b07c8ed8a7,grass,dVpdExp,0.07989616741408005,-1.2346679379076011e-9,-0.0021960880740974254
afc6188434cf40287da26467d94c54a7,AbvGrndWood,-1.5453406313079497e-8,5.622123959737087e-7,dc9179b07c8ed8a7,grass,extinction_coefficient,0.00554355411142335,-8.56667941023674e-11,-1.5237443129299753e-4
afc6188434cf40287da26467d94c54a7,AbvGrndWood,-1.5453406313079497e-8,5.622123959737087e-7,dc9179b07c8ed8a7,grass,fine_root_respiration_Q10,0.04627636020261826,-7.151273969014818e-10,-0.00127198795690539
afc6188434cf40287da26467d94c54a7,AbvGrndWood,-1.5453406313079497e-8,5.622123959737087e-7,dc9179b07c8ed8a7,grass,fracLeafFall,0.01550169905634497,-2.3955405406077983e-10,-4.2609173290441345e-4
afc6188434cf40287da26467d94c54a7,AbvGrndWood,-1.5453406313079497e-8,5.622123959737087e-7,dc9179b07c8ed8a7,grass,growth_resp_factor,0.02214573170475935,-3.422269901340929e-10,-6.087147714724113e-4
afc6188434cf40287da26467d94c54a7,AbvGrndWood,-1.5453406313079497e-8,5.622123959737087e-7,dc9179b07c8ed8a7,grass,half_saturation_PAR,0.05818172870486211,-8.991058936735947e-10,-0.0015992281566762903
afc6188434cf40287da26467d94c54a7,AbvGrndWood,-1.5453406313079497e-8,5.622123959737087e-7,dc9179b07c8ed8a7,grass,leafC,0.0154053328687597,-2.3806486820918224e-10,-4.234429370716243e-4
afc6188434cf40287da26467d94c54a7,AbvGrndWood,-1.5453406313079497e-8,5.622123959737087e-7,dc9179b07c8ed8a7,grass,leafGrowth,0.07465036835235929,-1.1536024735700589e-9,-0.0020518979692223044
afc6188434cf40287da26467d94c54a7,AbvGrndWood,-1.5453406313079497e-8,5.622123959737087e-7,dc9179b07c8ed8a7,grass,leaf_respiration_rate_m2,0.0232577661147785,-3.5941170970624446e-10,-6.392810124432973e-4
afc6188434cf40287da26467d94c54a7,AbvGrndWood,-1.5453406313079497e-8,5.622123959737087e-7,dc9179b07c8ed8a7,grass,leaf_turnover_rate,0.04774389188604576,-7.378057602828046e-10,-0.0013123256718752736
afc6188434cf40287da26467d94c54a7,AbvGrndWood,-1.5453406313079497e-8,5.622123959737087e-7,dc9179b07c8ed8a7,grass,psnTOpt,0.02340814193308092,-3.6173552832613357e-10,-6.434143589090301e-4
afc6188434cf40287da26467d94c54a7,AbvGrndWood,-1.5453406313079497e-8,5.622123959737087e-7,dc9179b07c8ed8a7,grass,root_respiration_rate,0.00507534233201359,-7.843132723457844e-11,-1.39504798891425e-4
afc6188434cf40287da26467d94c54a7,AbvGrndWood,-1.5453406313079497e-8,5.622123959737087e-7,dc9179b07c8ed8a7,grass,root_turnover_rate,0.00263459109755855,-4.071340669939434e-11,-7.241641591498859e-5
afc6188434cf40287da26467d94c54a7,AbvGrndWood,-1.5453406313079497e-8,5.622123959737087e-7,dc9179b07c8ed8a7,grass,stem_respiration_rate,0.04252249861245394,-6.571174485056099e-10,-0.0011688064034367882
afc6188434cf40287da26467d94c54a7,AbvGrndWood,-1.5453406313079497e-8,5.622123959737087e-7,dc9179b07c8ed8a7,grass,veg_respiration_Q10,0.04946884046082586,-7.644620914780488e-10,-0.001359738947331567
afc6188434cf40287da26467d94c54a7,NPP,9.469178534270527e-18,2.1012784252338325e-18,dc9179b07c8ed8a7,grass,Amax,0.00610507991451077,5.781009167649153e-20,0.027511866577156888
afc6188434cf40287da26467d94c54a7,NPP,9.469178534270527e-18,2.1012784252338325e-18,dc9179b07c8ed8a7,grass,AmaxFrac,0.04331875865121022,4.1019305955128547e-19,0.1952111888769042
afc6188434cf40287da26467d94c54a7,NPP,9.469178534270527e-18,2.1012784252338325e-18,dc9179b07c8ed8a7,grass,GDD,0.03880475857056738,3.674491868839669e-19,0.17486934737983462
afc6188434cf40287da26467d94c54a7,NPP,9.469178534270527e-18,2.1012784252338325e-18,dc9179b07c8ed8a7,grass,SLA,0.17888056426858998,1.6938519993703317e-18,0.8061054541983593
afc6188434cf40287da26467d94c54a7,NPP,9.469178534270527e-18,2.1012784252338325e-18,dc9179b07c8ed8a7,grass,Vm_low_temp,0.1159340628444548,1.0978003392774817e-18,0.522444016030535
afc6188434cf40287da26467d94c54a7,NPP,9.469178534270527e-18,2.1012784252338325e-18,dc9179b07c8ed8a7,grass,coarse_root_respiration_Q10,0.01763678911487681,1.6700590490004756e-19,0.07947823710294982
afc6188434cf40287da26467d94c54a7,NPP,9.469178534270527e-18,2.1012784252338325e-18,dc9179b07c8ed8a7,grass,dVPDSlope,0.01445416123533587,1.368690333005276e-19,0.06513607699812397
afc6188434cf40287da26467d94c54a7,NPP,9.469178534270527e-18,2.1012784252338325e-18,dc9179b07c8ed8a7,grass,dVpdExp,0.03839758911909673,3.635936266542903e-19,0.17303448333546242
afc6188434cf40287da26467d94c54a7,NPP,9.469178534270527e-18,2.1012784252338325e-18,dc9179b07c8ed8a7,grass,extinction_coefficient,0.00317552035046308,3.0069569137744215e-20,0.014310130812102181
afc6188434cf40287da26467d94c54a7,NPP,9.469178534270527e-18,2.1012784252338325e-18,dc9179b07c8ed8a7,grass,fine_root_respiration_Q10,0.02653098488595797,2.51226632575169e-19,0.11955894542971489
afc6188434cf40287da26467d94c54a7,NPP,9.469178534270527e-18,2.1012784252338325e-18,dc9179b07c8ed8a7,grass,fracLeafFall,0.01085241000936066,1.0276340790574057e-19,0.04890518394500955
afc6188434cf40287da26467d94c54a7,NPP,9.469178534270527e-18,2.1012784252338325e-18,dc9179b07c8ed8a7,grass,growth_resp_factor,0.0138096201544728,1.307657587331635e-19,0.062231523991691746
afc6188434cf40287da26467d94c54a7,NPP,9.469178534270527e-18,2.1012784252338325e-18,dc9179b07c8ed8a7,grass,half_saturation_PAR,0.02866960074918865,2.7147756800032335e-19,0.12919638099368627
afc6188434cf40287da26467d94c54a7,NPP,9.469178534270527e-18,2.1012784252338325e-18,dc9179b07c8ed8a7,grass,leafC,0.01671148451714507,1.5824403046554435e-19,0.07530845439862868
afc6188434cf40287da26467d94c54a7,NPP,9.469178534270527e-18,2.1012784252338325e-18,dc9179b07c8ed8a7,grass,leafGrowth,0.05808043519723015,5.499740102307021e-19,0.2617330495693356
afc6188434cf40287da26467d94c54a7,NPP,9.469178534270527e-18,2.1012784252338325e-18,dc9179b07c8ed8a7,grass,leaf_respiration_rate_m2,0.3014320728106444,2.8543141133992243e-18,1.3583702564697457
afc6188434cf40287da26467d94c54a7,NPP,9.469178534270527e-18,2.1012784252338325e-18,dc9179b07c8ed8a7,grass,leaf_turnover_rate,0.01302604661295646,1.233459609738146e-19,0.05870043659734837
afc6188434cf40287da26467d94c54a7,NPP,9.469178534270527e-18,2.1012784252338325e-18,dc9179b07c8ed8a7,grass,psnTOpt,5.911965073583324e-4,5.598145277013229e-21,0.0026641615931454975
afc6188434cf40287da26467d94c54a7,NPP,9.469178534270527e-18,2.1012784252338325e-18,dc9179b07c8ed8a7,grass,root_respiration_rate,0.0045408364436915,4.299799098023687e-20,0.02046277659537289
afc6188434cf40287da26467d94c54a7,NPP,9.469178534270527e-18,2.1012784252338325e-18,dc9179b07c8ed8a7,grass,root_turnover_rate,0.00201630691772694,1.9092770183841108e-20,0.009086263845171515
afc6188434cf40287da26467d94c54a7,NPP,9.469178534270527e-18,2.1012784252338325e-18,dc9179b07c8ed8a7,grass,stem_respiration_rate,0.00452800674475438,4.287650427046034e-20,0.020404960977833765
afc6188434cf40287da26467d94c54a7,NPP,9.469178534270527e-18,2.1012784252338325e-18,dc9179b07c8ed8a7,grass,veg_respiration_Q10,0.06250371438040707,5.918588305231267e-19,0.2816660673881254
afc6188434cf40287da26467d94c54a7,Qle,0.3660534970595876,0.001163608986183837,dc9179b07c8ed8a7,NA,NA,NA,NA,NA
afc6188434cf40287da26467d94c54a7,SoilMoistFrac,-2.4217204268711415e-4,3.539193111412567e-6,dc9179b07c8ed8a7,NA,NA,NA,NA,NA
afc6188434cf40287da26467d94c54a7,TotSoilCarb,2.69603382603056,20.84948530543586,dc9179b07c8ed8a7,grass,Amax,0.026821073505983454,0.07231052142258346,0.0034682161388286514
afc6188434cf40287da26467d94c54a7,TotSoilCarb,2.69603382603056,20.84948530543586,dc9179b07c8ed8a7,grass,AmaxFrac,0.05547698632036044,0.14956783168592638,0.007173694194116686
afc6188434cf40287da26467d94c54a7,TotSoilCarb,2.69603382603056,20.84948530543586,dc9179b07c8ed8a7,grass,GDD,0.032949234128392915,0.08883224975194785,0.0042606447329799355
afc6188434cf40287da26467d94c54a7,TotSoilCarb,2.69603382603056,20.84948530543586,dc9179b07c8ed8a7,grass,SLA,0.0046226808697362905,0.012462903991753408,5.977559546040252e-4
afc6188434cf40287da26467d94c54a7,TotSoilCarb,2.69603382603056,20.84948530543586,dc9179b07c8ed8a7,grass,Vm_low_temp,0.052459128105785784,0.14143158385726892,0.006783456847272628
afc6188434cf40287da26467d94c54a7,TotSoilCarb,2.69603382603056,20.84948530543586,dc9179b07c8ed8a7,grass,coarse_root_respiration_Q10,0.059895068435363505,0.1614791305141553,0.007744993612482827
afc6188434cf40287da26467d94c54a7,TotSoilCarb,2.69603382603056,20.84948530543586,dc9179b07c8ed8a7,grass,dVPDSlope,0.030014162139248502,0.08091919638737971,0.0038811124208559013
afc6188434cf40287da26467d94c54a7,TotSoilCarb,2.69603382603056,20.84948530543586,dc9179b07c8ed8a7,grass,dVpdExp,0.05958886600212258,0.16065359839652488,0.007705398768507701
afc6188434cf40287da26467d94c54a7,TotSoilCarb,2.69603382603056,20.84948530543586,dc9179b07c8ed8a7,grass,extinction_coefficient,0.1260156696484782,0.3397425079821898,0.016295006951256127
afc6188434cf40287da26467d94c54a7,TotSoilCarb,2.69603382603056,20.84948530543586,dc9179b07c8ed8a7,grass,fine_root_respiration_Q10,0.008599162786401812,0.023183633747682487,0.0011119523291847435
afc6188434cf40287da26467d94c54a7,TotSoilCarb,2.69603382603056,20.84948530543586,dc9179b07c8ed8a7,grass,fracLeafFall,0.0013704035429983402,0.00369465430723565,1.772060198662258e-4
afc6188434cf40287da26467d94c54a7,TotSoilCarb,2.69603382603056,20.84948530543586,dc9179b07c8ed8a7,grass,growth_resp_factor,0.042686953424506575,0.11508547036266077,0.005519823088038331
afc6188434cf40287da26467d94c54a7,TotSoilCarb,2.69603382603056,20.84948530543586,dc9179b07c8ed8a7,grass,half_saturation_PAR,0.08613578578740104,0.23222499211455555,0.011138164262213708
afc6188434cf40287da26467d94c54a7,TotSoilCarb,2.69603382603056,20.84948530543586,dc9179b07c8ed8a7,grass,leafC,0.009410092446543892,0.025369927541957,0.0012168131332883586
afc6188434cf40287da26467d94c54a7,TotSoilCarb,2.69603382603056,20.84948530543586,dc9179b07c8ed8a7,grass,leafGrowth,0.09053947619361127,0.2440974904090646,0.011707602697771331
afc6188434cf40287da26467d94c54a7,TotSoilCarb,2.69603382603056,20.84948530543586,dc9179b07c8ed8a7,grass,leaf_respiration_rate_m2,0.06430748674332887,0.17337515952702642,0.008315560647524676
afc6188434cf40287da26467d94c54a7,TotSoilCarb,2.69603382603056,20.84948530543586,dc9179b07c8ed8a7,grass,leaf_turnover_rate,0.018977580738782685,0.05116419960798414,0.0024539790243476496
afc6188434cf40287da26467d94c54a7,TotSoilCarb,2.69603382603056,20.84948530543586,dc9179b07c8ed8a7,grass,psnTOpt,0.07098228438432232,0.19137063974905374,0.009178674530596674
afc6188434cf40287da26467d94c54a7,TotSoilCarb,2.69603382603056,20.84948530543586,dc9179b07c8ed8a7,grass,root_respiration_rate,0.011927692686909162,0.032157462950404433,0.001542362436257377
afc6188434cf40287da26467d94c54a7,TotSoilCarb,2.69603382603056,20.84948530543586,dc9179b07c8ed8a7,grass,root_turnover_rate,0.047381038306003424,0.12774088198543493,0.0061268122504746165
afc6188434cf40287da26467d94c54a7,TotSoilCarb,2.69603382603056,20.84948530543586,dc9179b07c8ed8a7,grass,stem_respiration_rate,0.0707726848297257,0.1908055522599403,0.009151571344075033
afc6188434cf40287da26467d94c54a7,TotSoilCarb,2.69603382603056,20.84948530543586,dc9179b07c8ed8a7,grass,veg_respiration_Q10,0.029066488973993342,0.07836423747783035,0.0037585694001472207
7e6fa2fdadae385ed171e2b09c2fd718,AbvGrndWood,5.705356566574962e-7,1.7184219995084165e-6,e07417e56c78efbc,temperate.deciduous,Amax,0.011202394118530341,6.391365284551782e-9,0.003719322312202788
7e6fa2fdadae385ed171e2b09c2fd718,AbvGrndWood,5.705356566574962e-7,1.7184219995084165e-6,e07417e56c78efbc,temperate.deciduous,AmaxFrac,0.020873004631098504,1.1908793403618744e-8,0.006930075038043888
7e6fa2fdadae385ed171e2b09c2fd718,AbvGrndWood,5.705356566574962e-7,1.7184219995084165e-6,e07417e56c78efbc,temperate.deciduous,GDD,0.043173417841548795,2.4631974298376504e-8,0.014334065965998396
7e6fa2fdadae385ed171e2b09c2fd718,AbvGrndWood,5.705356566574962e-7,1.7184219995084165e-6,e07417e56c78efbc,temperate.deciduous,SLA,0.018620245476555723,1.0623513980090493e-8,0.0061821333660355415
7e6fa2fdadae385ed171e2b09c2fd718,AbvGrndWood,5.705356566574962e-7,1.7184219995084165e-6,e07417e56c78efbc,temperate.deciduous,Vm_low_temp,0.28670390226874587,1.6357479914716556e-7,0.09518895777286306
7e6fa2fdadae385ed171e2b09c2fd718,AbvGrndWood,5.705356566574962e-7,1.7184219995084165e-6,e07417e56c78efbc,temperate.deciduous,coarse_root_respiration_Q10,0.018445002836847794,1.0523531805570337e-8,0.006123950815679019
7e6fa2fdadae385ed171e2b09c2fd718,AbvGrndWood,5.705356566574962e-7,1.7184219995084165e-6,e07417e56c78efbc,temperate.deciduous,dVPDSlope,0.0036093147371312104,2.0592427536327337e-9,0.0011983335608027684
7e6fa2fdadae385ed171e2b09c2fd718,AbvGrndWood,5.705356566574962e-7,1.7184219995084165e-6,e07417e56c78efbc,temperate.deciduous,dVpdExp,0.027117797283072575,1.5471670280002677e-8,0.009003417253985697
7e6fa2fdadae385ed171e2b09c2fd718,AbvGrndWood,5.705356566574962e-7,1.7184219995084165e-6,e07417e56c78efbc,temperate.deciduous,extinction_coefficient,0.053240396023502744,3.037554430597429e-8,0.01767641726808882
7e6fa2fdadae385ed171e2b09c2fd718,AbvGrndWood,5.705356566574962e-7,1.7184219995084165e-6,e07417e56c78efbc,temperate.deciduous,fine_root_respiration_Q10,0.020400604604729245,1.1639272344369141e-8,0.006773232854152676
7e6fa2fdadae385ed171e2b09c2fd718,AbvGrndWood,5.705356566574962e-7,1.7184219995084165e-6,e07417e56c78efbc,temperate.deciduous,fracLeafFall,0.0027014858255118303,1.5412939894093105e-9,8.969240325427767e-4
7e6fa2fdadae385ed171e2b09c2fd718,AbvGrndWood,5.705356566574962e-7,1.7184219995084165e-6,e07417e56c78efbc,temperate.deciduous,growth_resp_factor,0.013684656695789601,7.807584594064722e-9,0.004543461731925111
7e6fa2fdadae385ed171e2b09c2fd718,AbvGrndWood,5.705356566574962e-7,1.7184219995084165e-6,e07417e56c78efbc,temperate.deciduous,half_saturation_PAR,0.05047785306633155,2.879941504586008e-8,0.01675922157310523
7e6fa2fdadae385ed171e2b09c2fd718,AbvGrndWood,5.705356566574962e-7,1.7184219995084165e-6,e07417e56c78efbc,temperate.deciduous,leafC,0.023534020204744075,1.3426997671304445e-8,0.007813562486482054
7e6fa2fdadae385ed171e2b09c2fd718,AbvGrndWood,5.705356566574962e-7,1.7184219995084165e-6,e07417e56c78efbc,temperate.deciduous,leafGrowth,0.009731091880621982,5.5519348961050925e-9,0.0032308332282136266
7e6fa2fdadae385ed171e2b09c2fd718,AbvGrndWood,5.705356566574962e-7,1.7184219995084165e-6,e07417e56c78efbc,temperate.deciduous,leafWHC,0.0029667942974414005,1.6926619326584447e-9,9.850094639981676e-4
7e6fa2fdadae385ed171e2b09c2fd718,AbvGrndWood,5.705356566574962e-7,1.7184219995084165e-6,e07417e56c78efbc,temperate.deciduous,leaf_allocation_fraction,0.0033508199611891206,1.911762266898081e-9,0.0011125103539438932
7e6fa2fdadae385ed171e2b09c2fd718,AbvGrndWood,5.705356566574962e-7,1.7184219995084165e-6,e07417e56c78efbc,temperate.deciduous,leaf_respiration_rate_m2,0.025296542840132094,1.4432579680459249e-8,0.0083987400560444
7e6fa2fdadae385ed171e2b09c2fd718,AbvGrndWood,5.705356566574962e-7,1.7184219995084165e-6,e07417e56c78efbc,temperate.deciduous,leaf_turnover_rate,0.004806279471397441,2.742153814293183e-9,0.0015957394720724142
7e6fa2fdadae385ed171e2b09c2fd718,AbvGrndWood,5.705356566574962e-7,1.7184219995084165e-6,e07417e56c78efbc,temperate.deciduous,psnTOpt,0.09751057178687231,5.5633258105471115e-8,0.03237461934343598
7e6fa2fdadae385ed171e2b09c2fd718,AbvGrndWood,5.705356566574962e-7,1.7184219995084165e-6,e07417e56c78efbc,temperate.deciduous,root_allocation_fraction,0.029415138886479623,1.6782385580269104e-8,0.009766160806292045
7e6fa2fdadae385ed171e2b09c2fd718,AbvGrndWood,5.705356566574962e-7,1.7184219995084165e-6,e07417e56c78efbc,temperate.deciduous,root_respiration_rate,0.03139665114186059,1.791290897606776e-8,0.010424045421434344
7e6fa2fdadae385ed171e2b09c2fd718,AbvGrndWood,5.705356566574962e-7,1.7184219995084165e-6,e07417e56c78efbc,temperate.deciduous,root_turnover_rate,0.044625213528835445,2.5460275504155115e-8,0.014816078653228633
7e6fa2fdadae385ed171e2b09c2fd718,AbvGrndWood,5.705356566574962e-7,1.7184219995084165e-6,e07417e56c78efbc,temperate.deciduous,stem_respiration_rate,0.0673854567793972,3.844580583279871e-8,0.02237273838661096
7e6fa2fdadae385ed171e2b09c2fd718,AbvGrndWood,5.705356566574962e-7,1.7184219995084165e-6,e07417e56c78efbc,temperate.deciduous,veg_respiration_Q10,0.020771107777180824,1.1850657615157489e-8,0.006896244123124336
7e6fa2fdadae385ed171e2b09c2fd718,AbvGrndWood,5.705356566574962e-7,1.7184219995084165e-6,e07417e56c78efbc,temperate.deciduous,wood_allocation_fraction,0.030544350607464455,1.742664113100653e-8,0.010141071946234226
7e6fa2fdadae385ed171e2b09c2fd718,AbvGrndWood,5.705356566574962e-7,1.7184219995084165e-6,e07417e56c78efbc,temperate.deciduous,wood_turnover_rate,0.03142641680021543,1.7929891345503082e-8,0.010433927958692468
7e6fa2fdadae385ed171e2b09c2fd718,AbvGrndWood,5.705356566574962e-7,1.7184219995084165e-6,e07417e56c78efbc,temperate.deciduous,wueConst,0.006989468626772291,3.987741072662497e-9,0.002320583112764651
7e6fa2fdadae385ed171e2b09c2fd718,NPP,1.8870447998790296e-17,3.3643410696302213e-18,e07417e56c78efbc,temperate.deciduous,Amax,0.011011010466622681,2.07782700424539e-19,0.061760296035436334
7e6fa2fdadae385ed171e2b09c2fd718,NPP,1.8870447998790296e-17,3.3643410696302213e-18,e07417e56c78efbc,temperate.deciduous,AmaxFrac,0.020980414151840352,3.9590981424538737e-19,0.11767826330666953
7e6fa2fdadae385ed171e2b09c2fd718,NPP,1.8870447998790296e-17,3.3643410696302213e-18,e07417e56c78efbc,temperate.deciduous,GDD,0.0427054422703897,8.058708276287298e-19,0.2395330351322864
7e6fa2fdadae385ed171e2b09c2fd718,NPP,1.8870447998790296e-17,3.3643410696302213e-18,e07417e56c78efbc,temperate.deciduous,SLA,0.017806018630960343,3.3600754864102834e-19,0.0998732119267442
7e6fa2fdadae385ed171e2b09c2fd718,NPP,1.8870447998790296e-17,3.3643410696302213e-18,e07417e56c78efbc,temperate.deciduous,Vm_low_temp,0.2983749133914131,5.630468287296219e-18,1.6735723788893586
7e6fa2fdadae385ed171e2b09c2fd718,NPP,1.8870447998790296e-17,3.3643410696302213e-18,e07417e56c78efbc,temperate.deciduous,coarse_root_respiration_Q10,0.018443867977732863,3.4804405157036154e-19,0.10345088216891621
7e6fa2fdadae385ed171e2b09c2fd718,NPP,1.8870447998790296e-17,3.3643410696302213e-18,e07417e56c78efbc,temperate.deciduous,dVPDSlope,0.0044499678463383405,8.39728868406165e-20,0.024959683070969393
7e6fa2fdadae385ed171e2b09c2fd718,NPP,1.8870447998790296e-17,3.3643410696302213e-18,e07417e56c78efbc,temperate.deciduous,dVpdExp,0.021035762629430015,3.969542648135553e-19,0.11798871059680789
7e6fa2fdadae385ed171e2b09c2fd718,NPP,1.8870447998790296e-17,3.3643410696302213e-18,e07417e56c78efbc,temperate.deciduous,extinction_coefficient,0.05051388897648328,9.532197151473942e-19,0.28333028531264925
7e6fa2fdadae385ed171e2b09c2fd718,NPP,1.8870447998790296e-17,3.3643410696302213e-18,e07417e56c78efbc,temperate.deciduous,fine_root_respiration_Q10,0.018817168472140454,3.5508839913800267e-19,0.10554470899023055
7e6fa2fdadae385ed171e2b09c2fd718,NPP,1.8870447998790296e-17,3.3643410696302213e-18,e07417e56c78efbc,temperate.deciduous,fracLeafFall,0.004048209986348591,7.639153603557466e-20,0.02270624007927084
7e6fa2fdadae385ed171e2b09c2fd718,NPP,1.8870447998790296e-17,3.3643410696302213e-18,e07417e56c78efbc,temperate.deciduous,growth_resp_factor,0.016330719981984473,3.081680022028436e-19,0.09159832366125552
7e6fa2fdadae385ed171e2b09c2fd718,NPP,1.8870447998790296e-17,3.3643410696302213e-18,e07417e56c78efbc,temperate.deciduous,half_saturation_PAR,0.044958494485477285,8.483869322920994e-19,0.25217031054028854
7e6fa2fdadae385ed171e2b09c2fd718,NPP,1.8870447998790296e-17,3.3643410696302213e-18,e07417e56c78efbc,temperate.deciduous,leafC,0.019877700412982664,3.7510111197872174e-19,0.11149318818021905
7e6fa2fdadae385ed171e2b09c2fd718,NPP,1.8870447998790296e-17,3.3643410696302213e-18,e07417e56c78efbc,temperate.deciduous,leafGrowth,0.011427167657050041,2.1563577304582116e-19,0.06409450426782144
7e6fa2fdadae385ed171e2b09c2fd718,NPP,1.8870447998790296e-17,3.3643410696302213e-18,e07417e56c78efbc,temperate.deciduous,leafWHC,0.004063271426175341,7.667575215261226e-20,0.02279071906376002
7e6fa2fdadae385ed171e2b09c2fd718,NPP,1.8870447998790296e-17,3.3643410696302213e-18,e07417e56c78efbc,temperate.deciduous,leaf_allocation_fraction,0.004690621252568091,8.851412442860678e-20,0.026309497936347896
7e6fa2fdadae385ed171e2b09c2fd718,NPP,1.8870447998790296e-17,3.3643410696302213e-18,e07417e56c78efbc,temperate.deciduous,leaf_respiration_rate_m2,0.020729848820722385,3.911815341942261e-19,0.1162728528701822
7e6fa2fdadae385ed171e2b09c2fd718,NPP,1.8870447998790296e-17,3.3643410696302213e-18,e07417e56c78efbc,temperate.deciduous,leaf_turnover_rate,0.005764764974477061,1.0878369767611705e-19,0.032334325035622384
7e6fa2fdadae385ed171e2b09c2fd718,NPP,1.8870447998790296e-17,3.3643410696302213e-18,e07417e56c78efbc,temperate.deciduous,psnTOpt,0.09874395447874693,1.86334265818611e-18,0.5538507005150082
7e6fa2fdadae385ed171e2b09c2fd718,NPP,1.8870447998790296e-17,3.3643410696302213e-18,e07417e56c78efbc,temperate.deciduous,root_allocation_fraction,0.025224082335477536,4.759897340288337e-19,0.14148082021932168
7e6fa2fdadae385ed171e2b09c2fd718,NPP,1.8870447998790296e-17,3.3643410696302213e-18,e07417e56c78efbc,temperate.deciduous,root_respiration_rate,0.025689433070459167,4.847711108745035e-19,0.1440909529805149
7e6fa2fdadae385ed171e2b09c2fd718,NPP,1.8870447998790296e-17,3.3643410696302213e-18,e07417e56c78efbc,temperate.deciduous,root_turnover_rate,0.037348468329419515,7.047823294447773e-19,0.20948599290566006
7e6fa2fdadae385ed171e2b09c2fd718,NPP,1.8870447998790296e-17,3.3643410696302213e-18,e07417e56c78efbc,temperate.deciduous,stem_respiration_rate,0.05626921060582339,1.0618252126701698e-18,0.315611643021341
7e6fa2fdadae385ed171e2b09c2fd718,NPP,1.8870447998790296e-17,3.3643410696302213e-18,e07417e56c78efbc,temperate.deciduous,veg_respiration_Q10,0.019679179619079765,3.7135493566069853e-19,0.11037969337083728
7e6fa2fdadae385ed171e2b09c2fd718,NPP,1.8870447998790296e-17,3.3643410696302213e-18,e07417e56c78efbc,temperate.deciduous,wood_allocation_fraction,0.029097426057686296,5.49081465320215e-19,0.1632062427548599
7e6fa2fdadae385ed171e2b09c2fd718,NPP,1.8870447998790296e-17,3.3643410696302213e-18,e07417e56c78efbc,temperate.deciduous,wood_turnover_rate,0.028561739274053678,5.389728157260364e-19,0.16020159804584722
7e6fa2fdadae385ed171e2b09c2fd718,NPP,1.8870447998790296e-17,3.3643410696302213e-18,e07417e56c78efbc,temperate.deciduous,wueConst,0.043357252418116665,8.181707771264954e-19,0.24318901092166065
7e6fa2fdadae385ed171e2b09c2fd718,Qle,0.3755672402839809,0.009600800784824252,e07417e56c78efbc,NA,NA,NA,NA,NA
7e6fa2fdadae385ed171e2b09c2fd718,SoilMoistFrac,-0.0016896320351631757,2.8981836537009354e-6,e07417e56c78efbc,NA,NA,NA,NA,NA
7e6fa2fdadae385ed171e2b09c2fd718,TotSoilCarb,0.46232799841858385,1.9946304870639215,e07417e56c78efbc,temperate.deciduous,Amax,0.004049321717063571,0.0018721148044029037,9.385772535536846e-4
7e6fa2fdadae385ed171e2b09c2fd718,TotSoilCarb,0.46232799841858385,1.9946304870639215,e07417e56c78efbc,temperate.deciduous,AmaxFrac,0.0021807602298220103,0.0010082265120844609,5.0547032075528e-4
7e6fa2fdadae385ed171e2b09c2fd718,TotSoilCarb,0.46232799841858385,1.9946304870639215,e07417e56c78efbc,temperate.deciduous,GDD,0.017864436530640793,0.008259229184086989,0.004140731447579798
7e6fa2fdadae385ed171e2b09c2fd718,TotSoilCarb,0.46232799841858385,1.9946304870639215,e07417e56c78efbc,temperate.deciduous,SLA,0.016633372366929203,0.007690073753353361,0.003855387653616526
7e6fa2fdadae385ed171e2b09c2fd718,TotSoilCarb,0.46232799841858385,1.9946304870639215,e07417e56c78efbc,temperate.deciduous,Vm_low_temp,0.5404146577599619,0.2498488270382272,0.12526070801514844
7e6fa2fdadae385ed171e2b09c2fd718,TotSoilCarb,0.46232799841858385,1.9946304870639215,e07417e56c78efbc,temperate.deciduous,coarse_root_respiration_Q10,0.010608406718139831,0.004904563444407846,0.0024588832248459815
7e6fa2fdadae385ed171e2b09c2fd718,TotSoilCarb,0.46232799841858385,1.9946304870639215,e07417e56c78efbc,temperate.deciduous,dVPDSlope,0.010997933689822163,0.005084652669555791,0.0025491702360572834
7e6fa2fdadae385ed171e2b09c2fd718,TotSoilCarb,0.46232799841858385,1.9946304870639215,e07417e56c78efbc,temperate.deciduous,dVpdExp,0.012326719743155343,0.00569898766591985,0.0028571646241649044
7e6fa2fdadae385ed171e2b09c2fd718,TotSoilCarb,0.46232799841858385,1.9946304870639215,e07417e56c78efbc,temperate.deciduous,extinction_coefficient,0.005605769973174781,0.002591704411292895,0.001299340618776895
7e6fa2fdadae385ed171e2b09c2fd718,TotSoilCarb,0.46232799841858385,1.9946304870639215,e07417e56c78efbc,temperate.deciduous,fine_root_respiration_Q10,0.05151394405771206,0.02381633864684892,0.011940225922198934
7e6fa2fdadae385ed171e2b09c2fd718,TotSoilCarb,0.46232799841858385,1.9946304870639215,e07417e56c78efbc,temperate.deciduous,fracLeafFall,0.014358266298619244,0.006638228518601644,0.0033280492610804607
7e6fa2fdadae385ed171e2b09c2fd718,TotSoilCarb,0.46232799841858385,1.9946304870639215,e07417e56c78efbc,temperate.deciduous,growth_resp_factor,0.021086395413817394,0.009748830985533002,0.00488753734025353
7e6fa2fdadae385ed171e2b09c2fd718,TotSoilCarb,0.46232799841858385,1.9946304870639215,e07417e56c78efbc,temperate.deciduous,half_saturation_PAR,0.023140717262116244,0.010698601493764575,0.005363700977774997
7e6fa2fdadae385ed171e2b09c2fd718,TotSoilCarb,0.46232799841858385,1.9946304870639215,e07417e56c78efbc,temperate.deciduous,leafC,0.018184341116831863,0.00840713003110563,0.0042148809444303905
7e6fa2fdadae385ed171e2b09c2fd718,TotSoilCarb,0.46232799841858385,1.9946304870639215,e07417e56c78efbc,temperate.deciduous,leafGrowth,0.010886336873145011,0.005033058336671558,0.002523303624061304
7e6fa2fdadae385ed171e2b09c2fd718,TotSoilCarb,0.46232799841858385,1.9946304870639215,e07417e56c78efbc,temperate.deciduous,leafWHC,0.013479870111498224,0.006232121367591466,0.0031244490686418284
7e6fa2fdadae385ed171e2b09c2fd718,TotSoilCarb,0.46232799841858385,1.9946304870639215,e07417e56c78efbc,temperate.deciduous,leaf_allocation_fraction,0.019474150133146805,0.00900344485196076,0.004513840989773374
7e6fa2fdadae385ed171e2b09c2fd718,TotSoilCarb,0.46232799841858385,1.9946304870639215,e07417e56c78efbc,temperate.deciduous,leaf_respiration_rate_m2,0.009159555306294791,0.004234718871163589,0.0021230593328577154
7e6fa2fdadae385ed171e2b09c2fd718,TotSoilCarb,0.46232799841858385,1.9946304870639215,e07417e56c78efbc,temperate.deciduous,leaf_turnover_rate,0.033041900745812966,0.015276195835757221,0.0076586595536517876
7e6fa2fdadae385ed171e2b09c2fd718,TotSoilCarb,0.46232799841858385,1.9946304870639215,e07417e56c78efbc,temperate.deciduous,psnTOpt,0.04936462417899244,0.022822647889359202,0.011442043043748889
7e6fa2fdadae385ed171e2b09c2fd718,TotSoilCarb,0.46232799841858385,1.9946304870639215,e07417e56c78efbc,temperate.deciduous,root_allocation_fraction,0.0010593444230498103,4.897645867445083e-4,2.4554151253620786e-4
7e6fa2fdadae385ed171e2b09c2fd718,TotSoilCarb,0.46232799841858385,1.9946304870639215,e07417e56c78efbc,temperate.deciduous,root_respiration_rate,0.039248868950593284,0.018145851022121098,0.009097349679454478
7e6fa2fdadae385ed171e2b09c2fd718,TotSoilCarb,0.46232799841858385,1.9946304870639215,e07417e56c78efbc,temperate.deciduous,root_turnover_rate,0.003814526025318771,0.0017635621822012237,8.841548315032383e-4
7e6fa2fdadae385ed171e2b09c2fd718,TotSoilCarb,0.46232799841858385,1.9946304870639215,e07417e56c78efbc,temperate.deciduous,stem_respiration_rate,0.026396779059730487,0.012203970027382783,0.006118411458428533
7e6fa2fdadae385ed171e2b09c2fd718,TotSoilCarb,0.46232799841858385,1.9946304870639215,e07417e56c78efbc,temperate.deciduous,veg_respiration_Q10,0.007356085963665932,0.0034009244997767096,0.001705039866698739
7e6fa2fdadae385ed171e2b09c2fd718,TotSoilCarb,0.46232799841858385,1.9946304870639215,e07417e56c78efbc,temperate.deciduous,wood_allocation_fraction,0.006199418792865682,0.002866164881864144,0.001436940275631259
7e6fa2fdadae385ed171e2b09c2fd718,TotSoilCarb,0.46232799841858385,1.9946304870639215,e07417e56c78efbc,temperate.deciduous,wood_turnover_rate,0.023737694345206808,0.0109746007136916,0.00550207208045141
7e6fa2fdadae385ed171e2b09c2fd718,TotSoilCarb,0.46232799841858385,1.9946304870639215,e07417e56c78efbc,temperate.deciduous,wueConst,0.007815802212872583,0.0036134641931129196,0.0018115957900713263
